3,0,9KxGWjDP9C96sYIxymHZVIvy8VE=,5NmIye3bvVcZraf5SdfwHw5H5VI=
3,1,9KxGWjDP9C96sYIxymHZVIvy8VE=,5NmIye3bvVcZraf5SdfwHw5H5VI=
3,3,9KxGWjDP9C96sYIxymHZVIvy8VE=,WK9jI5Q2o6QTfx1Rq7uklvyP4ZU=
3,2,9KxGWjDP9C96sYIxymHZVIvy8VE=,WK9jI5Q2o6QTfx1Rq7uklvyP4ZU=
2,3,9KxGWjDP9C96sYIxymHZVIvy8VE=,WK9jI5Q2o6QTfx1Rq7uklvyP4ZU=
0,3,9KxGWjDP9C96sYIxymHZVIvy8VE=,THazWeiNrOvR/oz6CzHI5D2/trk=
1,3,9KxGWjDP9C96sYIxymHZVIvy8VE=,THazWeiNrOvR/oz6CzHI5D2/trk=
2,2,9KxGWjDP9C96sYIxymHZVIvy8VE=,WK9jI5Q2o6QTfx1Rq7uklvyP4ZU=
0,1,9KxGWjDP9C96sYIxymHZVIvy8VE=,Esn2qZ72OSG/aydAWEEdtC2dpt8=
1,1,9KxGWjDP9C96sYIxymHZVIvy8VE=,Esn2qZ72OSG/aydAWEEdtC2dpt8=
1,2,9KxGWjDP9C96sYIxymHZVIvy8VE=,THazWeiNrOvR/oz6CzHI5D2/trk=
0,2,9KxGWjDP9C96sYIxymHZVIvy8VE=,THazWeiNrOvR/oz6CzHI5D2/trk=
2,0,9KxGWjDP9C96sYIxymHZVIvy8VE=,5NmIye3bvVcZraf5SdfwHw5H5VI=
2,1,9KxGWjDP9C96sYIxymHZVIvy8VE=,5NmIye3bvVcZraf5SdfwHw5H5VI=
1,0,9KxGWjDP9C96sYIxymHZVIvy8VE=,Esn2qZ72OSG/aydAWEEdtC2dpt8=
0,0,9KxGWjDP9C96sYIxymHZVIvy8VE=,Esn2qZ72OSG/aydAWEEdtC2dpt8=
