26,-46,D4f270URwO/hfMudlRkbJILBT40=,QAwo5xLV25Jrnld2bwfImq2KLbQ=
25,-45,D4f270URwO/hfMudlRkbJILBT40=,QAwo5xLV25Jrnld2bwfImq2KLbQ=
26,-45,D4f270URwO/hfMudlRkbJILBT40=,QAwo5xLV25Jrnld2bwfImq2KLbQ=
25,-46,D4f270URwO/hfMudlRkbJILBT40=,QAwo5xLV25Jrnld2bwfImq2KLbQ=
25,-47,D4f270URwO/hfMudlRkbJILBT40=,QAwo5xLV25Jrnld2bwfImq2KLbQ=
26,-47,D4f270URwO/hfMudlRkbJILBT40=,QAwo5xLV25Jrnld2bwfImq2KLbQ=
28,-46,D4f270URwO/hfMudlRkbJILBT40=,2TaTwrFLWERdIK30JGMXMK0Smik=
29,-46,D4f270URwO/hfMudlRkbJILBT40=,2TaTwrFLWERdIK30JGMXMK0Smik=
28,-47,D4f270URwO/hfMudlRkbJILBT40=,2TaTwrFLWERdIK30JGMXMK0Smik=
27,-46,D4f270URwO/hfMudlRkbJILBT40=,QAwo5xLV25Jrnld2bwfImq2KLbQ=
27,-47,D4f270URwO/hfMudlRkbJILBT40=,QAwo5xLV25Jrnld2bwfImq2KLbQ=
30,-46,D4f270URwO/hfMudlRkbJILBT40=,2TaTwrFLWERdIK30JGMXMK0Smik=
29,-47,D4f270URwO/hfMudlRkbJILBT40=,2TaTwrFLWERdIK30JGMXMK0Smik=
30,-47,D4f270URwO/hfMudlRkbJILBT40=,2TaTwrFLWERdIK30JGMXMK0Smik=
23,-42,D4f270URwO/hfMudlRkbJILBT40=,f9TPlU88g16lqAzOn8QvXXe7DFU=
23,-43,D4f270URwO/hfMudlRkbJILBT40=,f9TPlU88g16lqAzOn8QvXXe7DFU=
21,-43,D4f270URwO/hfMudlRkbJILBT40=,f9TPlU88g16lqAzOn8QvXXe7DFU=
21,-42,D4f270URwO/hfMudlRkbJILBT40=,f9TPlU88g16lqAzOn8QvXXe7DFU=
22,-43,D4f270URwO/hfMudlRkbJILBT40=,f9TPlU88g16lqAzOn8QvXXe7DFU=
22,-42,D4f270URwO/hfMudlRkbJILBT40=,f9TPlU88g16lqAzOn8QvXXe7DFU=
17,-43,WRMBWhNNcURtqkP05fLlol4/iK4=,amNf9tcVUS12bg/RQGF/6bLJlPE=
18,-43,WRMBWhNNcURtqkP05fLlol4/iK4=,amNf9tcVUS12bg/RQGF/6bLJlPE=
20,-42,WRMBWhNNcURtqkP05fLlol4/iK4=,f9TPlU88g16lqAzOn8QvXXe7DFU=
19,-43,WRMBWhNNcURtqkP05fLlol4/iK4=,amNf9tcVUS12bg/RQGF/6bLJlPE=
19,-42,WRMBWhNNcURtqkP05fLlol4/iK4=,amNf9tcVUS12bg/RQGF/6bLJlPE=
18,-42,WRMBWhNNcURtqkP05fLlol4/iK4=,amNf9tcVUS12bg/RQGF/6bLJlPE=
17,-42,WRMBWhNNcURtqkP05fLlol4/iK4=,amNf9tcVUS12bg/RQGF/6bLJlPE=
20,-43,XiUwsdg4uxUWgZDdiWe9Hu/+H8Y=,f9TPlU88g16lqAzOn8QvXXe7DFU=
24,-45,XiUwsdg4uxUWgZDdiWe9Hu/+H8Y=,QAwo5xLV25Jrnld2bwfImq2KLbQ=
24,-46,XiUwsdg4uxUWgZDdiWe9Hu/+H8Y=,QAwo5xLV25Jrnld2bwfImq2KLbQ=
23,-45,XiUwsdg4uxUWgZDdiWe9Hu/+H8Y=,FnkroajtXS+N4g1AnDl8YvKPAfM=
23,-46,XiUwsdg4uxUWgZDdiWe9Hu/+H8Y=,FnkroajtXS+N4g1AnDl8YvKPAfM=
22,-44,XiUwsdg4uxUWgZDdiWe9Hu/+H8Y=,f9TPlU88g16lqAzOn8QvXXe7DFU=
23,-44,XiUwsdg4uxUWgZDdiWe9Hu/+H8Y=,f9TPlU88g16lqAzOn8QvXXe7DFU=
21,-44,XiUwsdg4uxUWgZDdiWe9Hu/+H8Y=,f9TPlU88g16lqAzOn8QvXXe7DFU=
22,-45,XiUwsdg4uxUWgZDdiWe9Hu/+H8Y=,FnkroajtXS+N4g1AnDl8YvKPAfM=
22,-46,XiUwsdg4uxUWgZDdiWe9Hu/+H8Y=,FnkroajtXS+N4g1AnDl8YvKPAfM=
24,-47,XiUwsdg4uxUWgZDdiWe9Hu/+H8Y=,QAwo5xLV25Jrnld2bwfImq2KLbQ=
23,-47,XiUwsdg4uxUWgZDdiWe9Hu/+H8Y=,FnkroajtXS+N4g1AnDl8YvKPAfM=
21,-45,XiUwsdg4uxUWgZDdiWe9Hu/+H8Y=,FnkroajtXS+N4g1AnDl8YvKPAfM=
22,-47,XiUwsdg4uxUWgZDdiWe9Hu/+H8Y=,FnkroajtXS+N4g1AnDl8YvKPAfM=
21,-47,XiUwsdg4uxUWgZDdiWe9Hu/+H8Y=,FnkroajtXS+N4g1AnDl8YvKPAfM=
21,-46,XiUwsdg4uxUWgZDdiWe9Hu/+H8Y=,FnkroajtXS+N4g1AnDl8YvKPAfM=
18,-46,XiUwsdg4uxUWgZDdiWe9Hu/+H8Y=,UUBK8Y/PCsKFp1twxWF10JK9KHo=
20,-44,XiUwsdg4uxUWgZDdiWe9Hu/+H8Y=,f9TPlU88g16lqAzOn8QvXXe7DFU=
20,-45,XiUwsdg4uxUWgZDdiWe9Hu/+H8Y=,FnkroajtXS+N4g1AnDl8YvKPAfM=
19,-46,XiUwsdg4uxUWgZDdiWe9Hu/+H8Y=,UUBK8Y/PCsKFp1twxWF10JK9KHo=
19,-47,XiUwsdg4uxUWgZDdiWe9Hu/+H8Y=,UUBK8Y/PCsKFp1twxWF10JK9KHo=
18,-47,XiUwsdg4uxUWgZDdiWe9Hu/+H8Y=,UUBK8Y/PCsKFp1twxWF10JK9KHo=
17,-44,XiUwsdg4uxUWgZDdiWe9Hu/+H8Y=,amNf9tcVUS12bg/RQGF/6bLJlPE=
17,-46,XiUwsdg4uxUWgZDdiWe9Hu/+H8Y=,UUBK8Y/PCsKFp1twxWF10JK9KHo=
19,-45,XiUwsdg4uxUWgZDdiWe9Hu/+H8Y=,UUBK8Y/PCsKFp1twxWF10JK9KHo=
20,-46,XiUwsdg4uxUWgZDdiWe9Hu/+H8Y=,FnkroajtXS+N4g1AnDl8YvKPAfM=
18,-44,XiUwsdg4uxUWgZDdiWe9Hu/+H8Y=,amNf9tcVUS12bg/RQGF/6bLJlPE=
17,-45,XiUwsdg4uxUWgZDdiWe9Hu/+H8Y=,UUBK8Y/PCsKFp1twxWF10JK9KHo=
19,-44,XiUwsdg4uxUWgZDdiWe9Hu/+H8Y=,amNf9tcVUS12bg/RQGF/6bLJlPE=
17,-47,XiUwsdg4uxUWgZDdiWe9Hu/+H8Y=,UUBK8Y/PCsKFp1twxWF10JK9KHo=
18,-45,XiUwsdg4uxUWgZDdiWe9Hu/+H8Y=,UUBK8Y/PCsKFp1twxWF10JK9KHo=
20,-47,XiUwsdg4uxUWgZDdiWe9Hu/+H8Y=,FnkroajtXS+N4g1AnDl8YvKPAfM=
21,-38,XiUwsdg4uxUWgZDdiWe9Hu/+H8Y=,C89nxW0TfqFebC3d8259mN6tPYY=
22,-38,XiUwsdg4uxUWgZDdiWe9Hu/+H8Y=,C89nxW0TfqFebC3d8259mN6tPYY=
21,-41,XiUwsdg4uxUWgZDdiWe9Hu/+H8Y=,f9TPlU88g16lqAzOn8QvXXe7DFU=
22,-40,XiUwsdg4uxUWgZDdiWe9Hu/+H8Y=,C89nxW0TfqFebC3d8259mN6tPYY=
21,-40,XiUwsdg4uxUWgZDdiWe9Hu/+H8Y=,C89nxW0TfqFebC3d8259mN6tPYY=
21,-39,XiUwsdg4uxUWgZDdiWe9Hu/+H8Y=,C89nxW0TfqFebC3d8259mN6tPYY=
22,-41,XiUwsdg4uxUWgZDdiWe9Hu/+H8Y=,f9TPlU88g16lqAzOn8QvXXe7DFU=
19,-41,XiUwsdg4uxUWgZDdiWe9Hu/+H8Y=,amNf9tcVUS12bg/RQGF/6bLJlPE=
22,-39,XiUwsdg4uxUWgZDdiWe9Hu/+H8Y=,C89nxW0TfqFebC3d8259mN6tPYY=
18,-41,XiUwsdg4uxUWgZDdiWe9Hu/+H8Y=,amNf9tcVUS12bg/RQGF/6bLJlPE=
20,-41,XiUwsdg4uxUWgZDdiWe9Hu/+H8Y=,f9TPlU88g16lqAzOn8QvXXe7DFU=
20,-38,XiUwsdg4uxUWgZDdiWe9Hu/+H8Y=,C89nxW0TfqFebC3d8259mN6tPYY=
20,-40,XiUwsdg4uxUWgZDdiWe9Hu/+H8Y=,C89nxW0TfqFebC3d8259mN6tPYY=
19,-40,XiUwsdg4uxUWgZDdiWe9Hu/+H8Y=,xNV7kmdYNPKjofrEYcB9d77usmk=
18,-38,XiUwsdg4uxUWgZDdiWe9Hu/+H8Y=,xNV7kmdYNPKjofrEYcB9d77usmk=
17,-41,XiUwsdg4uxUWgZDdiWe9Hu/+H8Y=,amNf9tcVUS12bg/RQGF/6bLJlPE=
20,-39,XiUwsdg4uxUWgZDdiWe9Hu/+H8Y=,C89nxW0TfqFebC3d8259mN6tPYY=
18,-39,XiUwsdg4uxUWgZDdiWe9Hu/+H8Y=,xNV7kmdYNPKjofrEYcB9d77usmk=
17,-40,XiUwsdg4uxUWgZDdiWe9Hu/+H8Y=,xNV7kmdYNPKjofrEYcB9d77usmk=
18,-40,XiUwsdg4uxUWgZDdiWe9Hu/+H8Y=,xNV7kmdYNPKjofrEYcB9d77usmk=
19,-39,XiUwsdg4uxUWgZDdiWe9Hu/+H8Y=,xNV7kmdYNPKjofrEYcB9d77usmk=
17,-39,XiUwsdg4uxUWgZDdiWe9Hu/+H8Y=,xNV7kmdYNPKjofrEYcB9d77usmk=
17,-38,XiUwsdg4uxUWgZDdiWe9Hu/+H8Y=,xNV7kmdYNPKjofrEYcB9d77usmk=
19,-38,XiUwsdg4uxUWgZDdiWe9Hu/+H8Y=,xNV7kmdYNPKjofrEYcB9d77usmk=
22,-36,XiUwsdg4uxUWgZDdiWe9Hu/+H8Y=,5+5jS+2OAjum1T3SwYLrNfFdQ8E=
21,-35,XiUwsdg4uxUWgZDdiWe9Hu/+H8Y=,5+5jS+2OAjum1T3SwYLrNfFdQ8E=
22,-37,XiUwsdg4uxUWgZDdiWe9Hu/+H8Y=,C89nxW0TfqFebC3d8259mN6tPYY=
22,-35,XiUwsdg4uxUWgZDdiWe9Hu/+H8Y=,5+5jS+2OAjum1T3SwYLrNfFdQ8E=
21,-36,XiUwsdg4uxUWgZDdiWe9Hu/+H8Y=,5+5jS+2OAjum1T3SwYLrNfFdQ8E=
21,-37,XiUwsdg4uxUWgZDdiWe9Hu/+H8Y=,C89nxW0TfqFebC3d8259mN6tPYY=
22,-34,XiUwsdg4uxUWgZDdiWe9Hu/+H8Y=,5+5jS+2OAjum1T3SwYLrNfFdQ8E=
21,-34,XiUwsdg4uxUWgZDdiWe9Hu/+H8Y=,5+5jS+2OAjum1T3SwYLrNfFdQ8E=
20,-35,XiUwsdg4uxUWgZDdiWe9Hu/+H8Y=,5+5jS+2OAjum1T3SwYLrNfFdQ8E=
19,-34,XiUwsdg4uxUWgZDdiWe9Hu/+H8Y=,dlPJsdMv8O9cHETzoNL7JHOYrk4=
18,-34,XiUwsdg4uxUWgZDdiWe9Hu/+H8Y=,dlPJsdMv8O9cHETzoNL7JHOYrk4=
19,-37,XiUwsdg4uxUWgZDdiWe9Hu/+H8Y=,xNV7kmdYNPKjofrEYcB9d77usmk=
17,-34,XiUwsdg4uxUWgZDdiWe9Hu/+H8Y=,dlPJsdMv8O9cHETzoNL7JHOYrk4=
18,-35,XiUwsdg4uxUWgZDdiWe9Hu/+H8Y=,dlPJsdMv8O9cHETzoNL7JHOYrk4=
20,-36,XiUwsdg4uxUWgZDdiWe9Hu/+H8Y=,5+5jS+2OAjum1T3SwYLrNfFdQ8E=
20,-34,XiUwsdg4uxUWgZDdiWe9Hu/+H8Y=,5+5jS+2OAjum1T3SwYLrNfFdQ8E=
17,-35,XiUwsdg4uxUWgZDdiWe9Hu/+H8Y=,dlPJsdMv8O9cHETzoNL7JHOYrk4=
19,-36,XiUwsdg4uxUWgZDdiWe9Hu/+H8Y=,dlPJsdMv8O9cHETzoNL7JHOYrk4=
20,-37,XiUwsdg4uxUWgZDdiWe9Hu/+H8Y=,C89nxW0TfqFebC3d8259mN6tPYY=
18,-36,XiUwsdg4uxUWgZDdiWe9Hu/+H8Y=,dlPJsdMv8O9cHETzoNL7JHOYrk4=
18,-37,XiUwsdg4uxUWgZDdiWe9Hu/+H8Y=,xNV7kmdYNPKjofrEYcB9d77usmk=
17,-37,XiUwsdg4uxUWgZDdiWe9Hu/+H8Y=,xNV7kmdYNPKjofrEYcB9d77usmk=
25,-40,XiUwsdg4uxUWgZDdiWe9Hu/+H8Y=,xrGaVvMDw7KB9ZiyOtwqD9457yc=
26,-40,XiUwsdg4uxUWgZDdiWe9Hu/+H8Y=,xrGaVvMDw7KB9ZiyOtwqD9457yc=
24,-40,XiUwsdg4uxUWgZDdiWe9Hu/+H8Y=,xrGaVvMDw7KB9ZiyOtwqD9457yc=
24,-38,XiUwsdg4uxUWgZDdiWe9Hu/+H8Y=,xrGaVvMDw7KB9ZiyOtwqD9457yc=
19,-35,XiUwsdg4uxUWgZDdiWe9Hu/+H8Y=,dlPJsdMv8O9cHETzoNL7JHOYrk4=
23,-41,XiUwsdg4uxUWgZDdiWe9Hu/+H8Y=,f9TPlU88g16lqAzOn8QvXXe7DFU=
17,-36,XiUwsdg4uxUWgZDdiWe9Hu/+H8Y=,dlPJsdMv8O9cHETzoNL7JHOYrk4=
23,-38,XiUwsdg4uxUWgZDdiWe9Hu/+H8Y=,C89nxW0TfqFebC3d8259mN6tPYY=
26,-38,XiUwsdg4uxUWgZDdiWe9Hu/+H8Y=,xrGaVvMDw7KB9ZiyOtwqD9457yc=
25,-38,XiUwsdg4uxUWgZDdiWe9Hu/+H8Y=,xrGaVvMDw7KB9ZiyOtwqD9457yc=
25,-39,XiUwsdg4uxUWgZDdiWe9Hu/+H8Y=,xrGaVvMDw7KB9ZiyOtwqD9457yc=
26,-39,XiUwsdg4uxUWgZDdiWe9Hu/+H8Y=,xrGaVvMDw7KB9ZiyOtwqD9457yc=
24,-39,XiUwsdg4uxUWgZDdiWe9Hu/+H8Y=,xrGaVvMDw7KB9ZiyOtwqD9457yc=
23,-39,XiUwsdg4uxUWgZDdiWe9Hu/+H8Y=,C89nxW0TfqFebC3d8259mN6tPYY=
23,-40,XiUwsdg4uxUWgZDdiWe9Hu/+H8Y=,C89nxW0TfqFebC3d8259mN6tPYY=
28,-45,XiUwsdg4uxUWgZDdiWe9Hu/+H8Y=,2TaTwrFLWERdIK30JGMXMK0Smik=
29,-45,XiUwsdg4uxUWgZDdiWe9Hu/+H8Y=,2TaTwrFLWERdIK30JGMXMK0Smik=
27,-45,XiUwsdg4uxUWgZDdiWe9Hu/+H8Y=,QAwo5xLV25Jrnld2bwfImq2KLbQ=
30,-44,XiUwsdg4uxUWgZDdiWe9Hu/+H8Y=,4mV94bfB3xtiOn4BtNfRD8rTuuA=
30,-45,XiUwsdg4uxUWgZDdiWe9Hu/+H8Y=,2TaTwrFLWERdIK30JGMXMK0Smik=
28,-42,XiUwsdg4uxUWgZDdiWe9Hu/+H8Y=,4mV94bfB3xtiOn4BtNfRD8rTuuA=
28,-44,XiUwsdg4uxUWgZDdiWe9Hu/+H8Y=,4mV94bfB3xtiOn4BtNfRD8rTuuA=
29,-44,XiUwsdg4uxUWgZDdiWe9Hu/+H8Y=,4mV94bfB3xtiOn4BtNfRD8rTuuA=
28,-43,XiUwsdg4uxUWgZDdiWe9Hu/+H8Y=,4mV94bfB3xtiOn4BtNfRD8rTuuA=
29,-43,XiUwsdg4uxUWgZDdiWe9Hu/+H8Y=,4mV94bfB3xtiOn4BtNfRD8rTuuA=
30,-43,XiUwsdg4uxUWgZDdiWe9Hu/+H8Y=,4mV94bfB3xtiOn4BtNfRD8rTuuA=
29,-42,XiUwsdg4uxUWgZDdiWe9Hu/+H8Y=,4mV94bfB3xtiOn4BtNfRD8rTuuA=
30,-42,XiUwsdg4uxUWgZDdiWe9Hu/+H8Y=,4mV94bfB3xtiOn4BtNfRD8rTuuA=
31,-43,XiUwsdg4uxUWgZDdiWe9Hu/+H8Y=,4mV94bfB3xtiOn4BtNfRD8rTuuA=
31,-42,XiUwsdg4uxUWgZDdiWe9Hu/+H8Y=,4mV94bfB3xtiOn4BtNfRD8rTuuA=
21,-33,XiUwsdg4uxUWgZDdiWe9Hu/+H8Y=,5+5jS+2OAjum1T3SwYLrNfFdQ8E=
22,-33,XiUwsdg4uxUWgZDdiWe9Hu/+H8Y=,5+5jS+2OAjum1T3SwYLrNfFdQ8E=
17,-33,XiUwsdg4uxUWgZDdiWe9Hu/+H8Y=,dlPJsdMv8O9cHETzoNL7JHOYrk4=
18,-33,XiUwsdg4uxUWgZDdiWe9Hu/+H8Y=,dlPJsdMv8O9cHETzoNL7JHOYrk4=
19,-33,XiUwsdg4uxUWgZDdiWe9Hu/+H8Y=,dlPJsdMv8O9cHETzoNL7JHOYrk4=
20,-33,XiUwsdg4uxUWgZDdiWe9Hu/+H8Y=,5+5jS+2OAjum1T3SwYLrNfFdQ8E=
16,-34,XiUwsdg4uxUWgZDdiWe9Hu/+H8Y=,dlPJsdMv8O9cHETzoNL7JHOYrk4=
16,-35,XiUwsdg4uxUWgZDdiWe9Hu/+H8Y=,dlPJsdMv8O9cHETzoNL7JHOYrk4=
16,-36,XiUwsdg4uxUWgZDdiWe9Hu/+H8Y=,dlPJsdMv8O9cHETzoNL7JHOYrk4=
16,-39,XiUwsdg4uxUWgZDdiWe9Hu/+H8Y=,xNV7kmdYNPKjofrEYcB9d77usmk=
16,-37,XiUwsdg4uxUWgZDdiWe9Hu/+H8Y=,xNV7kmdYNPKjofrEYcB9d77usmk=
16,-38,XiUwsdg4uxUWgZDdiWe9Hu/+H8Y=,xNV7kmdYNPKjofrEYcB9d77usmk=
16,-43,XiUwsdg4uxUWgZDdiWe9Hu/+H8Y=,amNf9tcVUS12bg/RQGF/6bLJlPE=
16,-40,XiUwsdg4uxUWgZDdiWe9Hu/+H8Y=,xNV7kmdYNPKjofrEYcB9d77usmk=
16,-42,XiUwsdg4uxUWgZDdiWe9Hu/+H8Y=,amNf9tcVUS12bg/RQGF/6bLJlPE=
16,-41,XiUwsdg4uxUWgZDdiWe9Hu/+H8Y=,amNf9tcVUS12bg/RQGF/6bLJlPE=
16,-45,XiUwsdg4uxUWgZDdiWe9Hu/+H8Y=,UUBK8Y/PCsKFp1twxWF10JK9KHo=
16,-44,XiUwsdg4uxUWgZDdiWe9Hu/+H8Y=,amNf9tcVUS12bg/RQGF/6bLJlPE=
16,-46,XiUwsdg4uxUWgZDdiWe9Hu/+H8Y=,UUBK8Y/PCsKFp1twxWF10JK9KHo=
16,-47,XiUwsdg4uxUWgZDdiWe9Hu/+H8Y=,UUBK8Y/PCsKFp1twxWF10JK9KHo=
18,-48,XiUwsdg4uxUWgZDdiWe9Hu/+H8Y=,UUBK8Y/PCsKFp1twxWF10JK9KHo=
17,-48,XiUwsdg4uxUWgZDdiWe9Hu/+H8Y=,UUBK8Y/PCsKFp1twxWF10JK9KHo=
20,-48,XiUwsdg4uxUWgZDdiWe9Hu/+H8Y=,FnkroajtXS+N4g1AnDl8YvKPAfM=
21,-48,XiUwsdg4uxUWgZDdiWe9Hu/+H8Y=,FnkroajtXS+N4g1AnDl8YvKPAfM=
22,-48,XiUwsdg4uxUWgZDdiWe9Hu/+H8Y=,FnkroajtXS+N4g1AnDl8YvKPAfM=
19,-48,XiUwsdg4uxUWgZDdiWe9Hu/+H8Y=,UUBK8Y/PCsKFp1twxWF10JK9KHo=
25,-48,XiUwsdg4uxUWgZDdiWe9Hu/+H8Y=,QAwo5xLV25Jrnld2bwfImq2KLbQ=
26,-48,XiUwsdg4uxUWgZDdiWe9Hu/+H8Y=,QAwo5xLV25Jrnld2bwfImq2KLbQ=
24,-48,XiUwsdg4uxUWgZDdiWe9Hu/+H8Y=,QAwo5xLV25Jrnld2bwfImq2KLbQ=
23,-48,XiUwsdg4uxUWgZDdiWe9Hu/+H8Y=,FnkroajtXS+N4g1AnDl8YvKPAfM=
29,-35,XiUwsdg4uxUWgZDdiWe9Hu/+H8Y=,lV5+sPXT8BK5wIdEqGWiRK7eCo4=
31,-34,XiUwsdg4uxUWgZDdiWe9Hu/+H8Y=,lV5+sPXT8BK5wIdEqGWiRK7eCo4=
29,-34,XiUwsdg4uxUWgZDdiWe9Hu/+H8Y=,lV5+sPXT8BK5wIdEqGWiRK7eCo4=
30,-33,XiUwsdg4uxUWgZDdiWe9Hu/+H8Y=,lV5+sPXT8BK5wIdEqGWiRK7eCo4=
30,-34,XiUwsdg4uxUWgZDdiWe9Hu/+H8Y=,lV5+sPXT8BK5wIdEqGWiRK7eCo4=
30,-35,XiUwsdg4uxUWgZDdiWe9Hu/+H8Y=,lV5+sPXT8BK5wIdEqGWiRK7eCo4=
31,-35,XiUwsdg4uxUWgZDdiWe9Hu/+H8Y=,lV5+sPXT8BK5wIdEqGWiRK7eCo4=
29,-33,XiUwsdg4uxUWgZDdiWe9Hu/+H8Y=,lV5+sPXT8BK5wIdEqGWiRK7eCo4=
31,-45,XiUwsdg4uxUWgZDdiWe9Hu/+H8Y=,2TaTwrFLWERdIK30JGMXMK0Smik=
31,-46,XiUwsdg4uxUWgZDdiWe9Hu/+H8Y=,2TaTwrFLWERdIK30JGMXMK0Smik=
31,-44,XiUwsdg4uxUWgZDdiWe9Hu/+H8Y=,4mV94bfB3xtiOn4BtNfRD8rTuuA=
31,-47,XiUwsdg4uxUWgZDdiWe9Hu/+H8Y=,2TaTwrFLWERdIK30JGMXMK0Smik=
28,-48,XiUwsdg4uxUWgZDdiWe9Hu/+H8Y=,2TaTwrFLWERdIK30JGMXMK0Smik=
27,-48,XiUwsdg4uxUWgZDdiWe9Hu/+H8Y=,QAwo5xLV25Jrnld2bwfImq2KLbQ=
31,-33,XiUwsdg4uxUWgZDdiWe9Hu/+H8Y=,lV5+sPXT8BK5wIdEqGWiRK7eCo4=
30,-48,XiUwsdg4uxUWgZDdiWe9Hu/+H8Y=,2TaTwrFLWERdIK30JGMXMK0Smik=
29,-48,XiUwsdg4uxUWgZDdiWe9Hu/+H8Y=,2TaTwrFLWERdIK30JGMXMK0Smik=
31,-48,XiUwsdg4uxUWgZDdiWe9Hu/+H8Y=,2TaTwrFLWERdIK30JGMXMK0Smik=
16,-33,XiUwsdg4uxUWgZDdiWe9Hu/+H8Y=,dlPJsdMv8O9cHETzoNL7JHOYrk4=
16,-48,XiUwsdg4uxUWgZDdiWe9Hu/+H8Y=,UUBK8Y/PCsKFp1twxWF10JK9KHo=
28,-33,XiUwsdg4uxUWgZDdiWe9Hu/+H8Y=,lV5+sPXT8BK5wIdEqGWiRK7eCo4=
23,-36,XiUwsdg4uxUWgZDdiWe9Hu/+H8Y=,5+5jS+2OAjum1T3SwYLrNfFdQ8E=
27,-34,XiUwsdg4uxUWgZDdiWe9Hu/+H8Y=,mBjDxXWovWzzTioE3k+KzNwLIh8=
27,-35,XiUwsdg4uxUWgZDdiWe9Hu/+H8Y=,mBjDxXWovWzzTioE3k+KzNwLIh8=
25,-35,XiUwsdg4uxUWgZDdiWe9Hu/+H8Y=,mBjDxXWovWzzTioE3k+KzNwLIh8=
25,-36,XiUwsdg4uxUWgZDdiWe9Hu/+H8Y=,mBjDxXWovWzzTioE3k+KzNwLIh8=
28,-34,XiUwsdg4uxUWgZDdiWe9Hu/+H8Y=,lV5+sPXT8BK5wIdEqGWiRK7eCo4=
24,-35,XiUwsdg4uxUWgZDdiWe9Hu/+H8Y=,mBjDxXWovWzzTioE3k+KzNwLIh8=
24,-36,XiUwsdg4uxUWgZDdiWe9Hu/+H8Y=,mBjDxXWovWzzTioE3k+KzNwLIh8=
26,-36,XiUwsdg4uxUWgZDdiWe9Hu/+H8Y=,mBjDxXWovWzzTioE3k+KzNwLIh8=
28,-41,XiUwsdg4uxUWgZDdiWe9Hu/+H8Y=,4mV94bfB3xtiOn4BtNfRD8rTuuA=
26,-34,XiUwsdg4uxUWgZDdiWe9Hu/+H8Y=,mBjDxXWovWzzTioE3k+KzNwLIh8=
25,-34,XiUwsdg4uxUWgZDdiWe9Hu/+H8Y=,mBjDxXWovWzzTioE3k+KzNwLIh8=
26,-35,XiUwsdg4uxUWgZDdiWe9Hu/+H8Y=,mBjDxXWovWzzTioE3k+KzNwLIh8=
28,-35,XiUwsdg4uxUWgZDdiWe9Hu/+H8Y=,lV5+sPXT8BK5wIdEqGWiRK7eCo4=
23,-37,XiUwsdg4uxUWgZDdiWe9Hu/+H8Y=,C89nxW0TfqFebC3d8259mN6tPYY=
25,-37,XiUwsdg4uxUWgZDdiWe9Hu/+H8Y=,xrGaVvMDw7KB9ZiyOtwqD9457yc=
30,-37,XiUwsdg4uxUWgZDdiWe9Hu/+H8Y=,vbo/CwDy6y/xvjda64ZRjx69wQI=
26,-37,XiUwsdg4uxUWgZDdiWe9Hu/+H8Y=,xrGaVvMDw7KB9ZiyOtwqD9457yc=
24,-37,XiUwsdg4uxUWgZDdiWe9Hu/+H8Y=,xrGaVvMDw7KB9ZiyOtwqD9457yc=
27,-33,XiUwsdg4uxUWgZDdiWe9Hu/+H8Y=,mBjDxXWovWzzTioE3k+KzNwLIh8=
24,-34,XiUwsdg4uxUWgZDdiWe9Hu/+H8Y=,mBjDxXWovWzzTioE3k+KzNwLIh8=
31,-36,XiUwsdg4uxUWgZDdiWe9Hu/+H8Y=,lV5+sPXT8BK5wIdEqGWiRK7eCo4=
26,-33,XiUwsdg4uxUWgZDdiWe9Hu/+H8Y=,mBjDxXWovWzzTioE3k+KzNwLIh8=
31,-40,XiUwsdg4uxUWgZDdiWe9Hu/+H8Y=,vbo/CwDy6y/xvjda64ZRjx69wQI=
28,-37,XiUwsdg4uxUWgZDdiWe9Hu/+H8Y=,vbo/CwDy6y/xvjda64ZRjx69wQI=
29,-36,XiUwsdg4uxUWgZDdiWe9Hu/+H8Y=,lV5+sPXT8BK5wIdEqGWiRK7eCo4=
27,-36,XiUwsdg4uxUWgZDdiWe9Hu/+H8Y=,mBjDxXWovWzzTioE3k+KzNwLIh8=
24,-33,XiUwsdg4uxUWgZDdiWe9Hu/+H8Y=,mBjDxXWovWzzTioE3k+KzNwLIh8=
23,-35,XiUwsdg4uxUWgZDdiWe9Hu/+H8Y=,5+5jS+2OAjum1T3SwYLrNfFdQ8E=
23,-33,XiUwsdg4uxUWgZDdiWe9Hu/+H8Y=,5+5jS+2OAjum1T3SwYLrNfFdQ8E=
29,-37,XiUwsdg4uxUWgZDdiWe9Hu/+H8Y=,vbo/CwDy6y/xvjda64ZRjx69wQI=
23,-34,XiUwsdg4uxUWgZDdiWe9Hu/+H8Y=,5+5jS+2OAjum1T3SwYLrNfFdQ8E=
31,-37,XiUwsdg4uxUWgZDdiWe9Hu/+H8Y=,vbo/CwDy6y/xvjda64ZRjx69wQI=
29,-41,XiUwsdg4uxUWgZDdiWe9Hu/+H8Y=,4mV94bfB3xtiOn4BtNfRD8rTuuA=
27,-38,XiUwsdg4uxUWgZDdiWe9Hu/+H8Y=,xrGaVvMDw7KB9ZiyOtwqD9457yc=
29,-40,XiUwsdg4uxUWgZDdiWe9Hu/+H8Y=,vbo/CwDy6y/xvjda64ZRjx69wQI=
25,-33,XiUwsdg4uxUWgZDdiWe9Hu/+H8Y=,mBjDxXWovWzzTioE3k+KzNwLIh8=
30,-41,XiUwsdg4uxUWgZDdiWe9Hu/+H8Y=,4mV94bfB3xtiOn4BtNfRD8rTuuA=
30,-40,XiUwsdg4uxUWgZDdiWe9Hu/+H8Y=,vbo/CwDy6y/xvjda64ZRjx69wQI=
31,-39,XiUwsdg4uxUWgZDdiWe9Hu/+H8Y=,vbo/CwDy6y/xvjda64ZRjx69wQI=
28,-38,XiUwsdg4uxUWgZDdiWe9Hu/+H8Y=,vbo/CwDy6y/xvjda64ZRjx69wQI=
30,-39,XiUwsdg4uxUWgZDdiWe9Hu/+H8Y=,vbo/CwDy6y/xvjda64ZRjx69wQI=
30,-36,XiUwsdg4uxUWgZDdiWe9Hu/+H8Y=,lV5+sPXT8BK5wIdEqGWiRK7eCo4=
28,-39,XiUwsdg4uxUWgZDdiWe9Hu/+H8Y=,vbo/CwDy6y/xvjda64ZRjx69wQI=
27,-40,XiUwsdg4uxUWgZDdiWe9Hu/+H8Y=,xrGaVvMDw7KB9ZiyOtwqD9457yc=
28,-36,XiUwsdg4uxUWgZDdiWe9Hu/+H8Y=,lV5+sPXT8BK5wIdEqGWiRK7eCo4=
28,-40,XiUwsdg4uxUWgZDdiWe9Hu/+H8Y=,vbo/CwDy6y/xvjda64ZRjx69wQI=
29,-39,XiUwsdg4uxUWgZDdiWe9Hu/+H8Y=,vbo/CwDy6y/xvjda64ZRjx69wQI=
31,-38,XiUwsdg4uxUWgZDdiWe9Hu/+H8Y=,vbo/CwDy6y/xvjda64ZRjx69wQI=
27,-39,XiUwsdg4uxUWgZDdiWe9Hu/+H8Y=,xrGaVvMDw7KB9ZiyOtwqD9457yc=
29,-38,XiUwsdg4uxUWgZDdiWe9Hu/+H8Y=,vbo/CwDy6y/xvjda64ZRjx69wQI=
31,-41,XiUwsdg4uxUWgZDdiWe9Hu/+H8Y=,4mV94bfB3xtiOn4BtNfRD8rTuuA=
27,-37,XiUwsdg4uxUWgZDdiWe9Hu/+H8Y=,xrGaVvMDw7KB9ZiyOtwqD9457yc=
30,-38,XiUwsdg4uxUWgZDdiWe9Hu/+H8Y=,vbo/CwDy6y/xvjda64ZRjx69wQI=
26,-51,v6xlEWC2z3twzH1UzjvQTDaVzzg=,pOJo1WLBtBaOrsvvgJPn3Yzxhlw=
25,-51,v6xlEWC2z3twzH1UzjvQTDaVzzg=,pOJo1WLBtBaOrsvvgJPn3Yzxhlw=
25,-50,v6xlEWC2z3twzH1UzjvQTDaVzzg=,pOJo1WLBtBaOrsvvgJPn3Yzxhlw=
26,-50,v6xlEWC2z3twzH1UzjvQTDaVzzg=,pOJo1WLBtBaOrsvvgJPn3Yzxhlw=
25,-49,v6xlEWC2z3twzH1UzjvQTDaVzzg=,pOJo1WLBtBaOrsvvgJPn3Yzxhlw=
26,-49,v6xlEWC2z3twzH1UzjvQTDaVzzg=,pOJo1WLBtBaOrsvvgJPn3Yzxhlw=
19,-52,v6xlEWC2z3twzH1UzjvQTDaVzzg=,yr+t6eXBlwPKBfyypibuyzZ/reY=
18,-52,v6xlEWC2z3twzH1UzjvQTDaVzzg=,yr+t6eXBlwPKBfyypibuyzZ/reY=
20,-52,v6xlEWC2z3twzH1UzjvQTDaVzzg=,p3/1m6FL90R5g8L3k8Xc9aQTcqA=
17,-52,v6xlEWC2z3twzH1UzjvQTDaVzzg=,yr+t6eXBlwPKBfyypibuyzZ/reY=
22,-52,v6xlEWC2z3twzH1UzjvQTDaVzzg=,p3/1m6FL90R5g8L3k8Xc9aQTcqA=
21,-52,v6xlEWC2z3twzH1UzjvQTDaVzzg=,p3/1m6FL90R5g8L3k8Xc9aQTcqA=
17,-51,v6xlEWC2z3twzH1UzjvQTDaVzzg=,yr+t6eXBlwPKBfyypibuyzZ/reY=
23,-51,v6xlEWC2z3twzH1UzjvQTDaVzzg=,p3/1m6FL90R5g8L3k8Xc9aQTcqA=
24,-51,v6xlEWC2z3twzH1UzjvQTDaVzzg=,pOJo1WLBtBaOrsvvgJPn3Yzxhlw=
21,-51,v6xlEWC2z3twzH1UzjvQTDaVzzg=,p3/1m6FL90R5g8L3k8Xc9aQTcqA=
21,-49,v6xlEWC2z3twzH1UzjvQTDaVzzg=,p3/1m6FL90R5g8L3k8Xc9aQTcqA=
18,-51,v6xlEWC2z3twzH1UzjvQTDaVzzg=,yr+t6eXBlwPKBfyypibuyzZ/reY=
26,-52,v6xlEWC2z3twzH1UzjvQTDaVzzg=,pOJo1WLBtBaOrsvvgJPn3Yzxhlw=
20,-51,v6xlEWC2z3twzH1UzjvQTDaVzzg=,p3/1m6FL90R5g8L3k8Xc9aQTcqA=
23,-52,v6xlEWC2z3twzH1UzjvQTDaVzzg=,p3/1m6FL90R5g8L3k8Xc9aQTcqA=
24,-52,v6xlEWC2z3twzH1UzjvQTDaVzzg=,pOJo1WLBtBaOrsvvgJPn3Yzxhlw=
25,-52,v6xlEWC2z3twzH1UzjvQTDaVzzg=,pOJo1WLBtBaOrsvvgJPn3Yzxhlw=
22,-51,v6xlEWC2z3twzH1UzjvQTDaVzzg=,p3/1m6FL90R5g8L3k8Xc9aQTcqA=
19,-49,v6xlEWC2z3twzH1UzjvQTDaVzzg=,yr+t6eXBlwPKBfyypibuyzZ/reY=
18,-50,v6xlEWC2z3twzH1UzjvQTDaVzzg=,yr+t6eXBlwPKBfyypibuyzZ/reY=
20,-49,v6xlEWC2z3twzH1UzjvQTDaVzzg=,p3/1m6FL90R5g8L3k8Xc9aQTcqA=
19,-51,v6xlEWC2z3twzH1UzjvQTDaVzzg=,yr+t6eXBlwPKBfyypibuyzZ/reY=
24,-49,v6xlEWC2z3twzH1UzjvQTDaVzzg=,pOJo1WLBtBaOrsvvgJPn3Yzxhlw=
18,-49,v6xlEWC2z3twzH1UzjvQTDaVzzg=,yr+t6eXBlwPKBfyypibuyzZ/reY=
17,-50,v6xlEWC2z3twzH1UzjvQTDaVzzg=,yr+t6eXBlwPKBfyypibuyzZ/reY=
17,-49,v6xlEWC2z3twzH1UzjvQTDaVzzg=,yr+t6eXBlwPKBfyypibuyzZ/reY=
23,-49,v6xlEWC2z3twzH1UzjvQTDaVzzg=,p3/1m6FL90R5g8L3k8Xc9aQTcqA=
22,-49,v6xlEWC2z3twzH1UzjvQTDaVzzg=,p3/1m6FL90R5g8L3k8Xc9aQTcqA=
20,-50,v6xlEWC2z3twzH1UzjvQTDaVzzg=,p3/1m6FL90R5g8L3k8Xc9aQTcqA=
19,-50,v6xlEWC2z3twzH1UzjvQTDaVzzg=,yr+t6eXBlwPKBfyypibuyzZ/reY=
24,-50,v6xlEWC2z3twzH1UzjvQTDaVzzg=,pOJo1WLBtBaOrsvvgJPn3Yzxhlw=
23,-50,v6xlEWC2z3twzH1UzjvQTDaVzzg=,p3/1m6FL90R5g8L3k8Xc9aQTcqA=
21,-50,v6xlEWC2z3twzH1UzjvQTDaVzzg=,p3/1m6FL90R5g8L3k8Xc9aQTcqA=
22,-50,v6xlEWC2z3twzH1UzjvQTDaVzzg=,p3/1m6FL90R5g8L3k8Xc9aQTcqA=
16,-50,v6xlEWC2z3twzH1UzjvQTDaVzzg=,yr+t6eXBlwPKBfyypibuyzZ/reY=
16,-51,v6xlEWC2z3twzH1UzjvQTDaVzzg=,yr+t6eXBlwPKBfyypibuyzZ/reY=
16,-52,v6xlEWC2z3twzH1UzjvQTDaVzzg=,yr+t6eXBlwPKBfyypibuyzZ/reY=
16,-49,v6xlEWC2z3twzH1UzjvQTDaVzzg=,yr+t6eXBlwPKBfyypibuyzZ/reY=
28,-52,v6xlEWC2z3twzH1UzjvQTDaVzzg=,VVQsYGP0gcTw+gvYkLBi0+IGhh4=
29,-52,v6xlEWC2z3twzH1UzjvQTDaVzzg=,VVQsYGP0gcTw+gvYkLBi0+IGhh4=
30,-52,v6xlEWC2z3twzH1UzjvQTDaVzzg=,VVQsYGP0gcTw+gvYkLBi0+IGhh4=
31,-52,v6xlEWC2z3twzH1UzjvQTDaVzzg=,VVQsYGP0gcTw+gvYkLBi0+IGhh4=
27,-51,v6xlEWC2z3twzH1UzjvQTDaVzzg=,pOJo1WLBtBaOrsvvgJPn3Yzxhlw=
27,-52,v6xlEWC2z3twzH1UzjvQTDaVzzg=,pOJo1WLBtBaOrsvvgJPn3Yzxhlw=
28,-51,v6xlEWC2z3twzH1UzjvQTDaVzzg=,VVQsYGP0gcTw+gvYkLBi0+IGhh4=
31,-51,v6xlEWC2z3twzH1UzjvQTDaVzzg=,VVQsYGP0gcTw+gvYkLBi0+IGhh4=
29,-51,v6xlEWC2z3twzH1UzjvQTDaVzzg=,VVQsYGP0gcTw+gvYkLBi0+IGhh4=
27,-50,v6xlEWC2z3twzH1UzjvQTDaVzzg=,pOJo1WLBtBaOrsvvgJPn3Yzxhlw=
28,-50,v6xlEWC2z3twzH1UzjvQTDaVzzg=,VVQsYGP0gcTw+gvYkLBi0+IGhh4=
30,-51,v6xlEWC2z3twzH1UzjvQTDaVzzg=,VVQsYGP0gcTw+gvYkLBi0+IGhh4=
29,-50,v6xlEWC2z3twzH1UzjvQTDaVzzg=,VVQsYGP0gcTw+gvYkLBi0+IGhh4=
28,-49,v6xlEWC2z3twzH1UzjvQTDaVzzg=,VVQsYGP0gcTw+gvYkLBi0+IGhh4=
27,-49,v6xlEWC2z3twzH1UzjvQTDaVzzg=,pOJo1WLBtBaOrsvvgJPn3Yzxhlw=
31,-49,v6xlEWC2z3twzH1UzjvQTDaVzzg=,VVQsYGP0gcTw+gvYkLBi0+IGhh4=
29,-49,v6xlEWC2z3twzH1UzjvQTDaVzzg=,VVQsYGP0gcTw+gvYkLBi0+IGhh4=
30,-50,v6xlEWC2z3twzH1UzjvQTDaVzzg=,VVQsYGP0gcTw+gvYkLBi0+IGhh4=
31,-50,v6xlEWC2z3twzH1UzjvQTDaVzzg=,VVQsYGP0gcTw+gvYkLBi0+IGhh4=
30,-49,v6xlEWC2z3twzH1UzjvQTDaVzzg=,VVQsYGP0gcTw+gvYkLBi0+IGhh4=
2,-51,CKmSwaBg0wvAH6rCbLBgA8SqpOU=,xi/cqePRWv0x8iGOAw932l+Iq9c=
1,-51,CKmSwaBg0wvAH6rCbLBgA8SqpOU=,xi/cqePRWv0x8iGOAw932l+Iq9c=
2,-50,CKmSwaBg0wvAH6rCbLBgA8SqpOU=,xi/cqePRWv0x8iGOAw932l+Iq9c=
1,-50,CKmSwaBg0wvAH6rCbLBgA8SqpOU=,xi/cqePRWv0x8iGOAw932l+Iq9c=
10,-52,CKmSwaBg0wvAH6rCbLBgA8SqpOU=,Fb5YxbT7Gwcz3xhjks7FOKA3eHA=
10,-51,CKmSwaBg0wvAH6rCbLBgA8SqpOU=,Fb5YxbT7Gwcz3xhjks7FOKA3eHA=
9,-52,CKmSwaBg0wvAH6rCbLBgA8SqpOU=,Fb5YxbT7Gwcz3xhjks7FOKA3eHA=
9,-51,CKmSwaBg0wvAH6rCbLBgA8SqpOU=,Fb5YxbT7Gwcz3xhjks7FOKA3eHA=
2,-52,CKmSwaBg0wvAH6rCbLBgA8SqpOU=,xi/cqePRWv0x8iGOAw932l+Iq9c=
9,-49,CKmSwaBg0wvAH6rCbLBgA8SqpOU=,Fb5YxbT7Gwcz3xhjks7FOKA3eHA=
1,-52,CKmSwaBg0wvAH6rCbLBgA8SqpOU=,xi/cqePRWv0x8iGOAw932l+Iq9c=
10,-49,CKmSwaBg0wvAH6rCbLBgA8SqpOU=,Fb5YxbT7Gwcz3xhjks7FOKA3eHA=
9,-50,CKmSwaBg0wvAH6rCbLBgA8SqpOU=,Fb5YxbT7Gwcz3xhjks7FOKA3eHA=
0,-52,CKmSwaBg0wvAH6rCbLBgA8SqpOU=,xi/cqePRWv0x8iGOAw932l+Iq9c=
11,-51,CKmSwaBg0wvAH6rCbLBgA8SqpOU=,Fb5YxbT7Gwcz3xhjks7FOKA3eHA=
11,-52,CKmSwaBg0wvAH6rCbLBgA8SqpOU=,Fb5YxbT7Gwcz3xhjks7FOKA3eHA=
13,-52,CKmSwaBg0wvAH6rCbLBgA8SqpOU=,qekp7CCBufCLXZCTK1D2c+3ytHw=
14,-52,CKmSwaBg0wvAH6rCbLBgA8SqpOU=,qekp7CCBufCLXZCTK1D2c+3ytHw=
10,-50,CKmSwaBg0wvAH6rCbLBgA8SqpOU=,Fb5YxbT7Gwcz3xhjks7FOKA3eHA=
12,-52,CKmSwaBg0wvAH6rCbLBgA8SqpOU=,qekp7CCBufCLXZCTK1D2c+3ytHw=
14,-51,CKmSwaBg0wvAH6rCbLBgA8SqpOU=,qekp7CCBufCLXZCTK1D2c+3ytHw=
13,-49,CKmSwaBg0wvAH6rCbLBgA8SqpOU=,qekp7CCBufCLXZCTK1D2c+3ytHw=
12,-51,CKmSwaBg0wvAH6rCbLBgA8SqpOU=,qekp7CCBufCLXZCTK1D2c+3ytHw=
15,-51,CKmSwaBg0wvAH6rCbLBgA8SqpOU=,qekp7CCBufCLXZCTK1D2c+3ytHw=
13,-51,CKmSwaBg0wvAH6rCbLBgA8SqpOU=,qekp7CCBufCLXZCTK1D2c+3ytHw=
0,-51,CKmSwaBg0wvAH6rCbLBgA8SqpOU=,xi/cqePRWv0x8iGOAw932l+Iq9c=
0,-50,CKmSwaBg0wvAH6rCbLBgA8SqpOU=,xi/cqePRWv0x8iGOAw932l+Iq9c=
12,-49,CKmSwaBg0wvAH6rCbLBgA8SqpOU=,qekp7CCBufCLXZCTK1D2c+3ytHw=
11,-49,CKmSwaBg0wvAH6rCbLBgA8SqpOU=,Fb5YxbT7Gwcz3xhjks7FOKA3eHA=
11,-50,CKmSwaBg0wvAH6rCbLBgA8SqpOU=,Fb5YxbT7Gwcz3xhjks7FOKA3eHA=
13,-50,CKmSwaBg0wvAH6rCbLBgA8SqpOU=,qekp7CCBufCLXZCTK1D2c+3ytHw=
14,-49,CKmSwaBg0wvAH6rCbLBgA8SqpOU=,qekp7CCBufCLXZCTK1D2c+3ytHw=
12,-50,CKmSwaBg0wvAH6rCbLBgA8SqpOU=,qekp7CCBufCLXZCTK1D2c+3ytHw=
15,-52,CKmSwaBg0wvAH6rCbLBgA8SqpOU=,qekp7CCBufCLXZCTK1D2c+3ytHw=
14,-50,CKmSwaBg0wvAH6rCbLBgA8SqpOU=,qekp7CCBufCLXZCTK1D2c+3ytHw=
6,-52,CKmSwaBg0wvAH6rCbLBgA8SqpOU=,f/CgTcPcc/9sWU0TfCpYjFuQ1Ss=
15,-50,CKmSwaBg0wvAH6rCbLBgA8SqpOU=,qekp7CCBufCLXZCTK1D2c+3ytHw=
0,-49,CKmSwaBg0wvAH6rCbLBgA8SqpOU=,xi/cqePRWv0x8iGOAw932l+Iq9c=
3,-51,CKmSwaBg0wvAH6rCbLBgA8SqpOU=,xi/cqePRWv0x8iGOAw932l+Iq9c=
2,-49,CKmSwaBg0wvAH6rCbLBgA8SqpOU=,xi/cqePRWv0x8iGOAw932l+Iq9c=
3,-49,CKmSwaBg0wvAH6rCbLBgA8SqpOU=,xi/cqePRWv0x8iGOAw932l+Iq9c=
5,-50,CKmSwaBg0wvAH6rCbLBgA8SqpOU=,f/CgTcPcc/9sWU0TfCpYjFuQ1Ss=
5,-52,CKmSwaBg0wvAH6rCbLBgA8SqpOU=,f/CgTcPcc/9sWU0TfCpYjFuQ1Ss=
4,-52,CKmSwaBg0wvAH6rCbLBgA8SqpOU=,f/CgTcPcc/9sWU0TfCpYjFuQ1Ss=
8,-51,CKmSwaBg0wvAH6rCbLBgA8SqpOU=,Fb5YxbT7Gwcz3xhjks7FOKA3eHA=
6,-51,CKmSwaBg0wvAH6rCbLBgA8SqpOU=,f/CgTcPcc/9sWU0TfCpYjFuQ1Ss=
7,-52,CKmSwaBg0wvAH6rCbLBgA8SqpOU=,f/CgTcPcc/9sWU0TfCpYjFuQ1Ss=
5,-51,CKmSwaBg0wvAH6rCbLBgA8SqpOU=,f/CgTcPcc/9sWU0TfCpYjFuQ1Ss=
3,-52,CKmSwaBg0wvAH6rCbLBgA8SqpOU=,xi/cqePRWv0x8iGOAw932l+Iq9c=
8,-52,CKmSwaBg0wvAH6rCbLBgA8SqpOU=,Fb5YxbT7Gwcz3xhjks7FOKA3eHA=
7,-51,CKmSwaBg0wvAH6rCbLBgA8SqpOU=,f/CgTcPcc/9sWU0TfCpYjFuQ1Ss=
4,-51,CKmSwaBg0wvAH6rCbLBgA8SqpOU=,f/CgTcPcc/9sWU0TfCpYjFuQ1Ss=
1,-49,CKmSwaBg0wvAH6rCbLBgA8SqpOU=,xi/cqePRWv0x8iGOAw932l+Iq9c=
3,-50,CKmSwaBg0wvAH6rCbLBgA8SqpOU=,xi/cqePRWv0x8iGOAw932l+Iq9c=
4,-50,CKmSwaBg0wvAH6rCbLBgA8SqpOU=,f/CgTcPcc/9sWU0TfCpYjFuQ1Ss=
8,-49,CKmSwaBg0wvAH6rCbLBgA8SqpOU=,Fb5YxbT7Gwcz3xhjks7FOKA3eHA=
4,-49,CKmSwaBg0wvAH6rCbLBgA8SqpOU=,f/CgTcPcc/9sWU0TfCpYjFuQ1Ss=
6,-50,CKmSwaBg0wvAH6rCbLBgA8SqpOU=,f/CgTcPcc/9sWU0TfCpYjFuQ1Ss=
15,-49,CKmSwaBg0wvAH6rCbLBgA8SqpOU=,qekp7CCBufCLXZCTK1D2c+3ytHw=
5,-49,CKmSwaBg0wvAH6rCbLBgA8SqpOU=,f/CgTcPcc/9sWU0TfCpYjFuQ1Ss=
7,-49,CKmSwaBg0wvAH6rCbLBgA8SqpOU=,f/CgTcPcc/9sWU0TfCpYjFuQ1Ss=
7,-50,CKmSwaBg0wvAH6rCbLBgA8SqpOU=,f/CgTcPcc/9sWU0TfCpYjFuQ1Ss=
8,-50,CKmSwaBg0wvAH6rCbLBgA8SqpOU=,Fb5YxbT7Gwcz3xhjks7FOKA3eHA=
6,-49,CKmSwaBg0wvAH6rCbLBgA8SqpOU=,f/CgTcPcc/9sWU0TfCpYjFuQ1Ss=
10,-34,yyPVfJ8EhuFiP0eUJW5ba+Z34fk=,KEUeb9azECaG7p+Z+vOWGVwK9Vc=
10,-35,yyPVfJ8EhuFiP0eUJW5ba+Z34fk=,KEUeb9azECaG7p+Z+vOWGVwK9Vc=
9,-35,yyPVfJ8EhuFiP0eUJW5ba+Z34fk=,KEUeb9azECaG7p+Z+vOWGVwK9Vc=
9,-34,yyPVfJ8EhuFiP0eUJW5ba+Z34fk=,KEUeb9azECaG7p+Z+vOWGVwK9Vc=
7,-34,yyPVfJ8EhuFiP0eUJW5ba+Z34fk=,bDFepZEi48oJ+LzskRq37gk1XC8=
7,-35,yyPVfJ8EhuFiP0eUJW5ba+Z34fk=,bDFepZEi48oJ+LzskRq37gk1XC8=
6,-35,yyPVfJ8EhuFiP0eUJW5ba+Z34fk=,bDFepZEi48oJ+LzskRq37gk1XC8=
5,-35,yyPVfJ8EhuFiP0eUJW5ba+Z34fk=,bDFepZEi48oJ+LzskRq37gk1XC8=
8,-35,yyPVfJ8EhuFiP0eUJW5ba+Z34fk=,KEUeb9azECaG7p+Z+vOWGVwK9Vc=
6,-34,yyPVfJ8EhuFiP0eUJW5ba+Z34fk=,bDFepZEi48oJ+LzskRq37gk1XC8=
5,-34,yyPVfJ8EhuFiP0eUJW5ba+Z34fk=,bDFepZEi48oJ+LzskRq37gk1XC8=
8,-34,NBk9n0nzR2f/MNPN0hbdkToGxGU=,KEUeb9azECaG7p+Z+vOWGVwK9Vc=
10,-38,NBk9n0nzR2f/MNPN0hbdkToGxGU=,bpVMKU/Wi00F+Bl/7DQZ+blZM30=
9,-36,NBk9n0nzR2f/MNPN0hbdkToGxGU=,KEUeb9azECaG7p+Z+vOWGVwK9Vc=
9,-38,NBk9n0nzR2f/MNPN0hbdkToGxGU=,bpVMKU/Wi00F+Bl/7DQZ+blZM30=
10,-37,NBk9n0nzR2f/MNPN0hbdkToGxGU=,bpVMKU/Wi00F+Bl/7DQZ+blZM30=
9,-39,NBk9n0nzR2f/MNPN0hbdkToGxGU=,bpVMKU/Wi00F+Bl/7DQZ+blZM30=
10,-36,NBk9n0nzR2f/MNPN0hbdkToGxGU=,KEUeb9azECaG7p+Z+vOWGVwK9Vc=
9,-37,NBk9n0nzR2f/MNPN0hbdkToGxGU=,bpVMKU/Wi00F+Bl/7DQZ+blZM30=
10,-39,NBk9n0nzR2f/MNPN0hbdkToGxGU=,bpVMKU/Wi00F+Bl/7DQZ+blZM30=
8,-38,NBk9n0nzR2f/MNPN0hbdkToGxGU=,bpVMKU/Wi00F+Bl/7DQZ+blZM30=
6,-38,NBk9n0nzR2f/MNPN0hbdkToGxGU=,alJLaTZ7OQCXyxV5lnYI5mw+iIs=
8,-36,NBk9n0nzR2f/MNPN0hbdkToGxGU=,KEUeb9azECaG7p+Z+vOWGVwK9Vc=
5,-36,NBk9n0nzR2f/MNPN0hbdkToGxGU=,bDFepZEi48oJ+LzskRq37gk1XC8=
8,-37,NBk9n0nzR2f/MNPN0hbdkToGxGU=,bpVMKU/Wi00F+Bl/7DQZ+blZM30=
5,-38,NBk9n0nzR2f/MNPN0hbdkToGxGU=,alJLaTZ7OQCXyxV5lnYI5mw+iIs=
6,-36,NBk9n0nzR2f/MNPN0hbdkToGxGU=,bDFepZEi48oJ+LzskRq37gk1XC8=
7,-37,NBk9n0nzR2f/MNPN0hbdkToGxGU=,alJLaTZ7OQCXyxV5lnYI5mw+iIs=
5,-39,NBk9n0nzR2f/MNPN0hbdkToGxGU=,alJLaTZ7OQCXyxV5lnYI5mw+iIs=
7,-38,NBk9n0nzR2f/MNPN0hbdkToGxGU=,alJLaTZ7OQCXyxV5lnYI5mw+iIs=
6,-39,NBk9n0nzR2f/MNPN0hbdkToGxGU=,alJLaTZ7OQCXyxV5lnYI5mw+iIs=
7,-39,NBk9n0nzR2f/MNPN0hbdkToGxGU=,alJLaTZ7OQCXyxV5lnYI5mw+iIs=
5,-37,NBk9n0nzR2f/MNPN0hbdkToGxGU=,alJLaTZ7OQCXyxV5lnYI5mw+iIs=
7,-36,NBk9n0nzR2f/MNPN0hbdkToGxGU=,bDFepZEi48oJ+LzskRq37gk1XC8=
6,-37,NBk9n0nzR2f/MNPN0hbdkToGxGU=,alJLaTZ7OQCXyxV5lnYI5mw+iIs=
8,-39,NBk9n0nzR2f/MNPN0hbdkToGxGU=,bpVMKU/Wi00F+Bl/7DQZ+blZM30=
2,-42,NBk9n0nzR2f/MNPN0hbdkToGxGU=,WJ1znvUagr20nQJq3dFh3A22Bmc=
1,-43,NBk9n0nzR2f/MNPN0hbdkToGxGU=,WJ1znvUagr20nQJq3dFh3A22Bmc=
1,-42,NBk9n0nzR2f/MNPN0hbdkToGxGU=,WJ1znvUagr20nQJq3dFh3A22Bmc=
2,-43,NBk9n0nzR2f/MNPN0hbdkToGxGU=,WJ1znvUagr20nQJq3dFh3A22Bmc=
5,-43,NBk9n0nzR2f/MNPN0hbdkToGxGU=,nCIAtgfxML3YklrZSPg+uK2FzOM=
4,-43,NBk9n0nzR2f/MNPN0hbdkToGxGU=,nCIAtgfxML3YklrZSPg+uK2FzOM=
6,-43,NBk9n0nzR2f/MNPN0hbdkToGxGU=,nCIAtgfxML3YklrZSPg+uK2FzOM=
4,-42,NBk9n0nzR2f/MNPN0hbdkToGxGU=,nCIAtgfxML3YklrZSPg+uK2FzOM=
3,-43,NBk9n0nzR2f/MNPN0hbdkToGxGU=,WJ1znvUagr20nQJq3dFh3A22Bmc=
5,-42,NBk9n0nzR2f/MNPN0hbdkToGxGU=,nCIAtgfxML3YklrZSPg+uK2FzOM=
5,-41,NBk9n0nzR2f/MNPN0hbdkToGxGU=,nCIAtgfxML3YklrZSPg+uK2FzOM=
3,-42,NBk9n0nzR2f/MNPN0hbdkToGxGU=,WJ1znvUagr20nQJq3dFh3A22Bmc=
6,-42,NBk9n0nzR2f/MNPN0hbdkToGxGU=,nCIAtgfxML3YklrZSPg+uK2FzOM=
6,-41,NBk9n0nzR2f/MNPN0hbdkToGxGU=,nCIAtgfxML3YklrZSPg+uK2FzOM=
5,-40,NBk9n0nzR2f/MNPN0hbdkToGxGU=,alJLaTZ7OQCXyxV5lnYI5mw+iIs=
6,-40,NBk9n0nzR2f/MNPN0hbdkToGxGU=,alJLaTZ7OQCXyxV5lnYI5mw+iIs=
8,-43,NBk9n0nzR2f/MNPN0hbdkToGxGU=,j58+tzx3DI0ENvFIZWrpojbCEhM=
9,-43,8EUeUP1tsHb872uS7EPN3f5a62o=,j58+tzx3DI0ENvFIZWrpojbCEhM=
10,-41,8EUeUP1tsHb872uS7EPN3f5a62o=,j58+tzx3DI0ENvFIZWrpojbCEhM=
9,-41,8EUeUP1tsHb872uS7EPN3f5a62o=,j58+tzx3DI0ENvFIZWrpojbCEhM=
9,-40,8EUeUP1tsHb872uS7EPN3f5a62o=,bpVMKU/Wi00F+Bl/7DQZ+blZM30=
9,-42,8EUeUP1tsHb872uS7EPN3f5a62o=,j58+tzx3DI0ENvFIZWrpojbCEhM=
8,-40,8EUeUP1tsHb872uS7EPN3f5a62o=,bpVMKU/Wi00F+Bl/7DQZ+blZM30=
10,-42,8EUeUP1tsHb872uS7EPN3f5a62o=,j58+tzx3DI0ENvFIZWrpojbCEhM=
8,-41,8EUeUP1tsHb872uS7EPN3f5a62o=,j58+tzx3DI0ENvFIZWrpojbCEhM=
7,-43,8EUeUP1tsHb872uS7EPN3f5a62o=,nCIAtgfxML3YklrZSPg+uK2FzOM=
10,-40,8EUeUP1tsHb872uS7EPN3f5a62o=,bpVMKU/Wi00F+Bl/7DQZ+blZM30=
10,-43,8EUeUP1tsHb872uS7EPN3f5a62o=,j58+tzx3DI0ENvFIZWrpojbCEhM=
7,-42,8EUeUP1tsHb872uS7EPN3f5a62o=,nCIAtgfxML3YklrZSPg+uK2FzOM=
7,-41,8EUeUP1tsHb872uS7EPN3f5a62o=,nCIAtgfxML3YklrZSPg+uK2FzOM=
7,-40,8EUeUP1tsHb872uS7EPN3f5a62o=,alJLaTZ7OQCXyxV5lnYI5mw+iIs=
2,-35,8EUeUP1tsHb872uS7EPN3f5a62o=,Q+7uPw071i7ExZQskqiAX54RErI=
8,-42,8EUeUP1tsHb872uS7EPN3f5a62o=,j58+tzx3DI0ENvFIZWrpojbCEhM=
2,-34,8EUeUP1tsHb872uS7EPN3f5a62o=,Q+7uPw071i7ExZQskqiAX54RErI=
1,-35,8EUeUP1tsHb872uS7EPN3f5a62o=,Q+7uPw071i7ExZQskqiAX54RErI=
3,-35,8EUeUP1tsHb872uS7EPN3f5a62o=,Q+7uPw071i7ExZQskqiAX54RErI=
1,-34,8EUeUP1tsHb872uS7EPN3f5a62o=,Q+7uPw071i7ExZQskqiAX54RErI=
4,-34,8EUeUP1tsHb872uS7EPN3f5a62o=,bDFepZEi48oJ+LzskRq37gk1XC8=
4,-35,8EUeUP1tsHb872uS7EPN3f5a62o=,bDFepZEi48oJ+LzskRq37gk1XC8=
3,-41,8EUeUP1tsHb872uS7EPN3f5a62o=,WJ1znvUagr20nQJq3dFh3A22Bmc=
4,-38,8EUeUP1tsHb872uS7EPN3f5a62o=,alJLaTZ7OQCXyxV5lnYI5mw+iIs=
2,-41,8EUeUP1tsHb872uS7EPN3f5a62o=,WJ1znvUagr20nQJq3dFh3A22Bmc=
1,-36,8EUeUP1tsHb872uS7EPN3f5a62o=,Q+7uPw071i7ExZQskqiAX54RErI=
3,-34,8EUeUP1tsHb872uS7EPN3f5a62o=,Q+7uPw071i7ExZQskqiAX54RErI=
1,-41,8EUeUP1tsHb872uS7EPN3f5a62o=,WJ1znvUagr20nQJq3dFh3A22Bmc=
2,-40,8EUeUP1tsHb872uS7EPN3f5a62o=,eEO+9j/zKIvxf5XIvQqadm7w4uY=
4,-41,8EUeUP1tsHb872uS7EPN3f5a62o=,nCIAtgfxML3YklrZSPg+uK2FzOM=
4,-36,8EUeUP1tsHb872uS7EPN3f5a62o=,bDFepZEi48oJ+LzskRq37gk1XC8=
3,-37,8EUeUP1tsHb872uS7EPN3f5a62o=,eEO+9j/zKIvxf5XIvQqadm7w4uY=
2,-37,8EUeUP1tsHb872uS7EPN3f5a62o=,eEO+9j/zKIvxf5XIvQqadm7w4uY=
2,-36,8EUeUP1tsHb872uS7EPN3f5a62o=,Q+7uPw071i7ExZQskqiAX54RErI=
4,-40,8EUeUP1tsHb872uS7EPN3f5a62o=,alJLaTZ7OQCXyxV5lnYI5mw+iIs=
1,-40,8EUeUP1tsHb872uS7EPN3f5a62o=,eEO+9j/zKIvxf5XIvQqadm7w4uY=
3,-40,8EUeUP1tsHb872uS7EPN3f5a62o=,eEO+9j/zKIvxf5XIvQqadm7w4uY=
3,-36,8EUeUP1tsHb872uS7EPN3f5a62o=,Q+7uPw071i7ExZQskqiAX54RErI=
2,-39,8EUeUP1tsHb872uS7EPN3f5a62o=,eEO+9j/zKIvxf5XIvQqadm7w4uY=
4,-39,8EUeUP1tsHb872uS7EPN3f5a62o=,alJLaTZ7OQCXyxV5lnYI5mw+iIs=
3,-38,8EUeUP1tsHb872uS7EPN3f5a62o=,eEO+9j/zKIvxf5XIvQqadm7w4uY=
3,-39,8EUeUP1tsHb872uS7EPN3f5a62o=,eEO+9j/zKIvxf5XIvQqadm7w4uY=
1,-38,8EUeUP1tsHb872uS7EPN3f5a62o=,eEO+9j/zKIvxf5XIvQqadm7w4uY=
1,-39,8EUeUP1tsHb872uS7EPN3f5a62o=,eEO+9j/zKIvxf5XIvQqadm7w4uY=
2,-38,8EUeUP1tsHb872uS7EPN3f5a62o=,eEO+9j/zKIvxf5XIvQqadm7w4uY=
5,-44,8EUeUP1tsHb872uS7EPN3f5a62o=,nCIAtgfxML3YklrZSPg+uK2FzOM=
1,-37,8EUeUP1tsHb872uS7EPN3f5a62o=,eEO+9j/zKIvxf5XIvQqadm7w4uY=
6,-44,8EUeUP1tsHb872uS7EPN3f5a62o=,nCIAtgfxML3YklrZSPg+uK2FzOM=
4,-37,8EUeUP1tsHb872uS7EPN3f5a62o=,alJLaTZ7OQCXyxV5lnYI5mw+iIs=
5,-45,8EUeUP1tsHb872uS7EPN3f5a62o=,3ju4OsIEGgZ45mvlSFaJO/mztNk=
5,-46,8EUeUP1tsHb872uS7EPN3f5a62o=,3ju4OsIEGgZ45mvlSFaJO/mztNk=
6,-46,8EUeUP1tsHb872uS7EPN3f5a62o=,3ju4OsIEGgZ45mvlSFaJO/mztNk=
5,-47,8EUeUP1tsHb872uS7EPN3f5a62o=,3ju4OsIEGgZ45mvlSFaJO/mztNk=
6,-47,8EUeUP1tsHb872uS7EPN3f5a62o=,3ju4OsIEGgZ45mvlSFaJO/mztNk=
13,-47,8EUeUP1tsHb872uS7EPN3f5a62o=,YIaxA6qtkxqd/h9fshjtgsr9dHk=
6,-45,8EUeUP1tsHb872uS7EPN3f5a62o=,3ju4OsIEGgZ45mvlSFaJO/mztNk=
14,-46,8EUeUP1tsHb872uS7EPN3f5a62o=,YIaxA6qtkxqd/h9fshjtgsr9dHk=
13,-46,8EUeUP1tsHb872uS7EPN3f5a62o=,YIaxA6qtkxqd/h9fshjtgsr9dHk=
14,-47,8EUeUP1tsHb872uS7EPN3f5a62o=,YIaxA6qtkxqd/h9fshjtgsr9dHk=
12,-46,8EUeUP1tsHb872uS7EPN3f5a62o=,YIaxA6qtkxqd/h9fshjtgsr9dHk=
12,-47,8EUeUP1tsHb872uS7EPN3f5a62o=,YIaxA6qtkxqd/h9fshjtgsr9dHk=
9,-44,8EUeUP1tsHb872uS7EPN3f5a62o=,j58+tzx3DI0ENvFIZWrpojbCEhM=
8,-44,8EUeUP1tsHb872uS7EPN3f5a62o=,j58+tzx3DI0ENvFIZWrpojbCEhM=
10,-44,8EUeUP1tsHb872uS7EPN3f5a62o=,j58+tzx3DI0ENvFIZWrpojbCEhM=
11,-47,8EUeUP1tsHb872uS7EPN3f5a62o=,5qL8pAc3wURdJilUZLr/qpM1mcQ=
10,-47,8EUeUP1tsHb872uS7EPN3f5a62o=,5qL8pAc3wURdJilUZLr/qpM1mcQ=
9,-47,8EUeUP1tsHb872uS7EPN3f5a62o=,5qL8pAc3wURdJilUZLr/qpM1mcQ=
9,-46,8EUeUP1tsHb872uS7EPN3f5a62o=,5qL8pAc3wURdJilUZLr/qpM1mcQ=
7,-44,8EUeUP1tsHb872uS7EPN3f5a62o=,nCIAtgfxML3YklrZSPg+uK2FzOM=
8,-47,8EUeUP1tsHb872uS7EPN3f5a62o=,5qL8pAc3wURdJilUZLr/qpM1mcQ=
11,-46,8EUeUP1tsHb872uS7EPN3f5a62o=,5qL8pAc3wURdJilUZLr/qpM1mcQ=
8,-46,8EUeUP1tsHb872uS7EPN3f5a62o=,5qL8pAc3wURdJilUZLr/qpM1mcQ=
7,-46,8EUeUP1tsHb872uS7EPN3f5a62o=,3ju4OsIEGgZ45mvlSFaJO/mztNk=
7,-45,8EUeUP1tsHb872uS7EPN3f5a62o=,3ju4OsIEGgZ45mvlSFaJO/mztNk=
8,-45,8EUeUP1tsHb872uS7EPN3f5a62o=,5qL8pAc3wURdJilUZLr/qpM1mcQ=
10,-46,8EUeUP1tsHb872uS7EPN3f5a62o=,5qL8pAc3wURdJilUZLr/qpM1mcQ=
9,-45,8EUeUP1tsHb872uS7EPN3f5a62o=,5qL8pAc3wURdJilUZLr/qpM1mcQ=
7,-47,8EUeUP1tsHb872uS7EPN3f5a62o=,3ju4OsIEGgZ45mvlSFaJO/mztNk=
10,-45,8EUeUP1tsHb872uS7EPN3f5a62o=,5qL8pAc3wURdJilUZLr/qpM1mcQ=
14,-44,8EUeUP1tsHb872uS7EPN3f5a62o=,CRf2fbNCTSZjFl2zCAQdO2dzXR4=
12,-45,8EUeUP1tsHb872uS7EPN3f5a62o=,YIaxA6qtkxqd/h9fshjtgsr9dHk=
13,-44,8EUeUP1tsHb872uS7EPN3f5a62o=,CRf2fbNCTSZjFl2zCAQdO2dzXR4=
14,-43,8EUeUP1tsHb872uS7EPN3f5a62o=,CRf2fbNCTSZjFl2zCAQdO2dzXR4=
11,-44,8EUeUP1tsHb872uS7EPN3f5a62o=,j58+tzx3DI0ENvFIZWrpojbCEhM=
13,-43,8EUeUP1tsHb872uS7EPN3f5a62o=,CRf2fbNCTSZjFl2zCAQdO2dzXR4=
12,-44,8EUeUP1tsHb872uS7EPN3f5a62o=,CRf2fbNCTSZjFl2zCAQdO2dzXR4=
13,-45,8EUeUP1tsHb872uS7EPN3f5a62o=,YIaxA6qtkxqd/h9fshjtgsr9dHk=
14,-42,8EUeUP1tsHb872uS7EPN3f5a62o=,CRf2fbNCTSZjFl2zCAQdO2dzXR4=
14,-45,8EUeUP1tsHb872uS7EPN3f5a62o=,YIaxA6qtkxqd/h9fshjtgsr9dHk=
11,-45,8EUeUP1tsHb872uS7EPN3f5a62o=,5qL8pAc3wURdJilUZLr/qpM1mcQ=
11,-42,8EUeUP1tsHb872uS7EPN3f5a62o=,j58+tzx3DI0ENvFIZWrpojbCEhM=
12,-43,8EUeUP1tsHb872uS7EPN3f5a62o=,CRf2fbNCTSZjFl2zCAQdO2dzXR4=
12,-42,8EUeUP1tsHb872uS7EPN3f5a62o=,CRf2fbNCTSZjFl2zCAQdO2dzXR4=
13,-42,8EUeUP1tsHb872uS7EPN3f5a62o=,CRf2fbNCTSZjFl2zCAQdO2dzXR4=
11,-43,8EUeUP1tsHb872uS7EPN3f5a62o=,j58+tzx3DI0ENvFIZWrpojbCEhM=
2,-44,8EUeUP1tsHb872uS7EPN3f5a62o=,WJ1znvUagr20nQJq3dFh3A22Bmc=
3,-44,8EUeUP1tsHb872uS7EPN3f5a62o=,WJ1znvUagr20nQJq3dFh3A22Bmc=
1,-44,8EUeUP1tsHb872uS7EPN3f5a62o=,WJ1znvUagr20nQJq3dFh3A22Bmc=
3,-45,8EUeUP1tsHb872uS7EPN3f5a62o=,C5iGxiKWCspH9OLueLDWX2EyEAE=
2,-45,8EUeUP1tsHb872uS7EPN3f5a62o=,C5iGxiKWCspH9OLueLDWX2EyEAE=
4,-44,8EUeUP1tsHb872uS7EPN3f5a62o=,nCIAtgfxML3YklrZSPg+uK2FzOM=
4,-45,8EUeUP1tsHb872uS7EPN3f5a62o=,3ju4OsIEGgZ45mvlSFaJO/mztNk=
2,-46,8EUeUP1tsHb872uS7EPN3f5a62o=,C5iGxiKWCspH9OLueLDWX2EyEAE=
1,-45,8EUeUP1tsHb872uS7EPN3f5a62o=,C5iGxiKWCspH9OLueLDWX2EyEAE=
3,-46,8EUeUP1tsHb872uS7EPN3f5a62o=,C5iGxiKWCspH9OLueLDWX2EyEAE=
1,-46,8EUeUP1tsHb872uS7EPN3f5a62o=,C5iGxiKWCspH9OLueLDWX2EyEAE=
2,-47,8EUeUP1tsHb872uS7EPN3f5a62o=,C5iGxiKWCspH9OLueLDWX2EyEAE=
4,-47,8EUeUP1tsHb872uS7EPN3f5a62o=,3ju4OsIEGgZ45mvlSFaJO/mztNk=
4,-46,8EUeUP1tsHb872uS7EPN3f5a62o=,3ju4OsIEGgZ45mvlSFaJO/mztNk=
3,-47,8EUeUP1tsHb872uS7EPN3f5a62o=,C5iGxiKWCspH9OLueLDWX2EyEAE=
1,-47,8EUeUP1tsHb872uS7EPN3f5a62o=,C5iGxiKWCspH9OLueLDWX2EyEAE=
15,-42,8EUeUP1tsHb872uS7EPN3f5a62o=,CRf2fbNCTSZjFl2zCAQdO2dzXR4=
15,-43,8EUeUP1tsHb872uS7EPN3f5a62o=,CRf2fbNCTSZjFl2zCAQdO2dzXR4=
9,-33,8EUeUP1tsHb872uS7EPN3f5a62o=,KEUeb9azECaG7p+Z+vOWGVwK9Vc=
10,-33,8EUeUP1tsHb872uS7EPN3f5a62o=,KEUeb9azECaG7p+Z+vOWGVwK9Vc=
7,-33,8EUeUP1tsHb872uS7EPN3f5a62o=,bDFepZEi48oJ+LzskRq37gk1XC8=
8,-33,8EUeUP1tsHb872uS7EPN3f5a62o=,KEUeb9azECaG7p+Z+vOWGVwK9Vc=
5,-33,8EUeUP1tsHb872uS7EPN3f5a62o=,bDFepZEi48oJ+LzskRq37gk1XC8=
6,-33,8EUeUP1tsHb872uS7EPN3f5a62o=,bDFepZEi48oJ+LzskRq37gk1XC8=
3,-33,8EUeUP1tsHb872uS7EPN3f5a62o=,Q+7uPw071i7ExZQskqiAX54RErI=
2,-33,8EUeUP1tsHb872uS7EPN3f5a62o=,Q+7uPw071i7ExZQskqiAX54RErI=
1,-33,8EUeUP1tsHb872uS7EPN3f5a62o=,Q+7uPw071i7ExZQskqiAX54RErI=
0,-42,8EUeUP1tsHb872uS7EPN3f5a62o=,WJ1znvUagr20nQJq3dFh3A22Bmc=
0,-43,8EUeUP1tsHb872uS7EPN3f5a62o=,WJ1znvUagr20nQJq3dFh3A22Bmc=
4,-33,8EUeUP1tsHb872uS7EPN3f5a62o=,bDFepZEi48oJ+LzskRq37gk1XC8=
0,-35,8EUeUP1tsHb872uS7EPN3f5a62o=,Q+7uPw071i7ExZQskqiAX54RErI=
0,-41,8EUeUP1tsHb872uS7EPN3f5a62o=,WJ1znvUagr20nQJq3dFh3A22Bmc=
0,-40,8EUeUP1tsHb872uS7EPN3f5a62o=,eEO+9j/zKIvxf5XIvQqadm7w4uY=
0,-34,8EUeUP1tsHb872uS7EPN3f5a62o=,Q+7uPw071i7ExZQskqiAX54RErI=
11,-34,8EUeUP1tsHb872uS7EPN3f5a62o=,KEUeb9azECaG7p+Z+vOWGVwK9Vc=
11,-35,8EUeUP1tsHb872uS7EPN3f5a62o=,KEUeb9azECaG7p+Z+vOWGVwK9Vc=
0,-36,8EUeUP1tsHb872uS7EPN3f5a62o=,Q+7uPw071i7ExZQskqiAX54RErI=
14,-35,8EUeUP1tsHb872uS7EPN3f5a62o=,/aMj5AKaMLG/5Qn+gyzzqne4b9I=
12,-34,8EUeUP1tsHb872uS7EPN3f5a62o=,/aMj5AKaMLG/5Qn+gyzzqne4b9I=
12,-35,8EUeUP1tsHb872uS7EPN3f5a62o=,/aMj5AKaMLG/5Qn+gyzzqne4b9I=
11,-33,8EUeUP1tsHb872uS7EPN3f5a62o=,KEUeb9azECaG7p+Z+vOWGVwK9Vc=
13,-33,8EUeUP1tsHb872uS7EPN3f5a62o=,/aMj5AKaMLG/5Qn+gyzzqne4b9I=
0,-38,8EUeUP1tsHb872uS7EPN3f5a62o=,eEO+9j/zKIvxf5XIvQqadm7w4uY=
13,-35,8EUeUP1tsHb872uS7EPN3f5a62o=,/aMj5AKaMLG/5Qn+gyzzqne4b9I=
12,-40,8EUeUP1tsHb872uS7EPN3f5a62o=,/X1NNpBC3C+ahtpTKYabkLbW1HY=
15,-35,8EUeUP1tsHb872uS7EPN3f5a62o=,/aMj5AKaMLG/5Qn+gyzzqne4b9I=
0,-37,8EUeUP1tsHb872uS7EPN3f5a62o=,eEO+9j/zKIvxf5XIvQqadm7w4uY=
14,-33,8EUeUP1tsHb872uS7EPN3f5a62o=,/aMj5AKaMLG/5Qn+gyzzqne4b9I=
15,-34,8EUeUP1tsHb872uS7EPN3f5a62o=,/aMj5AKaMLG/5Qn+gyzzqne4b9I=
12,-33,8EUeUP1tsHb872uS7EPN3f5a62o=,/aMj5AKaMLG/5Qn+gyzzqne4b9I=
12,-41,8EUeUP1tsHb872uS7EPN3f5a62o=,CRf2fbNCTSZjFl2zCAQdO2dzXR4=
13,-34,8EUeUP1tsHb872uS7EPN3f5a62o=,/aMj5AKaMLG/5Qn+gyzzqne4b9I=
14,-34,8EUeUP1tsHb872uS7EPN3f5a62o=,/aMj5AKaMLG/5Qn+gyzzqne4b9I=
0,-44,8EUeUP1tsHb872uS7EPN3f5a62o=,WJ1znvUagr20nQJq3dFh3A22Bmc=
13,-41,8EUeUP1tsHb872uS7EPN3f5a62o=,CRf2fbNCTSZjFl2zCAQdO2dzXR4=
0,-39,8EUeUP1tsHb872uS7EPN3f5a62o=,eEO+9j/zKIvxf5XIvQqadm7w4uY=
11,-40,8EUeUP1tsHb872uS7EPN3f5a62o=,bpVMKU/Wi00F+Bl/7DQZ+blZM30=
11,-39,8EUeUP1tsHb872uS7EPN3f5a62o=,bpVMKU/Wi00F+Bl/7DQZ+blZM30=
11,-36,8EUeUP1tsHb872uS7EPN3f5a62o=,KEUeb9azECaG7p+Z+vOWGVwK9Vc=
13,-37,8EUeUP1tsHb872uS7EPN3f5a62o=,/X1NNpBC3C+ahtpTKYabkLbW1HY=
14,-37,8EUeUP1tsHb872uS7EPN3f5a62o=,/X1NNpBC3C+ahtpTKYabkLbW1HY=
0,-45,8EUeUP1tsHb872uS7EPN3f5a62o=,C5iGxiKWCspH9OLueLDWX2EyEAE=
12,-36,8EUeUP1tsHb872uS7EPN3f5a62o=,/aMj5AKaMLG/5Qn+gyzzqne4b9I=
14,-41,8EUeUP1tsHb872uS7EPN3f5a62o=,CRf2fbNCTSZjFl2zCAQdO2dzXR4=
15,-37,8EUeUP1tsHb872uS7EPN3f5a62o=,/X1NNpBC3C+ahtpTKYabkLbW1HY=
11,-41,8EUeUP1tsHb872uS7EPN3f5a62o=,j58+tzx3DI0ENvFIZWrpojbCEhM=
14,-38,8EUeUP1tsHb872uS7EPN3f5a62o=,/X1NNpBC3C+ahtpTKYabkLbW1HY=
15,-36,8EUeUP1tsHb872uS7EPN3f5a62o=,/aMj5AKaMLG/5Qn+gyzzqne4b9I=
12,-37,8EUeUP1tsHb872uS7EPN3f5a62o=,/X1NNpBC3C+ahtpTKYabkLbW1HY=
13,-38,8EUeUP1tsHb872uS7EPN3f5a62o=,/X1NNpBC3C+ahtpTKYabkLbW1HY=
15,-38,8EUeUP1tsHb872uS7EPN3f5a62o=,/X1NNpBC3C+ahtpTKYabkLbW1HY=
11,-37,8EUeUP1tsHb872uS7EPN3f5a62o=,bpVMKU/Wi00F+Bl/7DQZ+blZM30=
0,-46,8EUeUP1tsHb872uS7EPN3f5a62o=,C5iGxiKWCspH9OLueLDWX2EyEAE=
15,-41,8EUeUP1tsHb872uS7EPN3f5a62o=,CRf2fbNCTSZjFl2zCAQdO2dzXR4=
15,-39,8EUeUP1tsHb872uS7EPN3f5a62o=,/X1NNpBC3C+ahtpTKYabkLbW1HY=
0,-47,8EUeUP1tsHb872uS7EPN3f5a62o=,C5iGxiKWCspH9OLueLDWX2EyEAE=
13,-36,8EUeUP1tsHb872uS7EPN3f5a62o=,/aMj5AKaMLG/5Qn+gyzzqne4b9I=
15,-40,8EUeUP1tsHb872uS7EPN3f5a62o=,/X1NNpBC3C+ahtpTKYabkLbW1HY=
12,-38,8EUeUP1tsHb872uS7EPN3f5a62o=,/X1NNpBC3C+ahtpTKYabkLbW1HY=
13,-40,8EUeUP1tsHb872uS7EPN3f5a62o=,/X1NNpBC3C+ahtpTKYabkLbW1HY=
11,-38,8EUeUP1tsHb872uS7EPN3f5a62o=,bpVMKU/Wi00F+Bl/7DQZ+blZM30=
12,-39,8EUeUP1tsHb872uS7EPN3f5a62o=,/X1NNpBC3C+ahtpTKYabkLbW1HY=
14,-39,8EUeUP1tsHb872uS7EPN3f5a62o=,/X1NNpBC3C+ahtpTKYabkLbW1HY=
14,-40,8EUeUP1tsHb872uS7EPN3f5a62o=,/X1NNpBC3C+ahtpTKYabkLbW1HY=
14,-36,8EUeUP1tsHb872uS7EPN3f5a62o=,/aMj5AKaMLG/5Qn+gyzzqne4b9I=
13,-39,8EUeUP1tsHb872uS7EPN3f5a62o=,/X1NNpBC3C+ahtpTKYabkLbW1HY=
10,-48,8EUeUP1tsHb872uS7EPN3f5a62o=,5qL8pAc3wURdJilUZLr/qpM1mcQ=
15,-33,8EUeUP1tsHb872uS7EPN3f5a62o=,/aMj5AKaMLG/5Qn+gyzzqne4b9I=
15,-47,8EUeUP1tsHb872uS7EPN3f5a62o=,YIaxA6qtkxqd/h9fshjtgsr9dHk=
9,-48,8EUeUP1tsHb872uS7EPN3f5a62o=,5qL8pAc3wURdJilUZLr/qpM1mcQ=
15,-46,8EUeUP1tsHb872uS7EPN3f5a62o=,YIaxA6qtkxqd/h9fshjtgsr9dHk=
8,-48,8EUeUP1tsHb872uS7EPN3f5a62o=,5qL8pAc3wURdJilUZLr/qpM1mcQ=
6,-48,8EUeUP1tsHb872uS7EPN3f5a62o=,3ju4OsIEGgZ45mvlSFaJO/mztNk=
1,-48,8EUeUP1tsHb872uS7EPN3f5a62o=,C5iGxiKWCspH9OLueLDWX2EyEAE=
5,-48,8EUeUP1tsHb872uS7EPN3f5a62o=,3ju4OsIEGgZ45mvlSFaJO/mztNk=
2,-48,8EUeUP1tsHb872uS7EPN3f5a62o=,C5iGxiKWCspH9OLueLDWX2EyEAE=
4,-48,8EUeUP1tsHb872uS7EPN3f5a62o=,3ju4OsIEGgZ45mvlSFaJO/mztNk=
11,-48,8EUeUP1tsHb872uS7EPN3f5a62o=,5qL8pAc3wURdJilUZLr/qpM1mcQ=
12,-48,8EUeUP1tsHb872uS7EPN3f5a62o=,YIaxA6qtkxqd/h9fshjtgsr9dHk=
15,-44,8EUeUP1tsHb872uS7EPN3f5a62o=,CRf2fbNCTSZjFl2zCAQdO2dzXR4=
3,-48,8EUeUP1tsHb872uS7EPN3f5a62o=,C5iGxiKWCspH9OLueLDWX2EyEAE=
15,-48,8EUeUP1tsHb872uS7EPN3f5a62o=,YIaxA6qtkxqd/h9fshjtgsr9dHk=
0,-33,8EUeUP1tsHb872uS7EPN3f5a62o=,Q+7uPw071i7ExZQskqiAX54RErI=
15,-45,8EUeUP1tsHb872uS7EPN3f5a62o=,YIaxA6qtkxqd/h9fshjtgsr9dHk=
7,-48,8EUeUP1tsHb872uS7EPN3f5a62o=,3ju4OsIEGgZ45mvlSFaJO/mztNk=
14,-48,8EUeUP1tsHb872uS7EPN3f5a62o=,YIaxA6qtkxqd/h9fshjtgsr9dHk=
0,-48,8EUeUP1tsHb872uS7EPN3f5a62o=,C5iGxiKWCspH9OLueLDWX2EyEAE=
13,-48,8EUeUP1tsHb872uS7EPN3f5a62o=,YIaxA6qtkxqd/h9fshjtgsr9dHk=
