45,37,T2O7RWIrQxgt1q2iXLp33Z3CX98=,Ws3sMC/oFSW9o9s/BubaIdgoiz8=
46,38,T2O7RWIrQxgt1q2iXLp33Z3CX98=,Ws3sMC/oFSW9o9s/BubaIdgoiz8=
45,38,T2O7RWIrQxgt1q2iXLp33Z3CX98=,Ws3sMC/oFSW9o9s/BubaIdgoiz8=
46,37,T2O7RWIrQxgt1q2iXLp33Z3CX98=,Ws3sMC/oFSW9o9s/BubaIdgoiz8=
42,34,T2O7RWIrQxgt1q2iXLp33Z3CX98=,RSHSr/PASzTWs52VhMwxiNXmJgo=
41,34,T2O7RWIrQxgt1q2iXLp33Z3CX98=,RSHSr/PASzTWs52VhMwxiNXmJgo=
42,33,T2O7RWIrQxgt1q2iXLp33Z3CX98=,RSHSr/PASzTWs52VhMwxiNXmJgo=
41,33,T2O7RWIrQxgt1q2iXLp33Z3CX98=,RSHSr/PASzTWs52VhMwxiNXmJgo=
46,33,T2O7RWIrQxgt1q2iXLp33Z3CX98=,AwXn3azYteCCiECMxxTCFO++b6Q=
45,33,T2O7RWIrQxgt1q2iXLp33Z3CX98=,AwXn3azYteCCiECMxxTCFO++b6Q=
46,34,T2O7RWIrQxgt1q2iXLp33Z3CX98=,AwXn3azYteCCiECMxxTCFO++b6Q=
46,36,IO+TdH7cuaJbiYnWlOHr9/GHJEI=,Ws3sMC/oFSW9o9s/BubaIdgoiz8=
43,34,IO+TdH7cuaJbiYnWlOHr9/GHJEI=,RSHSr/PASzTWs52VhMwxiNXmJgo=
45,36,IO+TdH7cuaJbiYnWlOHr9/GHJEI=,Ws3sMC/oFSW9o9s/BubaIdgoiz8=
46,35,IO+TdH7cuaJbiYnWlOHr9/GHJEI=,AwXn3azYteCCiECMxxTCFO++b6Q=
43,33,IO+TdH7cuaJbiYnWlOHr9/GHJEI=,RSHSr/PASzTWs52VhMwxiNXmJgo=
45,35,IO+TdH7cuaJbiYnWlOHr9/GHJEI=,AwXn3azYteCCiECMxxTCFO++b6Q=
45,34,IO+TdH7cuaJbiYnWlOHr9/GHJEI=,AwXn3azYteCCiECMxxTCFO++b6Q=
44,33,IO+TdH7cuaJbiYnWlOHr9/GHJEI=,AwXn3azYteCCiECMxxTCFO++b6Q=
44,34,IO+TdH7cuaJbiYnWlOHr9/GHJEI=,AwXn3azYteCCiECMxxTCFO++b6Q=
44,37,IO+TdH7cuaJbiYnWlOHr9/GHJEI=,Ws3sMC/oFSW9o9s/BubaIdgoiz8=
41,37,IO+TdH7cuaJbiYnWlOHr9/GHJEI=,0D15/YRWAdTPDlpelglJ/MvVXs8=
44,38,IO+TdH7cuaJbiYnWlOHr9/GHJEI=,Ws3sMC/oFSW9o9s/BubaIdgoiz8=
41,35,IO+TdH7cuaJbiYnWlOHr9/GHJEI=,RSHSr/PASzTWs52VhMwxiNXmJgo=
41,38,IO+TdH7cuaJbiYnWlOHr9/GHJEI=,0D15/YRWAdTPDlpelglJ/MvVXs8=
42,35,IO+TdH7cuaJbiYnWlOHr9/GHJEI=,RSHSr/PASzTWs52VhMwxiNXmJgo=
43,38,IO+TdH7cuaJbiYnWlOHr9/GHJEI=,0D15/YRWAdTPDlpelglJ/MvVXs8=
43,37,IO+TdH7cuaJbiYnWlOHr9/GHJEI=,0D15/YRWAdTPDlpelglJ/MvVXs8=
42,37,IO+TdH7cuaJbiYnWlOHr9/GHJEI=,0D15/YRWAdTPDlpelglJ/MvVXs8=
44,36,IO+TdH7cuaJbiYnWlOHr9/GHJEI=,Ws3sMC/oFSW9o9s/BubaIdgoiz8=
44,35,IO+TdH7cuaJbiYnWlOHr9/GHJEI=,AwXn3azYteCCiECMxxTCFO++b6Q=
42,38,IO+TdH7cuaJbiYnWlOHr9/GHJEI=,0D15/YRWAdTPDlpelglJ/MvVXs8=
41,36,IO+TdH7cuaJbiYnWlOHr9/GHJEI=,0D15/YRWAdTPDlpelglJ/MvVXs8=
43,36,IO+TdH7cuaJbiYnWlOHr9/GHJEI=,0D15/YRWAdTPDlpelglJ/MvVXs8=
42,36,IO+TdH7cuaJbiYnWlOHr9/GHJEI=,0D15/YRWAdTPDlpelglJ/MvVXs8=
43,35,IO+TdH7cuaJbiYnWlOHr9/GHJEI=,RSHSr/PASzTWs52VhMwxiNXmJgo=
46,40,1v0+n+KcF9zrzoL8LZPYJrwoWWI=,4kIGv7AL8iPQNASdm6ObY5Rd1p0=
45,39,1v0+n+KcF9zrzoL8LZPYJrwoWWI=,Ws3sMC/oFSW9o9s/BubaIdgoiz8=
46,39,1v0+n+KcF9zrzoL8LZPYJrwoWWI=,Ws3sMC/oFSW9o9s/BubaIdgoiz8=
45,40,8D+vAM/F8U7qpZMbDgsEz7R/f1Q=,4kIGv7AL8iPQNASdm6ObY5Rd1p0=
45,41,8D+vAM/F8U7qpZMbDgsEz7R/f1Q=,4kIGv7AL8iPQNASdm6ObY5Rd1p0=
46,41,8D+vAM/F8U7qpZMbDgsEz7R/f1Q=,4kIGv7AL8iPQNASdm6ObY5Rd1p0=
46,42,8D+vAM/F8U7qpZMbDgsEz7R/f1Q=,4kIGv7AL8iPQNASdm6ObY5Rd1p0=
45,42,8D+vAM/F8U7qpZMbDgsEz7R/f1Q=,4kIGv7AL8iPQNASdm6ObY5Rd1p0=
44,40,8D+vAM/F8U7qpZMbDgsEz7R/f1Q=,4kIGv7AL8iPQNASdm6ObY5Rd1p0=
44,39,8D+vAM/F8U7qpZMbDgsEz7R/f1Q=,Ws3sMC/oFSW9o9s/BubaIdgoiz8=
43,40,8D+vAM/F8U7qpZMbDgsEz7R/f1Q=,n9qHayHmcyAAwRpLzbYPG63AaUo=
44,41,8D+vAM/F8U7qpZMbDgsEz7R/f1Q=,4kIGv7AL8iPQNASdm6ObY5Rd1p0=
41,41,8D+vAM/F8U7qpZMbDgsEz7R/f1Q=,n9qHayHmcyAAwRpLzbYPG63AaUo=
42,41,8D+vAM/F8U7qpZMbDgsEz7R/f1Q=,n9qHayHmcyAAwRpLzbYPG63AaUo=
42,42,8D+vAM/F8U7qpZMbDgsEz7R/f1Q=,n9qHayHmcyAAwRpLzbYPG63AaUo=
41,42,8D+vAM/F8U7qpZMbDgsEz7R/f1Q=,n9qHayHmcyAAwRpLzbYPG63AaUo=
42,40,8D+vAM/F8U7qpZMbDgsEz7R/f1Q=,n9qHayHmcyAAwRpLzbYPG63AaUo=
41,39,8D+vAM/F8U7qpZMbDgsEz7R/f1Q=,0D15/YRWAdTPDlpelglJ/MvVXs8=
43,41,8D+vAM/F8U7qpZMbDgsEz7R/f1Q=,n9qHayHmcyAAwRpLzbYPG63AaUo=
41,40,8D+vAM/F8U7qpZMbDgsEz7R/f1Q=,n9qHayHmcyAAwRpLzbYPG63AaUo=
43,39,8D+vAM/F8U7qpZMbDgsEz7R/f1Q=,0D15/YRWAdTPDlpelglJ/MvVXs8=
42,39,8D+vAM/F8U7qpZMbDgsEz7R/f1Q=,0D15/YRWAdTPDlpelglJ/MvVXs8=
44,42,8D+vAM/F8U7qpZMbDgsEz7R/f1Q=,4kIGv7AL8iPQNASdm6ObY5Rd1p0=
43,42,8D+vAM/F8U7qpZMbDgsEz7R/f1Q=,n9qHayHmcyAAwRpLzbYPG63AaUo=
46,44,8D+vAM/F8U7qpZMbDgsEz7R/f1Q=,w3CtEbtLyYcvwgUe3rIPcCJikK8=
45,45,8D+vAM/F8U7qpZMbDgsEz7R/f1Q=,w3CtEbtLyYcvwgUe3rIPcCJikK8=
45,46,8D+vAM/F8U7qpZMbDgsEz7R/f1Q=,w3CtEbtLyYcvwgUe3rIPcCJikK8=
46,46,8D+vAM/F8U7qpZMbDgsEz7R/f1Q=,w3CtEbtLyYcvwgUe3rIPcCJikK8=
46,45,8D+vAM/F8U7qpZMbDgsEz7R/f1Q=,w3CtEbtLyYcvwgUe3rIPcCJikK8=
45,44,8D+vAM/F8U7qpZMbDgsEz7R/f1Q=,w3CtEbtLyYcvwgUe3rIPcCJikK8=
46,43,8D+vAM/F8U7qpZMbDgsEz7R/f1Q=,4kIGv7AL8iPQNASdm6ObY5Rd1p0=
45,43,8D+vAM/F8U7qpZMbDgsEz7R/f1Q=,4kIGv7AL8iPQNASdm6ObY5Rd1p0=
43,46,8D+vAM/F8U7qpZMbDgsEz7R/f1Q=,NXFMOdxoBkQTutXepjj/k049Fwo=
44,46,8D+vAM/F8U7qpZMbDgsEz7R/f1Q=,w3CtEbtLyYcvwgUe3rIPcCJikK8=
44,44,8D+vAM/F8U7qpZMbDgsEz7R/f1Q=,w3CtEbtLyYcvwgUe3rIPcCJikK8=
43,45,8D+vAM/F8U7qpZMbDgsEz7R/f1Q=,NXFMOdxoBkQTutXepjj/k049Fwo=
43,44,8D+vAM/F8U7qpZMbDgsEz7R/f1Q=,NXFMOdxoBkQTutXepjj/k049Fwo=
43,43,8D+vAM/F8U7qpZMbDgsEz7R/f1Q=,n9qHayHmcyAAwRpLzbYPG63AaUo=
42,45,8D+vAM/F8U7qpZMbDgsEz7R/f1Q=,NXFMOdxoBkQTutXepjj/k049Fwo=
44,45,8D+vAM/F8U7qpZMbDgsEz7R/f1Q=,w3CtEbtLyYcvwgUe3rIPcCJikK8=
42,44,8D+vAM/F8U7qpZMbDgsEz7R/f1Q=,NXFMOdxoBkQTutXepjj/k049Fwo=
42,43,8D+vAM/F8U7qpZMbDgsEz7R/f1Q=,n9qHayHmcyAAwRpLzbYPG63AaUo=
41,45,8D+vAM/F8U7qpZMbDgsEz7R/f1Q=,NXFMOdxoBkQTutXepjj/k049Fwo=
41,43,8D+vAM/F8U7qpZMbDgsEz7R/f1Q=,n9qHayHmcyAAwRpLzbYPG63AaUo=
44,43,8D+vAM/F8U7qpZMbDgsEz7R/f1Q=,4kIGv7AL8iPQNASdm6ObY5Rd1p0=
41,44,8D+vAM/F8U7qpZMbDgsEz7R/f1Q=,NXFMOdxoBkQTutXepjj/k049Fwo=
41,46,8D+vAM/F8U7qpZMbDgsEz7R/f1Q=,NXFMOdxoBkQTutXepjj/k049Fwo=
42,46,8D+vAM/F8U7qpZMbDgsEz7R/f1Q=,NXFMOdxoBkQTutXepjj/k049Fwo=
34,42,8D+vAM/F8U7qpZMbDgsEz7R/f1Q=,TAbzyMN/yYJ2LRm3pJzK68wX/4M=
34,41,8D+vAM/F8U7qpZMbDgsEz7R/f1Q=,TAbzyMN/yYJ2LRm3pJzK68wX/4M=
33,42,8D+vAM/F8U7qpZMbDgsEz7R/f1Q=,TAbzyMN/yYJ2LRm3pJzK68wX/4M=
33,41,8D+vAM/F8U7qpZMbDgsEz7R/f1Q=,TAbzyMN/yYJ2LRm3pJzK68wX/4M=
35,42,8D+vAM/F8U7qpZMbDgsEz7R/f1Q=,TAbzyMN/yYJ2LRm3pJzK68wX/4M=
35,41,8D+vAM/F8U7qpZMbDgsEz7R/f1Q=,TAbzyMN/yYJ2LRm3pJzK68wX/4M=
36,41,8D+vAM/F8U7qpZMbDgsEz7R/f1Q=,86zIy13oxFGXv46zrSfBPjUUkUU=
36,42,8D+vAM/F8U7qpZMbDgsEz7R/f1Q=,86zIy13oxFGXv46zrSfBPjUUkUU=
37,41,8D+vAM/F8U7qpZMbDgsEz7R/f1Q=,86zIy13oxFGXv46zrSfBPjUUkUU=
37,42,8D+vAM/F8U7qpZMbDgsEz7R/f1Q=,86zIy13oxFGXv46zrSfBPjUUkUU=
38,41,8D+vAM/F8U7qpZMbDgsEz7R/f1Q=,86zIy13oxFGXv46zrSfBPjUUkUU=
38,42,8D+vAM/F8U7qpZMbDgsEz7R/f1Q=,86zIy13oxFGXv46zrSfBPjUUkUU=
39,42,8D+vAM/F8U7qpZMbDgsEz7R/f1Q=,86zIy13oxFGXv46zrSfBPjUUkUU=
40,41,8D+vAM/F8U7qpZMbDgsEz7R/f1Q=,n9qHayHmcyAAwRpLzbYPG63AaUo=
39,41,8D+vAM/F8U7qpZMbDgsEz7R/f1Q=,86zIy13oxFGXv46zrSfBPjUUkUU=
33,43,8D+vAM/F8U7qpZMbDgsEz7R/f1Q=,TAbzyMN/yYJ2LRm3pJzK68wX/4M=
40,42,8D+vAM/F8U7qpZMbDgsEz7R/f1Q=,n9qHayHmcyAAwRpLzbYPG63AaUo=
34,44,8D+vAM/F8U7qpZMbDgsEz7R/f1Q=,sxhl9zlR3SB5CnFyI3iMl60ao90=
34,43,8D+vAM/F8U7qpZMbDgsEz7R/f1Q=,TAbzyMN/yYJ2LRm3pJzK68wX/4M=
34,46,8D+vAM/F8U7qpZMbDgsEz7R/f1Q=,sxhl9zlR3SB5CnFyI3iMl60ao90=
33,44,8D+vAM/F8U7qpZMbDgsEz7R/f1Q=,sxhl9zlR3SB5CnFyI3iMl60ao90=
34,45,8D+vAM/F8U7qpZMbDgsEz7R/f1Q=,sxhl9zlR3SB5CnFyI3iMl60ao90=
33,45,8D+vAM/F8U7qpZMbDgsEz7R/f1Q=,sxhl9zlR3SB5CnFyI3iMl60ao90=
35,44,8D+vAM/F8U7qpZMbDgsEz7R/f1Q=,sxhl9zlR3SB5CnFyI3iMl60ao90=
36,43,8D+vAM/F8U7qpZMbDgsEz7R/f1Q=,86zIy13oxFGXv46zrSfBPjUUkUU=
33,46,8D+vAM/F8U7qpZMbDgsEz7R/f1Q=,sxhl9zlR3SB5CnFyI3iMl60ao90=
35,43,8D+vAM/F8U7qpZMbDgsEz7R/f1Q=,TAbzyMN/yYJ2LRm3pJzK68wX/4M=
40,44,8D+vAM/F8U7qpZMbDgsEz7R/f1Q=,NXFMOdxoBkQTutXepjj/k049Fwo=
39,46,8D+vAM/F8U7qpZMbDgsEz7R/f1Q=,Fea2HE5tLGV6ncSe4os9dMtnt4Y=
40,45,8D+vAM/F8U7qpZMbDgsEz7R/f1Q=,NXFMOdxoBkQTutXepjj/k049Fwo=
39,45,8D+vAM/F8U7qpZMbDgsEz7R/f1Q=,Fea2HE5tLGV6ncSe4os9dMtnt4Y=
35,45,8D+vAM/F8U7qpZMbDgsEz7R/f1Q=,sxhl9zlR3SB5CnFyI3iMl60ao90=
36,44,8D+vAM/F8U7qpZMbDgsEz7R/f1Q=,Fea2HE5tLGV6ncSe4os9dMtnt4Y=
37,43,8D+vAM/F8U7qpZMbDgsEz7R/f1Q=,86zIy13oxFGXv46zrSfBPjUUkUU=
39,44,8D+vAM/F8U7qpZMbDgsEz7R/f1Q=,Fea2HE5tLGV6ncSe4os9dMtnt4Y=
38,44,8D+vAM/F8U7qpZMbDgsEz7R/f1Q=,Fea2HE5tLGV6ncSe4os9dMtnt4Y=
35,46,8D+vAM/F8U7qpZMbDgsEz7R/f1Q=,sxhl9zlR3SB5CnFyI3iMl60ao90=
40,46,8D+vAM/F8U7qpZMbDgsEz7R/f1Q=,NXFMOdxoBkQTutXepjj/k049Fwo=
37,45,8D+vAM/F8U7qpZMbDgsEz7R/f1Q=,Fea2HE5tLGV6ncSe4os9dMtnt4Y=
38,45,8D+vAM/F8U7qpZMbDgsEz7R/f1Q=,Fea2HE5tLGV6ncSe4os9dMtnt4Y=
38,43,8D+vAM/F8U7qpZMbDgsEz7R/f1Q=,86zIy13oxFGXv46zrSfBPjUUkUU=
39,43,8D+vAM/F8U7qpZMbDgsEz7R/f1Q=,86zIy13oxFGXv46zrSfBPjUUkUU=
36,46,8D+vAM/F8U7qpZMbDgsEz7R/f1Q=,Fea2HE5tLGV6ncSe4os9dMtnt4Y=
40,43,8D+vAM/F8U7qpZMbDgsEz7R/f1Q=,n9qHayHmcyAAwRpLzbYPG63AaUo=
37,44,8D+vAM/F8U7qpZMbDgsEz7R/f1Q=,Fea2HE5tLGV6ncSe4os9dMtnt4Y=
36,45,8D+vAM/F8U7qpZMbDgsEz7R/f1Q=,Fea2HE5tLGV6ncSe4os9dMtnt4Y=
38,46,8D+vAM/F8U7qpZMbDgsEz7R/f1Q=,Fea2HE5tLGV6ncSe4os9dMtnt4Y=
37,46,8D+vAM/F8U7qpZMbDgsEz7R/f1Q=,Fea2HE5tLGV6ncSe4os9dMtnt4Y=
40,34,8D+vAM/F8U7qpZMbDgsEz7R/f1Q=,RSHSr/PASzTWs52VhMwxiNXmJgo=
39,34,8D+vAM/F8U7qpZMbDgsEz7R/f1Q=,1Nekj4Wf6O3JbfCKUHENNjQY6To=
38,34,8D+vAM/F8U7qpZMbDgsEz7R/f1Q=,1Nekj4Wf6O3JbfCKUHENNjQY6To=
40,33,8D+vAM/F8U7qpZMbDgsEz7R/f1Q=,RSHSr/PASzTWs52VhMwxiNXmJgo=
39,33,8D+vAM/F8U7qpZMbDgsEz7R/f1Q=,1Nekj4Wf6O3JbfCKUHENNjQY6To=
37,33,8D+vAM/F8U7qpZMbDgsEz7R/f1Q=,1Nekj4Wf6O3JbfCKUHENNjQY6To=
37,34,8D+vAM/F8U7qpZMbDgsEz7R/f1Q=,1Nekj4Wf6O3JbfCKUHENNjQY6To=
38,33,8D+vAM/F8U7qpZMbDgsEz7R/f1Q=,1Nekj4Wf6O3JbfCKUHENNjQY6To=
37,32,8D+vAM/F8U7qpZMbDgsEz7R/f1Q=,1Nekj4Wf6O3JbfCKUHENNjQY6To=
38,32,8D+vAM/F8U7qpZMbDgsEz7R/f1Q=,1Nekj4Wf6O3JbfCKUHENNjQY6To=
32,42,8D+vAM/F8U7qpZMbDgsEz7R/f1Q=,TAbzyMN/yYJ2LRm3pJzK68wX/4M=
32,41,8D+vAM/F8U7qpZMbDgsEz7R/f1Q=,TAbzyMN/yYJ2LRm3pJzK68wX/4M=
32,46,8D+vAM/F8U7qpZMbDgsEz7R/f1Q=,sxhl9zlR3SB5CnFyI3iMl60ao90=
32,45,8D+vAM/F8U7qpZMbDgsEz7R/f1Q=,sxhl9zlR3SB5CnFyI3iMl60ao90=
32,43,8D+vAM/F8U7qpZMbDgsEz7R/f1Q=,TAbzyMN/yYJ2LRm3pJzK68wX/4M=
32,44,8D+vAM/F8U7qpZMbDgsEz7R/f1Q=,sxhl9zlR3SB5CnFyI3iMl60ao90=
33,47,8D+vAM/F8U7qpZMbDgsEz7R/f1Q=,sxhl9zlR3SB5CnFyI3iMl60ao90=
34,47,8D+vAM/F8U7qpZMbDgsEz7R/f1Q=,sxhl9zlR3SB5CnFyI3iMl60ao90=
40,35,8D+vAM/F8U7qpZMbDgsEz7R/f1Q=,RSHSr/PASzTWs52VhMwxiNXmJgo=
40,37,8D+vAM/F8U7qpZMbDgsEz7R/f1Q=,0D15/YRWAdTPDlpelglJ/MvVXs8=
40,36,8D+vAM/F8U7qpZMbDgsEz7R/f1Q=,0D15/YRWAdTPDlpelglJ/MvVXs8=
39,36,8D+vAM/F8U7qpZMbDgsEz7R/f1Q=,Uyc+Cwa4VbgaxaL/++SNKQhagic=
39,39,8D+vAM/F8U7qpZMbDgsEz7R/f1Q=,Uyc+Cwa4VbgaxaL/++SNKQhagic=
37,37,8D+vAM/F8U7qpZMbDgsEz7R/f1Q=,Uyc+Cwa4VbgaxaL/++SNKQhagic=
40,39,8D+vAM/F8U7qpZMbDgsEz7R/f1Q=,0D15/YRWAdTPDlpelglJ/MvVXs8=
37,40,8D+vAM/F8U7qpZMbDgsEz7R/f1Q=,86zIy13oxFGXv46zrSfBPjUUkUU=
38,37,8D+vAM/F8U7qpZMbDgsEz7R/f1Q=,Uyc+Cwa4VbgaxaL/++SNKQhagic=
37,38,8D+vAM/F8U7qpZMbDgsEz7R/f1Q=,Uyc+Cwa4VbgaxaL/++SNKQhagic=
38,39,8D+vAM/F8U7qpZMbDgsEz7R/f1Q=,Uyc+Cwa4VbgaxaL/++SNKQhagic=
38,36,8D+vAM/F8U7qpZMbDgsEz7R/f1Q=,Uyc+Cwa4VbgaxaL/++SNKQhagic=
38,47,8D+vAM/F8U7qpZMbDgsEz7R/f1Q=,Fea2HE5tLGV6ncSe4os9dMtnt4Y=
35,47,8D+vAM/F8U7qpZMbDgsEz7R/f1Q=,sxhl9zlR3SB5CnFyI3iMl60ao90=
39,35,8D+vAM/F8U7qpZMbDgsEz7R/f1Q=,1Nekj4Wf6O3JbfCKUHENNjQY6To=
38,40,8D+vAM/F8U7qpZMbDgsEz7R/f1Q=,86zIy13oxFGXv46zrSfBPjUUkUU=
39,37,8D+vAM/F8U7qpZMbDgsEz7R/f1Q=,Uyc+Cwa4VbgaxaL/++SNKQhagic=
37,47,8D+vAM/F8U7qpZMbDgsEz7R/f1Q=,Fea2HE5tLGV6ncSe4os9dMtnt4Y=
40,38,8D+vAM/F8U7qpZMbDgsEz7R/f1Q=,0D15/YRWAdTPDlpelglJ/MvVXs8=
37,39,8D+vAM/F8U7qpZMbDgsEz7R/f1Q=,Uyc+Cwa4VbgaxaL/++SNKQhagic=
36,47,8D+vAM/F8U7qpZMbDgsEz7R/f1Q=,Fea2HE5tLGV6ncSe4os9dMtnt4Y=
40,40,8D+vAM/F8U7qpZMbDgsEz7R/f1Q=,n9qHayHmcyAAwRpLzbYPG63AaUo=
38,35,8D+vAM/F8U7qpZMbDgsEz7R/f1Q=,1Nekj4Wf6O3JbfCKUHENNjQY6To=
37,36,8D+vAM/F8U7qpZMbDgsEz7R/f1Q=,Uyc+Cwa4VbgaxaL/++SNKQhagic=
39,40,8D+vAM/F8U7qpZMbDgsEz7R/f1Q=,86zIy13oxFGXv46zrSfBPjUUkUU=
37,35,8D+vAM/F8U7qpZMbDgsEz7R/f1Q=,1Nekj4Wf6O3JbfCKUHENNjQY6To=
38,38,8D+vAM/F8U7qpZMbDgsEz7R/f1Q=,Uyc+Cwa4VbgaxaL/++SNKQhagic=
47,41,8D+vAM/F8U7qpZMbDgsEz7R/f1Q=,4kIGv7AL8iPQNASdm6ObY5Rd1p0=
39,38,8D+vAM/F8U7qpZMbDgsEz7R/f1Q=,Uyc+Cwa4VbgaxaL/++SNKQhagic=
47,42,8D+vAM/F8U7qpZMbDgsEz7R/f1Q=,4kIGv7AL8iPQNASdm6ObY5Rd1p0=
41,47,8D+vAM/F8U7qpZMbDgsEz7R/f1Q=,NXFMOdxoBkQTutXepjj/k049Fwo=
46,47,8D+vAM/F8U7qpZMbDgsEz7R/f1Q=,w3CtEbtLyYcvwgUe3rIPcCJikK8=
45,47,8D+vAM/F8U7qpZMbDgsEz7R/f1Q=,w3CtEbtLyYcvwgUe3rIPcCJikK8=
44,47,8D+vAM/F8U7qpZMbDgsEz7R/f1Q=,w3CtEbtLyYcvwgUe3rIPcCJikK8=
43,47,8D+vAM/F8U7qpZMbDgsEz7R/f1Q=,NXFMOdxoBkQTutXepjj/k049Fwo=
47,45,8D+vAM/F8U7qpZMbDgsEz7R/f1Q=,w3CtEbtLyYcvwgUe3rIPcCJikK8=
47,46,8D+vAM/F8U7qpZMbDgsEz7R/f1Q=,w3CtEbtLyYcvwgUe3rIPcCJikK8=
39,47,8D+vAM/F8U7qpZMbDgsEz7R/f1Q=,Fea2HE5tLGV6ncSe4os9dMtnt4Y=
47,47,8D+vAM/F8U7qpZMbDgsEz7R/f1Q=,w3CtEbtLyYcvwgUe3rIPcCJikK8=
42,47,8D+vAM/F8U7qpZMbDgsEz7R/f1Q=,NXFMOdxoBkQTutXepjj/k049Fwo=
40,47,8D+vAM/F8U7qpZMbDgsEz7R/f1Q=,NXFMOdxoBkQTutXepjj/k049Fwo=
47,44,8D+vAM/F8U7qpZMbDgsEz7R/f1Q=,w3CtEbtLyYcvwgUe3rIPcCJikK8=
47,43,8D+vAM/F8U7qpZMbDgsEz7R/f1Q=,4kIGv7AL8iPQNASdm6ObY5Rd1p0=
47,38,8D+vAM/F8U7qpZMbDgsEz7R/f1Q=,Ws3sMC/oFSW9o9s/BubaIdgoiz8=
47,39,8D+vAM/F8U7qpZMbDgsEz7R/f1Q=,Ws3sMC/oFSW9o9s/BubaIdgoiz8=
47,37,8D+vAM/F8U7qpZMbDgsEz7R/f1Q=,Ws3sMC/oFSW9o9s/BubaIdgoiz8=
47,40,8D+vAM/F8U7qpZMbDgsEz7R/f1Q=,4kIGv7AL8iPQNASdm6ObY5Rd1p0=
46,32,8D+vAM/F8U7qpZMbDgsEz7R/f1Q=,AwXn3azYteCCiECMxxTCFO++b6Q=
45,32,8D+vAM/F8U7qpZMbDgsEz7R/f1Q=,AwXn3azYteCCiECMxxTCFO++b6Q=
40,32,8D+vAM/F8U7qpZMbDgsEz7R/f1Q=,RSHSr/PASzTWs52VhMwxiNXmJgo=
41,32,8D+vAM/F8U7qpZMbDgsEz7R/f1Q=,RSHSr/PASzTWs52VhMwxiNXmJgo=
47,33,8D+vAM/F8U7qpZMbDgsEz7R/f1Q=,AwXn3azYteCCiECMxxTCFO++b6Q=
47,36,8D+vAM/F8U7qpZMbDgsEz7R/f1Q=,Ws3sMC/oFSW9o9s/BubaIdgoiz8=
47,32,8D+vAM/F8U7qpZMbDgsEz7R/f1Q=,AwXn3azYteCCiECMxxTCFO++b6Q=
39,32,8D+vAM/F8U7qpZMbDgsEz7R/f1Q=,1Nekj4Wf6O3JbfCKUHENNjQY6To=
44,32,8D+vAM/F8U7qpZMbDgsEz7R/f1Q=,AwXn3azYteCCiECMxxTCFO++b6Q=
47,34,8D+vAM/F8U7qpZMbDgsEz7R/f1Q=,AwXn3azYteCCiECMxxTCFO++b6Q=
42,32,8D+vAM/F8U7qpZMbDgsEz7R/f1Q=,RSHSr/PASzTWs52VhMwxiNXmJgo=
32,47,8D+vAM/F8U7qpZMbDgsEz7R/f1Q=,sxhl9zlR3SB5CnFyI3iMl60ao90=
43,32,8D+vAM/F8U7qpZMbDgsEz7R/f1Q=,RSHSr/PASzTWs52VhMwxiNXmJgo=
47,35,8D+vAM/F8U7qpZMbDgsEz7R/f1Q=,AwXn3azYteCCiECMxxTCFO++b6Q=
35,40,8D+vAM/F8U7qpZMbDgsEz7R/f1Q=,TAbzyMN/yYJ2LRm3pJzK68wX/4M=
36,40,8D+vAM/F8U7qpZMbDgsEz7R/f1Q=,86zIy13oxFGXv46zrSfBPjUUkUU=
34,40,8D+vAM/F8U7qpZMbDgsEz7R/f1Q=,TAbzyMN/yYJ2LRm3pJzK68wX/4M=
33,37,8D+vAM/F8U7qpZMbDgsEz7R/f1Q=,yUsqKKtx5V/CNcD7mCVRPTtg9Xs=
32,39,8D+vAM/F8U7qpZMbDgsEz7R/f1Q=,yUsqKKtx5V/CNcD7mCVRPTtg9Xs=
36,38,8D+vAM/F8U7qpZMbDgsEz7R/f1Q=,Uyc+Cwa4VbgaxaL/++SNKQhagic=
33,39,8D+vAM/F8U7qpZMbDgsEz7R/f1Q=,yUsqKKtx5V/CNcD7mCVRPTtg9Xs=
34,37,8D+vAM/F8U7qpZMbDgsEz7R/f1Q=,yUsqKKtx5V/CNcD7mCVRPTtg9Xs=
34,39,8D+vAM/F8U7qpZMbDgsEz7R/f1Q=,yUsqKKtx5V/CNcD7mCVRPTtg9Xs=
35,37,8D+vAM/F8U7qpZMbDgsEz7R/f1Q=,yUsqKKtx5V/CNcD7mCVRPTtg9Xs=
33,40,8D+vAM/F8U7qpZMbDgsEz7R/f1Q=,TAbzyMN/yYJ2LRm3pJzK68wX/4M=
32,40,8D+vAM/F8U7qpZMbDgsEz7R/f1Q=,TAbzyMN/yYJ2LRm3pJzK68wX/4M=
35,38,8D+vAM/F8U7qpZMbDgsEz7R/f1Q=,yUsqKKtx5V/CNcD7mCVRPTtg9Xs=
32,37,8D+vAM/F8U7qpZMbDgsEz7R/f1Q=,yUsqKKtx5V/CNcD7mCVRPTtg9Xs=
36,39,8D+vAM/F8U7qpZMbDgsEz7R/f1Q=,Uyc+Cwa4VbgaxaL/++SNKQhagic=
32,38,8D+vAM/F8U7qpZMbDgsEz7R/f1Q=,yUsqKKtx5V/CNcD7mCVRPTtg9Xs=
33,38,8D+vAM/F8U7qpZMbDgsEz7R/f1Q=,yUsqKKtx5V/CNcD7mCVRPTtg9Xs=
34,38,8D+vAM/F8U7qpZMbDgsEz7R/f1Q=,yUsqKKtx5V/CNcD7mCVRPTtg9Xs=
36,37,8D+vAM/F8U7qpZMbDgsEz7R/f1Q=,Uyc+Cwa4VbgaxaL/++SNKQhagic=
35,39,8D+vAM/F8U7qpZMbDgsEz7R/f1Q=,yUsqKKtx5V/CNcD7mCVRPTtg9Xs=
33,34,8D+vAM/F8U7qpZMbDgsEz7R/f1Q=,07VOKtr6KpxHOsO9TsYhEZ2Wca4=
33,32,8D+vAM/F8U7qpZMbDgsEz7R/f1Q=,07VOKtr6KpxHOsO9TsYhEZ2Wca4=
36,32,8D+vAM/F8U7qpZMbDgsEz7R/f1Q=,1Nekj4Wf6O3JbfCKUHENNjQY6To=
34,36,8D+vAM/F8U7qpZMbDgsEz7R/f1Q=,yUsqKKtx5V/CNcD7mCVRPTtg9Xs=
33,36,8D+vAM/F8U7qpZMbDgsEz7R/f1Q=,yUsqKKtx5V/CNcD7mCVRPTtg9Xs=
35,32,8D+vAM/F8U7qpZMbDgsEz7R/f1Q=,07VOKtr6KpxHOsO9TsYhEZ2Wca4=
34,32,8D+vAM/F8U7qpZMbDgsEz7R/f1Q=,07VOKtr6KpxHOsO9TsYhEZ2Wca4=
35,33,8D+vAM/F8U7qpZMbDgsEz7R/f1Q=,07VOKtr6KpxHOsO9TsYhEZ2Wca4=
33,33,8D+vAM/F8U7qpZMbDgsEz7R/f1Q=,07VOKtr6KpxHOsO9TsYhEZ2Wca4=
32,32,8D+vAM/F8U7qpZMbDgsEz7R/f1Q=,07VOKtr6KpxHOsO9TsYhEZ2Wca4=
34,34,8D+vAM/F8U7qpZMbDgsEz7R/f1Q=,07VOKtr6KpxHOsO9TsYhEZ2Wca4=
36,33,8D+vAM/F8U7qpZMbDgsEz7R/f1Q=,1Nekj4Wf6O3JbfCKUHENNjQY6To=
35,36,8D+vAM/F8U7qpZMbDgsEz7R/f1Q=,yUsqKKtx5V/CNcD7mCVRPTtg9Xs=
33,35,8D+vAM/F8U7qpZMbDgsEz7R/f1Q=,07VOKtr6KpxHOsO9TsYhEZ2Wca4=
35,35,8D+vAM/F8U7qpZMbDgsEz7R/f1Q=,07VOKtr6KpxHOsO9TsYhEZ2Wca4=
34,33,8D+vAM/F8U7qpZMbDgsEz7R/f1Q=,07VOKtr6KpxHOsO9TsYhEZ2Wca4=
32,35,8D+vAM/F8U7qpZMbDgsEz7R/f1Q=,07VOKtr6KpxHOsO9TsYhEZ2Wca4=
32,33,8D+vAM/F8U7qpZMbDgsEz7R/f1Q=,07VOKtr6KpxHOsO9TsYhEZ2Wca4=
32,36,8D+vAM/F8U7qpZMbDgsEz7R/f1Q=,yUsqKKtx5V/CNcD7mCVRPTtg9Xs=
34,35,8D+vAM/F8U7qpZMbDgsEz7R/f1Q=,07VOKtr6KpxHOsO9TsYhEZ2Wca4=
32,34,8D+vAM/F8U7qpZMbDgsEz7R/f1Q=,07VOKtr6KpxHOsO9TsYhEZ2Wca4=
36,34,8D+vAM/F8U7qpZMbDgsEz7R/f1Q=,1Nekj4Wf6O3JbfCKUHENNjQY6To=
36,36,8D+vAM/F8U7qpZMbDgsEz7R/f1Q=,Uyc+Cwa4VbgaxaL/++SNKQhagic=
36,35,8D+vAM/F8U7qpZMbDgsEz7R/f1Q=,1Nekj4Wf6O3JbfCKUHENNjQY6To=
35,34,8D+vAM/F8U7qpZMbDgsEz7R/f1Q=,07VOKtr6KpxHOsO9TsYhEZ2Wca4=
38,53,8D+vAM/F8U7qpZMbDgsEz7R/f1Q=,3GKMglDFk+luCchptvZkZG0La2Y=
38,54,8D+vAM/F8U7qpZMbDgsEz7R/f1Q=,3GKMglDFk+luCchptvZkZG0La2Y=
37,53,8D+vAM/F8U7qpZMbDgsEz7R/f1Q=,3GKMglDFk+luCchptvZkZG0La2Y=
41,53,8D+vAM/F8U7qpZMbDgsEz7R/f1Q=,cHnJYLJe1EpMYAq/o0nBDMsAhbo=
37,54,8D+vAM/F8U7qpZMbDgsEz7R/f1Q=,3GKMglDFk+luCchptvZkZG0La2Y=
42,53,8D+vAM/F8U7qpZMbDgsEz7R/f1Q=,cHnJYLJe1EpMYAq/o0nBDMsAhbo=
40,54,8D+vAM/F8U7qpZMbDgsEz7R/f1Q=,cHnJYLJe1EpMYAq/o0nBDMsAhbo=
39,53,8D+vAM/F8U7qpZMbDgsEz7R/f1Q=,3GKMglDFk+luCchptvZkZG0La2Y=
40,53,8D+vAM/F8U7qpZMbDgsEz7R/f1Q=,cHnJYLJe1EpMYAq/o0nBDMsAhbo=
41,54,8D+vAM/F8U7qpZMbDgsEz7R/f1Q=,cHnJYLJe1EpMYAq/o0nBDMsAhbo=
42,54,8D+vAM/F8U7qpZMbDgsEz7R/f1Q=,cHnJYLJe1EpMYAq/o0nBDMsAhbo=
39,54,8D+vAM/F8U7qpZMbDgsEz7R/f1Q=,3GKMglDFk+luCchptvZkZG0La2Y=
36,53,8D+vAM/F8U7qpZMbDgsEz7R/f1Q=,3GKMglDFk+luCchptvZkZG0La2Y=
33,54,8D+vAM/F8U7qpZMbDgsEz7R/f1Q=,G7EIs9EKusZz7RpieYtgOuUtfuA=
34,54,8D+vAM/F8U7qpZMbDgsEz7R/f1Q=,G7EIs9EKusZz7RpieYtgOuUtfuA=
36,54,8D+vAM/F8U7qpZMbDgsEz7R/f1Q=,3GKMglDFk+luCchptvZkZG0La2Y=
35,53,8D+vAM/F8U7qpZMbDgsEz7R/f1Q=,G7EIs9EKusZz7RpieYtgOuUtfuA=
35,54,YlYqto2Es4G+dLCmQ1ObfNdwsLM=,G7EIs9EKusZz7RpieYtgOuUtfuA=
33,53,YlYqto2Es4G+dLCmQ1ObfNdwsLM=,G7EIs9EKusZz7RpieYtgOuUtfuA=
34,53,YlYqto2Es4G+dLCmQ1ObfNdwsLM=,G7EIs9EKusZz7RpieYtgOuUtfuA=
33,52,YlYqto2Es4G+dLCmQ1ObfNdwsLM=,G7EIs9EKusZz7RpieYtgOuUtfuA=
34,51,YlYqto2Es4G+dLCmQ1ObfNdwsLM=,lrGPU5XAiZQmZikW3A8/DszOqSU=
34,52,YlYqto2Es4G+dLCmQ1ObfNdwsLM=,G7EIs9EKusZz7RpieYtgOuUtfuA=
33,51,YlYqto2Es4G+dLCmQ1ObfNdwsLM=,lrGPU5XAiZQmZikW3A8/DszOqSU=
33,50,YlYqto2Es4G+dLCmQ1ObfNdwsLM=,lrGPU5XAiZQmZikW3A8/DszOqSU=
34,50,YlYqto2Es4G+dLCmQ1ObfNdwsLM=,lrGPU5XAiZQmZikW3A8/DszOqSU=
36,51,YlYqto2Es4G+dLCmQ1ObfNdwsLM=,qjzhy1GOvEgzlrZTsJUM0i2/zMk=
36,52,YlYqto2Es4G+dLCmQ1ObfNdwsLM=,3GKMglDFk+luCchptvZkZG0La2Y=
37,51,YlYqto2Es4G+dLCmQ1ObfNdwsLM=,qjzhy1GOvEgzlrZTsJUM0i2/zMk=
38,52,YlYqto2Es4G+dLCmQ1ObfNdwsLM=,3GKMglDFk+luCchptvZkZG0La2Y=
38,51,YlYqto2Es4G+dLCmQ1ObfNdwsLM=,qjzhy1GOvEgzlrZTsJUM0i2/zMk=
35,52,YlYqto2Es4G+dLCmQ1ObfNdwsLM=,G7EIs9EKusZz7RpieYtgOuUtfuA=
37,52,YlYqto2Es4G+dLCmQ1ObfNdwsLM=,3GKMglDFk+luCchptvZkZG0La2Y=
35,51,YlYqto2Es4G+dLCmQ1ObfNdwsLM=,lrGPU5XAiZQmZikW3A8/DszOqSU=
34,49,YlYqto2Es4G+dLCmQ1ObfNdwsLM=,lrGPU5XAiZQmZikW3A8/DszOqSU=
38,50,YlYqto2Es4G+dLCmQ1ObfNdwsLM=,qjzhy1GOvEgzlrZTsJUM0i2/zMk=
36,50,YlYqto2Es4G+dLCmQ1ObfNdwsLM=,qjzhy1GOvEgzlrZTsJUM0i2/zMk=
33,49,YlYqto2Es4G+dLCmQ1ObfNdwsLM=,lrGPU5XAiZQmZikW3A8/DszOqSU=
37,50,YlYqto2Es4G+dLCmQ1ObfNdwsLM=,qjzhy1GOvEgzlrZTsJUM0i2/zMk=
35,50,YlYqto2Es4G+dLCmQ1ObfNdwsLM=,lrGPU5XAiZQmZikW3A8/DszOqSU=
37,49,YlYqto2Es4G+dLCmQ1ObfNdwsLM=,qjzhy1GOvEgzlrZTsJUM0i2/zMk=
36,49,YlYqto2Es4G+dLCmQ1ObfNdwsLM=,qjzhy1GOvEgzlrZTsJUM0i2/zMk=
35,49,YlYqto2Es4G+dLCmQ1ObfNdwsLM=,lrGPU5XAiZQmZikW3A8/DszOqSU=
38,49,YlYqto2Es4G+dLCmQ1ObfNdwsLM=,qjzhy1GOvEgzlrZTsJUM0i2/zMk=
44,53,YlYqto2Es4G+dLCmQ1ObfNdwsLM=,mDlsstetI1bJpnthycNKp67exUE=
45,53,YlYqto2Es4G+dLCmQ1ObfNdwsLM=,mDlsstetI1bJpnthycNKp67exUE=
46,53,YlYqto2Es4G+dLCmQ1ObfNdwsLM=,mDlsstetI1bJpnthycNKp67exUE=
44,54,YlYqto2Es4G+dLCmQ1ObfNdwsLM=,mDlsstetI1bJpnthycNKp67exUE=
45,54,YlYqto2Es4G+dLCmQ1ObfNdwsLM=,mDlsstetI1bJpnthycNKp67exUE=
46,54,YlYqto2Es4G+dLCmQ1ObfNdwsLM=,mDlsstetI1bJpnthycNKp67exUE=
43,53,YlYqto2Es4G+dLCmQ1ObfNdwsLM=,cHnJYLJe1EpMYAq/o0nBDMsAhbo=
43,54,YlYqto2Es4G+dLCmQ1ObfNdwsLM=,cHnJYLJe1EpMYAq/o0nBDMsAhbo=
40,51,YlYqto2Es4G+dLCmQ1ObfNdwsLM=,sgjyS6MBTGgxZGIuWF5aaz/fS08=
41,51,YlYqto2Es4G+dLCmQ1ObfNdwsLM=,sgjyS6MBTGgxZGIuWF5aaz/fS08=
39,51,YlYqto2Es4G+dLCmQ1ObfNdwsLM=,qjzhy1GOvEgzlrZTsJUM0i2/zMk=
42,51,YlYqto2Es4G+dLCmQ1ObfNdwsLM=,sgjyS6MBTGgxZGIuWF5aaz/fS08=
39,52,YlYqto2Es4G+dLCmQ1ObfNdwsLM=,3GKMglDFk+luCchptvZkZG0La2Y=
40,52,YlYqto2Es4G+dLCmQ1ObfNdwsLM=,cHnJYLJe1EpMYAq/o0nBDMsAhbo=
41,52,YlYqto2Es4G+dLCmQ1ObfNdwsLM=,cHnJYLJe1EpMYAq/o0nBDMsAhbo=
41,50,YlYqto2Es4G+dLCmQ1ObfNdwsLM=,sgjyS6MBTGgxZGIuWF5aaz/fS08=
40,50,YlYqto2Es4G+dLCmQ1ObfNdwsLM=,sgjyS6MBTGgxZGIuWF5aaz/fS08=
42,52,YlYqto2Es4G+dLCmQ1ObfNdwsLM=,cHnJYLJe1EpMYAq/o0nBDMsAhbo=
42,50,YlYqto2Es4G+dLCmQ1ObfNdwsLM=,sgjyS6MBTGgxZGIuWF5aaz/fS08=
39,49,YlYqto2Es4G+dLCmQ1ObfNdwsLM=,qjzhy1GOvEgzlrZTsJUM0i2/zMk=
42,49,YlYqto2Es4G+dLCmQ1ObfNdwsLM=,sgjyS6MBTGgxZGIuWF5aaz/fS08=
40,49,YlYqto2Es4G+dLCmQ1ObfNdwsLM=,sgjyS6MBTGgxZGIuWF5aaz/fS08=
41,49,YlYqto2Es4G+dLCmQ1ObfNdwsLM=,sgjyS6MBTGgxZGIuWF5aaz/fS08=
43,51,YlYqto2Es4G+dLCmQ1ObfNdwsLM=,sgjyS6MBTGgxZGIuWF5aaz/fS08=
44,51,YlYqto2Es4G+dLCmQ1ObfNdwsLM=,5C5j4BVoaD9AYj2molbA8Bbvi+k=
39,50,YlYqto2Es4G+dLCmQ1ObfNdwsLM=,qjzhy1GOvEgzlrZTsJUM0i2/zMk=
45,51,YlYqto2Es4G+dLCmQ1ObfNdwsLM=,5C5j4BVoaD9AYj2molbA8Bbvi+k=
46,51,YlYqto2Es4G+dLCmQ1ObfNdwsLM=,5C5j4BVoaD9AYj2molbA8Bbvi+k=
43,52,YlYqto2Es4G+dLCmQ1ObfNdwsLM=,cHnJYLJe1EpMYAq/o0nBDMsAhbo=
46,52,YlYqto2Es4G+dLCmQ1ObfNdwsLM=,mDlsstetI1bJpnthycNKp67exUE=
45,52,YlYqto2Es4G+dLCmQ1ObfNdwsLM=,mDlsstetI1bJpnthycNKp67exUE=
44,52,YlYqto2Es4G+dLCmQ1ObfNdwsLM=,mDlsstetI1bJpnthycNKp67exUE=
43,50,YlYqto2Es4G+dLCmQ1ObfNdwsLM=,sgjyS6MBTGgxZGIuWF5aaz/fS08=
46,50,YlYqto2Es4G+dLCmQ1ObfNdwsLM=,5C5j4BVoaD9AYj2molbA8Bbvi+k=
45,50,YlYqto2Es4G+dLCmQ1ObfNdwsLM=,5C5j4BVoaD9AYj2molbA8Bbvi+k=
44,50,YlYqto2Es4G+dLCmQ1ObfNdwsLM=,5C5j4BVoaD9AYj2molbA8Bbvi+k=
46,49,YlYqto2Es4G+dLCmQ1ObfNdwsLM=,5C5j4BVoaD9AYj2molbA8Bbvi+k=
44,49,YlYqto2Es4G+dLCmQ1ObfNdwsLM=,5C5j4BVoaD9AYj2molbA8Bbvi+k=
45,49,YlYqto2Es4G+dLCmQ1ObfNdwsLM=,5C5j4BVoaD9AYj2molbA8Bbvi+k=
43,49,YlYqto2Es4G+dLCmQ1ObfNdwsLM=,sgjyS6MBTGgxZGIuWF5aaz/fS08=
45,57,YlYqto2Es4G+dLCmQ1ObfNdwsLM=,qCK9a+VQv9vKX6E0kfeLFSczyu4=
46,57,YlYqto2Es4G+dLCmQ1ObfNdwsLM=,qCK9a+VQv9vKX6E0kfeLFSczyu4=
46,55,YlYqto2Es4G+dLCmQ1ObfNdwsLM=,mDlsstetI1bJpnthycNKp67exUE=
45,55,YlYqto2Es4G+dLCmQ1ObfNdwsLM=,mDlsstetI1bJpnthycNKp67exUE=
46,58,YlYqto2Es4G+dLCmQ1ObfNdwsLM=,qCK9a+VQv9vKX6E0kfeLFSczyu4=
46,56,YlYqto2Es4G+dLCmQ1ObfNdwsLM=,qCK9a+VQv9vKX6E0kfeLFSczyu4=
34,56,YlYqto2Es4G+dLCmQ1ObfNdwsLM=,T8CWiZamgYgWXyj900Ww9BIwFJg=
34,55,YlYqto2Es4G+dLCmQ1ObfNdwsLM=,G7EIs9EKusZz7RpieYtgOuUtfuA=
33,56,YlYqto2Es4G+dLCmQ1ObfNdwsLM=,T8CWiZamgYgWXyj900Ww9BIwFJg=
33,55,YlYqto2Es4G+dLCmQ1ObfNdwsLM=,G7EIs9EKusZz7RpieYtgOuUtfuA=
45,58,YlYqto2Es4G+dLCmQ1ObfNdwsLM=,qCK9a+VQv9vKX6E0kfeLFSczyu4=
33,57,YlYqto2Es4G+dLCmQ1ObfNdwsLM=,T8CWiZamgYgWXyj900Ww9BIwFJg=
34,59,YlYqto2Es4G+dLCmQ1ObfNdwsLM=,T8CWiZamgYgWXyj900Ww9BIwFJg=
33,59,YlYqto2Es4G+dLCmQ1ObfNdwsLM=,T8CWiZamgYgWXyj900Ww9BIwFJg=
34,57,YlYqto2Es4G+dLCmQ1ObfNdwsLM=,T8CWiZamgYgWXyj900Ww9BIwFJg=
45,56,YlYqto2Es4G+dLCmQ1ObfNdwsLM=,qCK9a+VQv9vKX6E0kfeLFSczyu4=
34,58,YlYqto2Es4G+dLCmQ1ObfNdwsLM=,T8CWiZamgYgWXyj900Ww9BIwFJg=
32,57,YlYqto2Es4G+dLCmQ1ObfNdwsLM=,T8CWiZamgYgWXyj900Ww9BIwFJg=
32,56,YlYqto2Es4G+dLCmQ1ObfNdwsLM=,T8CWiZamgYgWXyj900Ww9BIwFJg=
33,58,YlYqto2Es4G+dLCmQ1ObfNdwsLM=,T8CWiZamgYgWXyj900Ww9BIwFJg=
32,55,YlYqto2Es4G+dLCmQ1ObfNdwsLM=,G7EIs9EKusZz7RpieYtgOuUtfuA=
45,59,YlYqto2Es4G+dLCmQ1ObfNdwsLM=,qCK9a+VQv9vKX6E0kfeLFSczyu4=
32,54,YlYqto2Es4G+dLCmQ1ObfNdwsLM=,G7EIs9EKusZz7RpieYtgOuUtfuA=
46,59,YlYqto2Es4G+dLCmQ1ObfNdwsLM=,qCK9a+VQv9vKX6E0kfeLFSczyu4=
32,58,YlYqto2Es4G+dLCmQ1ObfNdwsLM=,T8CWiZamgYgWXyj900Ww9BIwFJg=
32,52,YlYqto2Es4G+dLCmQ1ObfNdwsLM=,G7EIs9EKusZz7RpieYtgOuUtfuA=
32,50,YlYqto2Es4G+dLCmQ1ObfNdwsLM=,lrGPU5XAiZQmZikW3A8/DszOqSU=
32,51,YlYqto2Es4G+dLCmQ1ObfNdwsLM=,lrGPU5XAiZQmZikW3A8/DszOqSU=
32,53,YlYqto2Es4G+dLCmQ1ObfNdwsLM=,G7EIs9EKusZz7RpieYtgOuUtfuA=
33,48,YlYqto2Es4G+dLCmQ1ObfNdwsLM=,lrGPU5XAiZQmZikW3A8/DszOqSU=
34,48,YlYqto2Es4G+dLCmQ1ObfNdwsLM=,lrGPU5XAiZQmZikW3A8/DszOqSU=
37,48,YlYqto2Es4G+dLCmQ1ObfNdwsLM=,qjzhy1GOvEgzlrZTsJUM0i2/zMk=
32,49,YlYqto2Es4G+dLCmQ1ObfNdwsLM=,lrGPU5XAiZQmZikW3A8/DszOqSU=
38,48,YlYqto2Es4G+dLCmQ1ObfNdwsLM=,qjzhy1GOvEgzlrZTsJUM0i2/zMk=
35,48,YlYqto2Es4G+dLCmQ1ObfNdwsLM=,lrGPU5XAiZQmZikW3A8/DszOqSU=
47,53,YlYqto2Es4G+dLCmQ1ObfNdwsLM=,mDlsstetI1bJpnthycNKp67exUE=
36,48,YlYqto2Es4G+dLCmQ1ObfNdwsLM=,qjzhy1GOvEgzlrZTsJUM0i2/zMk=
47,54,YlYqto2Es4G+dLCmQ1ObfNdwsLM=,mDlsstetI1bJpnthycNKp67exUE=
40,48,YlYqto2Es4G+dLCmQ1ObfNdwsLM=,sgjyS6MBTGgxZGIuWF5aaz/fS08=
46,48,YlYqto2Es4G+dLCmQ1ObfNdwsLM=,5C5j4BVoaD9AYj2molbA8Bbvi+k=
41,48,YlYqto2Es4G+dLCmQ1ObfNdwsLM=,sgjyS6MBTGgxZGIuWF5aaz/fS08=
45,48,YlYqto2Es4G+dLCmQ1ObfNdwsLM=,5C5j4BVoaD9AYj2molbA8Bbvi+k=
43,48,YlYqto2Es4G+dLCmQ1ObfNdwsLM=,sgjyS6MBTGgxZGIuWF5aaz/fS08=
44,48,YlYqto2Es4G+dLCmQ1ObfNdwsLM=,5C5j4BVoaD9AYj2molbA8Bbvi+k=
47,51,YlYqto2Es4G+dLCmQ1ObfNdwsLM=,5C5j4BVoaD9AYj2molbA8Bbvi+k=
47,52,YlYqto2Es4G+dLCmQ1ObfNdwsLM=,mDlsstetI1bJpnthycNKp67exUE=
42,48,YlYqto2Es4G+dLCmQ1ObfNdwsLM=,sgjyS6MBTGgxZGIuWF5aaz/fS08=
39,48,YlYqto2Es4G+dLCmQ1ObfNdwsLM=,qjzhy1GOvEgzlrZTsJUM0i2/zMk=
32,59,YlYqto2Es4G+dLCmQ1ObfNdwsLM=,T8CWiZamgYgWXyj900Ww9BIwFJg=
47,50,YlYqto2Es4G+dLCmQ1ObfNdwsLM=,5C5j4BVoaD9AYj2molbA8Bbvi+k=
43,55,YlYqto2Es4G+dLCmQ1ObfNdwsLM=,cHnJYLJe1EpMYAq/o0nBDMsAhbo=
42,55,YlYqto2Es4G+dLCmQ1ObfNdwsLM=,cHnJYLJe1EpMYAq/o0nBDMsAhbo=
44,59,YlYqto2Es4G+dLCmQ1ObfNdwsLM=,qCK9a+VQv9vKX6E0kfeLFSczyu4=
41,55,YlYqto2Es4G+dLCmQ1ObfNdwsLM=,cHnJYLJe1EpMYAq/o0nBDMsAhbo=
47,48,YlYqto2Es4G+dLCmQ1ObfNdwsLM=,5C5j4BVoaD9AYj2molbA8Bbvi+k=
43,59,YlYqto2Es4G+dLCmQ1ObfNdwsLM=,4Mc2p47z+z/ReASDDYiI4LsspyQ=
44,57,YlYqto2Es4G+dLCmQ1ObfNdwsLM=,qCK9a+VQv9vKX6E0kfeLFSczyu4=
42,59,YlYqto2Es4G+dLCmQ1ObfNdwsLM=,4Mc2p47z+z/ReASDDYiI4LsspyQ=
32,48,YlYqto2Es4G+dLCmQ1ObfNdwsLM=,lrGPU5XAiZQmZikW3A8/DszOqSU=
44,56,YlYqto2Es4G+dLCmQ1ObfNdwsLM=,qCK9a+VQv9vKX6E0kfeLFSczyu4=
43,58,YlYqto2Es4G+dLCmQ1ObfNdwsLM=,4Mc2p47z+z/ReASDDYiI4LsspyQ=
44,58,YlYqto2Es4G+dLCmQ1ObfNdwsLM=,qCK9a+VQv9vKX6E0kfeLFSczyu4=
41,59,YlYqto2Es4G+dLCmQ1ObfNdwsLM=,4Mc2p47z+z/ReASDDYiI4LsspyQ=
47,55,YlYqto2Es4G+dLCmQ1ObfNdwsLM=,mDlsstetI1bJpnthycNKp67exUE=
47,49,YlYqto2Es4G+dLCmQ1ObfNdwsLM=,5C5j4BVoaD9AYj2molbA8Bbvi+k=
42,56,YlYqto2Es4G+dLCmQ1ObfNdwsLM=,4Mc2p47z+z/ReASDDYiI4LsspyQ=
42,57,YlYqto2Es4G+dLCmQ1ObfNdwsLM=,4Mc2p47z+z/ReASDDYiI4LsspyQ=
44,55,YlYqto2Es4G+dLCmQ1ObfNdwsLM=,mDlsstetI1bJpnthycNKp67exUE=
43,57,YlYqto2Es4G+dLCmQ1ObfNdwsLM=,4Mc2p47z+z/ReASDDYiI4LsspyQ=
47,59,YlYqto2Es4G+dLCmQ1ObfNdwsLM=,qCK9a+VQv9vKX6E0kfeLFSczyu4=
42,58,YlYqto2Es4G+dLCmQ1ObfNdwsLM=,4Mc2p47z+z/ReASDDYiI4LsspyQ=
41,56,YlYqto2Es4G+dLCmQ1ObfNdwsLM=,4Mc2p47z+z/ReASDDYiI4LsspyQ=
43,56,YlYqto2Es4G+dLCmQ1ObfNdwsLM=,4Mc2p47z+z/ReASDDYiI4LsspyQ=
47,57,YlYqto2Es4G+dLCmQ1ObfNdwsLM=,qCK9a+VQv9vKX6E0kfeLFSczyu4=
41,57,YlYqto2Es4G+dLCmQ1ObfNdwsLM=,4Mc2p47z+z/ReASDDYiI4LsspyQ=
47,56,YlYqto2Es4G+dLCmQ1ObfNdwsLM=,qCK9a+VQv9vKX6E0kfeLFSczyu4=
41,58,YlYqto2Es4G+dLCmQ1ObfNdwsLM=,4Mc2p47z+z/ReASDDYiI4LsspyQ=
47,58,YlYqto2Es4G+dLCmQ1ObfNdwsLM=,qCK9a+VQv9vKX6E0kfeLFSczyu4=
35,55,YlYqto2Es4G+dLCmQ1ObfNdwsLM=,G7EIs9EKusZz7RpieYtgOuUtfuA=
40,55,YlYqto2Es4G+dLCmQ1ObfNdwsLM=,cHnJYLJe1EpMYAq/o0nBDMsAhbo=
35,59,YlYqto2Es4G+dLCmQ1ObfNdwsLM=,T8CWiZamgYgWXyj900Ww9BIwFJg=
35,57,YlYqto2Es4G+dLCmQ1ObfNdwsLM=,T8CWiZamgYgWXyj900Ww9BIwFJg=
39,59,YlYqto2Es4G+dLCmQ1ObfNdwsLM=,DxynBNkLMwsQ453M0nwO7MeOV98=
40,57,YlYqto2Es4G+dLCmQ1ObfNdwsLM=,4Mc2p47z+z/ReASDDYiI4LsspyQ=
38,59,YlYqto2Es4G+dLCmQ1ObfNdwsLM=,DxynBNkLMwsQ453M0nwO7MeOV98=
39,56,YlYqto2Es4G+dLCmQ1ObfNdwsLM=,DxynBNkLMwsQ453M0nwO7MeOV98=
39,55,YlYqto2Es4G+dLCmQ1ObfNdwsLM=,3GKMglDFk+luCchptvZkZG0La2Y=
38,57,YlYqto2Es4G+dLCmQ1ObfNdwsLM=,DxynBNkLMwsQ453M0nwO7MeOV98=
35,56,YlYqto2Es4G+dLCmQ1ObfNdwsLM=,T8CWiZamgYgWXyj900Ww9BIwFJg=
38,55,YlYqto2Es4G+dLCmQ1ObfNdwsLM=,3GKMglDFk+luCchptvZkZG0La2Y=
37,59,YlYqto2Es4G+dLCmQ1ObfNdwsLM=,DxynBNkLMwsQ453M0nwO7MeOV98=
37,55,YlYqto2Es4G+dLCmQ1ObfNdwsLM=,3GKMglDFk+luCchptvZkZG0La2Y=
36,59,YlYqto2Es4G+dLCmQ1ObfNdwsLM=,DxynBNkLMwsQ453M0nwO7MeOV98=
40,59,YlYqto2Es4G+dLCmQ1ObfNdwsLM=,4Mc2p47z+z/ReASDDYiI4LsspyQ=
36,55,YlYqto2Es4G+dLCmQ1ObfNdwsLM=,3GKMglDFk+luCchptvZkZG0La2Y=
40,58,YlYqto2Es4G+dLCmQ1ObfNdwsLM=,4Mc2p47z+z/ReASDDYiI4LsspyQ=
35,58,YlYqto2Es4G+dLCmQ1ObfNdwsLM=,T8CWiZamgYgWXyj900Ww9BIwFJg=
38,58,YlYqto2Es4G+dLCmQ1ObfNdwsLM=,DxynBNkLMwsQ453M0nwO7MeOV98=
36,58,YlYqto2Es4G+dLCmQ1ObfNdwsLM=,DxynBNkLMwsQ453M0nwO7MeOV98=
40,56,YlYqto2Es4G+dLCmQ1ObfNdwsLM=,4Mc2p47z+z/ReASDDYiI4LsspyQ=
39,58,YlYqto2Es4G+dLCmQ1ObfNdwsLM=,DxynBNkLMwsQ453M0nwO7MeOV98=
39,57,YlYqto2Es4G+dLCmQ1ObfNdwsLM=,DxynBNkLMwsQ453M0nwO7MeOV98=
37,58,YlYqto2Es4G+dLCmQ1ObfNdwsLM=,DxynBNkLMwsQ453M0nwO7MeOV98=
36,57,YlYqto2Es4G+dLCmQ1ObfNdwsLM=,DxynBNkLMwsQ453M0nwO7MeOV98=
36,56,YlYqto2Es4G+dLCmQ1ObfNdwsLM=,DxynBNkLMwsQ453M0nwO7MeOV98=
37,56,YlYqto2Es4G+dLCmQ1ObfNdwsLM=,DxynBNkLMwsQ453M0nwO7MeOV98=
37,57,YlYqto2Es4G+dLCmQ1ObfNdwsLM=,DxynBNkLMwsQ453M0nwO7MeOV98=
38,56,YlYqto2Es4G+dLCmQ1ObfNdwsLM=,DxynBNkLMwsQ453M0nwO7MeOV98=
57,62,S3s2PiwoxqZypxhqPkmShKsF7aE=,vesPR4M7i6/uEVNlXBNRLjWvDDY=
58,62,S3s2PiwoxqZypxhqPkmShKsF7aE=,vesPR4M7i6/uEVNlXBNRLjWvDDY=
58,61,S3s2PiwoxqZypxhqPkmShKsF7aE=,vesPR4M7i6/uEVNlXBNRLjWvDDY=
57,61,S3s2PiwoxqZypxhqPkmShKsF7aE=,vesPR4M7i6/uEVNlXBNRLjWvDDY=
56,62,S3s2PiwoxqZypxhqPkmShKsF7aE=,vesPR4M7i6/uEVNlXBNRLjWvDDY=
56,61,S3s2PiwoxqZypxhqPkmShKsF7aE=,vesPR4M7i6/uEVNlXBNRLjWvDDY=
54,56,S3s2PiwoxqZypxhqPkmShKsF7aE=,cijnFkh/SrRZyyanNEToxmXCtiw=
53,59,S3s2PiwoxqZypxhqPkmShKsF7aE=,cijnFkh/SrRZyyanNEToxmXCtiw=
53,56,S3s2PiwoxqZypxhqPkmShKsF7aE=,cijnFkh/SrRZyyanNEToxmXCtiw=
54,59,S3s2PiwoxqZypxhqPkmShKsF7aE=,cijnFkh/SrRZyyanNEToxmXCtiw=
53,57,S3s2PiwoxqZypxhqPkmShKsF7aE=,cijnFkh/SrRZyyanNEToxmXCtiw=
54,57,S3s2PiwoxqZypxhqPkmShKsF7aE=,cijnFkh/SrRZyyanNEToxmXCtiw=
54,58,S3s2PiwoxqZypxhqPkmShKsF7aE=,cijnFkh/SrRZyyanNEToxmXCtiw=
53,58,S3s2PiwoxqZypxhqPkmShKsF7aE=,cijnFkh/SrRZyyanNEToxmXCtiw=
53,49,S3s2PiwoxqZypxhqPkmShKsF7aE=,FNFfVjVKroVLK6xn3oNgxek99vc=
54,49,S3s2PiwoxqZypxhqPkmShKsF7aE=,FNFfVjVKroVLK6xn3oNgxek99vc=
53,50,S3s2PiwoxqZypxhqPkmShKsF7aE=,FNFfVjVKroVLK6xn3oNgxek99vc=
54,50,S3s2PiwoxqZypxhqPkmShKsF7aE=,FNFfVjVKroVLK6xn3oNgxek99vc=
53,51,S3s2PiwoxqZypxhqPkmShKsF7aE=,FNFfVjVKroVLK6xn3oNgxek99vc=
56,53,kJkN4kqv1a6MnJX15tkaL0LLw4A=,g9G0G/1FfSS+lJ8fWO1f4+s7XQE=
54,51,kJkN4kqv1a6MnJX15tkaL0LLw4A=,FNFfVjVKroVLK6xn3oNgxek99vc=
56,54,kJkN4kqv1a6MnJX15tkaL0LLw4A=,g9G0G/1FfSS+lJ8fWO1f4+s7XQE=
57,53,kJkN4kqv1a6MnJX15tkaL0LLw4A=,g9G0G/1FfSS+lJ8fWO1f4+s7XQE=
59,53,kJkN4kqv1a6MnJX15tkaL0LLw4A=,g9G0G/1FfSS+lJ8fWO1f4+s7XQE=
57,54,kJkN4kqv1a6MnJX15tkaL0LLw4A=,g9G0G/1FfSS+lJ8fWO1f4+s7XQE=
59,54,kJkN4kqv1a6MnJX15tkaL0LLw4A=,g9G0G/1FfSS+lJ8fWO1f4+s7XQE=
58,53,kJkN4kqv1a6MnJX15tkaL0LLw4A=,g9G0G/1FfSS+lJ8fWO1f4+s7XQE=
56,56,kJkN4kqv1a6MnJX15tkaL0LLw4A=,p/XC2ElCxJguFZ3RR1WO1o0EjbE=
58,54,kJkN4kqv1a6MnJX15tkaL0LLw4A=,g9G0G/1FfSS+lJ8fWO1f4+s7XQE=
55,56,kJkN4kqv1a6MnJX15tkaL0LLw4A=,cijnFkh/SrRZyyanNEToxmXCtiw=
57,56,kJkN4kqv1a6MnJX15tkaL0LLw4A=,p/XC2ElCxJguFZ3RR1WO1o0EjbE=
57,60,kJkN4kqv1a6MnJX15tkaL0LLw4A=,vesPR4M7i6/uEVNlXBNRLjWvDDY=
56,60,kJkN4kqv1a6MnJX15tkaL0LLw4A=,vesPR4M7i6/uEVNlXBNRLjWvDDY=
55,57,kJkN4kqv1a6MnJX15tkaL0LLw4A=,cijnFkh/SrRZyyanNEToxmXCtiw=
57,57,kJkN4kqv1a6MnJX15tkaL0LLw4A=,p/XC2ElCxJguFZ3RR1WO1o0EjbE=
56,59,kJkN4kqv1a6MnJX15tkaL0LLw4A=,p/XC2ElCxJguFZ3RR1WO1o0EjbE=
57,59,kJkN4kqv1a6MnJX15tkaL0LLw4A=,p/XC2ElCxJguFZ3RR1WO1o0EjbE=
56,57,kJkN4kqv1a6MnJX15tkaL0LLw4A=,p/XC2ElCxJguFZ3RR1WO1o0EjbE=
56,55,kJkN4kqv1a6MnJX15tkaL0LLw4A=,g9G0G/1FfSS+lJ8fWO1f4+s7XQE=
56,58,kJkN4kqv1a6MnJX15tkaL0LLw4A=,p/XC2ElCxJguFZ3RR1WO1o0EjbE=
59,56,kJkN4kqv1a6MnJX15tkaL0LLw4A=,p/XC2ElCxJguFZ3RR1WO1o0EjbE=
59,58,kJkN4kqv1a6MnJX15tkaL0LLw4A=,p/XC2ElCxJguFZ3RR1WO1o0EjbE=
55,59,kJkN4kqv1a6MnJX15tkaL0LLw4A=,cijnFkh/SrRZyyanNEToxmXCtiw=
58,59,kJkN4kqv1a6MnJX15tkaL0LLw4A=,p/XC2ElCxJguFZ3RR1WO1o0EjbE=
55,58,kJkN4kqv1a6MnJX15tkaL0LLw4A=,cijnFkh/SrRZyyanNEToxmXCtiw=
59,57,kJkN4kqv1a6MnJX15tkaL0LLw4A=,p/XC2ElCxJguFZ3RR1WO1o0EjbE=
57,58,kJkN4kqv1a6MnJX15tkaL0LLw4A=,p/XC2ElCxJguFZ3RR1WO1o0EjbE=
59,55,kJkN4kqv1a6MnJX15tkaL0LLw4A=,g9G0G/1FfSS+lJ8fWO1f4+s7XQE=
58,60,kJkN4kqv1a6MnJX15tkaL0LLw4A=,vesPR4M7i6/uEVNlXBNRLjWvDDY=
57,55,kJkN4kqv1a6MnJX15tkaL0LLw4A=,g9G0G/1FfSS+lJ8fWO1f4+s7XQE=
58,56,kJkN4kqv1a6MnJX15tkaL0LLw4A=,p/XC2ElCxJguFZ3RR1WO1o0EjbE=
58,58,kJkN4kqv1a6MnJX15tkaL0LLw4A=,p/XC2ElCxJguFZ3RR1WO1o0EjbE=
58,57,kJkN4kqv1a6MnJX15tkaL0LLw4A=,p/XC2ElCxJguFZ3RR1WO1o0EjbE=
58,55,kJkN4kqv1a6MnJX15tkaL0LLw4A=,g9G0G/1FfSS+lJ8fWO1f4+s7XQE=
55,50,kJkN4kqv1a6MnJX15tkaL0LLw4A=,FNFfVjVKroVLK6xn3oNgxek99vc=
59,50,kJkN4kqv1a6MnJX15tkaL0LLw4A=,fJ5gPrRbuClBy/0xyTmkLaQB/jI=
55,51,kJkN4kqv1a6MnJX15tkaL0LLw4A=,FNFfVjVKroVLK6xn3oNgxek99vc=
56,52,kJkN4kqv1a6MnJX15tkaL0LLw4A=,g9G0G/1FfSS+lJ8fWO1f4+s7XQE=
55,49,kJkN4kqv1a6MnJX15tkaL0LLw4A=,FNFfVjVKroVLK6xn3oNgxek99vc=
53,48,kJkN4kqv1a6MnJX15tkaL0LLw4A=,FNFfVjVKroVLK6xn3oNgxek99vc=
59,52,kJkN4kqv1a6MnJX15tkaL0LLw4A=,g9G0G/1FfSS+lJ8fWO1f4+s7XQE=
59,49,kJkN4kqv1a6MnJX15tkaL0LLw4A=,fJ5gPrRbuClBy/0xyTmkLaQB/jI=
56,49,kJkN4kqv1a6MnJX15tkaL0LLw4A=,fJ5gPrRbuClBy/0xyTmkLaQB/jI=
57,50,kJkN4kqv1a6MnJX15tkaL0LLw4A=,fJ5gPrRbuClBy/0xyTmkLaQB/jI=
58,52,kJkN4kqv1a6MnJX15tkaL0LLw4A=,g9G0G/1FfSS+lJ8fWO1f4+s7XQE=
54,48,kJkN4kqv1a6MnJX15tkaL0LLw4A=,FNFfVjVKroVLK6xn3oNgxek99vc=
57,52,kJkN4kqv1a6MnJX15tkaL0LLw4A=,g9G0G/1FfSS+lJ8fWO1f4+s7XQE=
59,48,kJkN4kqv1a6MnJX15tkaL0LLw4A=,fJ5gPrRbuClBy/0xyTmkLaQB/jI=
59,61,kJkN4kqv1a6MnJX15tkaL0LLw4A=,vesPR4M7i6/uEVNlXBNRLjWvDDY=
55,48,kJkN4kqv1a6MnJX15tkaL0LLw4A=,FNFfVjVKroVLK6xn3oNgxek99vc=
59,62,kJkN4kqv1a6MnJX15tkaL0LLw4A=,vesPR4M7i6/uEVNlXBNRLjWvDDY=
56,50,kJkN4kqv1a6MnJX15tkaL0LLw4A=,fJ5gPrRbuClBy/0xyTmkLaQB/jI=
58,63,kJkN4kqv1a6MnJX15tkaL0LLw4A=,vesPR4M7i6/uEVNlXBNRLjWvDDY=
57,49,kJkN4kqv1a6MnJX15tkaL0LLw4A=,fJ5gPrRbuClBy/0xyTmkLaQB/jI=
59,63,kJkN4kqv1a6MnJX15tkaL0LLw4A=,vesPR4M7i6/uEVNlXBNRLjWvDDY=
57,63,kJkN4kqv1a6MnJX15tkaL0LLw4A=,vesPR4M7i6/uEVNlXBNRLjWvDDY=
56,51,kJkN4kqv1a6MnJX15tkaL0LLw4A=,fJ5gPrRbuClBy/0xyTmkLaQB/jI=
56,63,kJkN4kqv1a6MnJX15tkaL0LLw4A=,vesPR4M7i6/uEVNlXBNRLjWvDDY=
59,59,kJkN4kqv1a6MnJX15tkaL0LLw4A=,p/XC2ElCxJguFZ3RR1WO1o0EjbE=
59,51,kJkN4kqv1a6MnJX15tkaL0LLw4A=,fJ5gPrRbuClBy/0xyTmkLaQB/jI=
58,49,kJkN4kqv1a6MnJX15tkaL0LLw4A=,fJ5gPrRbuClBy/0xyTmkLaQB/jI=
58,50,kJkN4kqv1a6MnJX15tkaL0LLw4A=,fJ5gPrRbuClBy/0xyTmkLaQB/jI=
59,60,kJkN4kqv1a6MnJX15tkaL0LLw4A=,vesPR4M7i6/uEVNlXBNRLjWvDDY=
57,51,kJkN4kqv1a6MnJX15tkaL0LLw4A=,fJ5gPrRbuClBy/0xyTmkLaQB/jI=
58,48,kJkN4kqv1a6MnJX15tkaL0LLw4A=,fJ5gPrRbuClBy/0xyTmkLaQB/jI=
58,51,kJkN4kqv1a6MnJX15tkaL0LLw4A=,fJ5gPrRbuClBy/0xyTmkLaQB/jI=
56,48,kJkN4kqv1a6MnJX15tkaL0LLw4A=,fJ5gPrRbuClBy/0xyTmkLaQB/jI=
57,48,kJkN4kqv1a6MnJX15tkaL0LLw4A=,fJ5gPrRbuClBy/0xyTmkLaQB/jI=
52,48,kJkN4kqv1a6MnJX15tkaL0LLw4A=,FNFfVjVKroVLK6xn3oNgxek99vc=
51,51,kJkN4kqv1a6MnJX15tkaL0LLw4A=,S9aiRyIHxAhEou9EBhBRwmHCni8=
51,50,kJkN4kqv1a6MnJX15tkaL0LLw4A=,S9aiRyIHxAhEou9EBhBRwmHCni8=
48,51,kJkN4kqv1a6MnJX15tkaL0LLw4A=,S9aiRyIHxAhEou9EBhBRwmHCni8=
50,51,kJkN4kqv1a6MnJX15tkaL0LLw4A=,S9aiRyIHxAhEou9EBhBRwmHCni8=
49,51,kJkN4kqv1a6MnJX15tkaL0LLw4A=,S9aiRyIHxAhEou9EBhBRwmHCni8=
51,49,kJkN4kqv1a6MnJX15tkaL0LLw4A=,S9aiRyIHxAhEou9EBhBRwmHCni8=
52,51,kJkN4kqv1a6MnJX15tkaL0LLw4A=,FNFfVjVKroVLK6xn3oNgxek99vc=
52,50,kJkN4kqv1a6MnJX15tkaL0LLw4A=,FNFfVjVKroVLK6xn3oNgxek99vc=
51,48,kJkN4kqv1a6MnJX15tkaL0LLw4A=,S9aiRyIHxAhEou9EBhBRwmHCni8=
52,49,kJkN4kqv1a6MnJX15tkaL0LLw4A=,FNFfVjVKroVLK6xn3oNgxek99vc=
48,50,kJkN4kqv1a6MnJX15tkaL0LLw4A=,S9aiRyIHxAhEou9EBhBRwmHCni8=
50,50,kJkN4kqv1a6MnJX15tkaL0LLw4A=,S9aiRyIHxAhEou9EBhBRwmHCni8=
50,48,kJkN4kqv1a6MnJX15tkaL0LLw4A=,S9aiRyIHxAhEou9EBhBRwmHCni8=
49,50,kJkN4kqv1a6MnJX15tkaL0LLw4A=,S9aiRyIHxAhEou9EBhBRwmHCni8=
48,48,kJkN4kqv1a6MnJX15tkaL0LLw4A=,S9aiRyIHxAhEou9EBhBRwmHCni8=
48,49,kJkN4kqv1a6MnJX15tkaL0LLw4A=,S9aiRyIHxAhEou9EBhBRwmHCni8=
50,49,kJkN4kqv1a6MnJX15tkaL0LLw4A=,S9aiRyIHxAhEou9EBhBRwmHCni8=
49,48,kJkN4kqv1a6MnJX15tkaL0LLw4A=,S9aiRyIHxAhEou9EBhBRwmHCni8=
49,49,kJkN4kqv1a6MnJX15tkaL0LLw4A=,S9aiRyIHxAhEou9EBhBRwmHCni8=
49,56,kJkN4kqv1a6MnJX15tkaL0LLw4A=,vKma1BI7TcYi7WM+XwBxQ5SxqVc=
51,59,kJkN4kqv1a6MnJX15tkaL0LLw4A=,vKma1BI7TcYi7WM+XwBxQ5SxqVc=
52,56,kJkN4kqv1a6MnJX15tkaL0LLw4A=,cijnFkh/SrRZyyanNEToxmXCtiw=
50,56,kJkN4kqv1a6MnJX15tkaL0LLw4A=,vKma1BI7TcYi7WM+XwBxQ5SxqVc=
49,57,kJkN4kqv1a6MnJX15tkaL0LLw4A=,vKma1BI7TcYi7WM+XwBxQ5SxqVc=
52,59,kJkN4kqv1a6MnJX15tkaL0LLw4A=,cijnFkh/SrRZyyanNEToxmXCtiw=
48,59,kJkN4kqv1a6MnJX15tkaL0LLw4A=,vKma1BI7TcYi7WM+XwBxQ5SxqVc=
49,59,kJkN4kqv1a6MnJX15tkaL0LLw4A=,vKma1BI7TcYi7WM+XwBxQ5SxqVc=
50,59,kJkN4kqv1a6MnJX15tkaL0LLw4A=,vKma1BI7TcYi7WM+XwBxQ5SxqVc=
48,57,kJkN4kqv1a6MnJX15tkaL0LLw4A=,vKma1BI7TcYi7WM+XwBxQ5SxqVc=
51,56,kJkN4kqv1a6MnJX15tkaL0LLw4A=,vKma1BI7TcYi7WM+XwBxQ5SxqVc=
50,57,kJkN4kqv1a6MnJX15tkaL0LLw4A=,vKma1BI7TcYi7WM+XwBxQ5SxqVc=
50,58,kJkN4kqv1a6MnJX15tkaL0LLw4A=,vKma1BI7TcYi7WM+XwBxQ5SxqVc=
49,58,kJkN4kqv1a6MnJX15tkaL0LLw4A=,vKma1BI7TcYi7WM+XwBxQ5SxqVc=
48,56,kJkN4kqv1a6MnJX15tkaL0LLw4A=,vKma1BI7TcYi7WM+XwBxQ5SxqVc=
48,58,kJkN4kqv1a6MnJX15tkaL0LLw4A=,vKma1BI7TcYi7WM+XwBxQ5SxqVc=
52,57,kJkN4kqv1a6MnJX15tkaL0LLw4A=,cijnFkh/SrRZyyanNEToxmXCtiw=
52,58,kJkN4kqv1a6MnJX15tkaL0LLw4A=,cijnFkh/SrRZyyanNEToxmXCtiw=
51,58,kJkN4kqv1a6MnJX15tkaL0LLw4A=,vKma1BI7TcYi7WM+XwBxQ5SxqVc=
51,57,kJkN4kqv1a6MnJX15tkaL0LLw4A=,vKma1BI7TcYi7WM+XwBxQ5SxqVc=
53,41,kJkN4kqv1a6MnJX15tkaL0LLw4A=,cZ70yG5tcB8YdxjEq7E25trTUY0=
53,42,kJkN4kqv1a6MnJX15tkaL0LLw4A=,cZ70yG5tcB8YdxjEq7E25trTUY0=
54,41,kJkN4kqv1a6MnJX15tkaL0LLw4A=,cZ70yG5tcB8YdxjEq7E25trTUY0=
54,42,kJkN4kqv1a6MnJX15tkaL0LLw4A=,cZ70yG5tcB8YdxjEq7E25trTUY0=
52,41,kJkN4kqv1a6MnJX15tkaL0LLw4A=,cZ70yG5tcB8YdxjEq7E25trTUY0=
51,42,kJkN4kqv1a6MnJX15tkaL0LLw4A=,ZEOpm+6nHKr29vwHONgVoFGkaOk=
51,41,kJkN4kqv1a6MnJX15tkaL0LLw4A=,ZEOpm+6nHKr29vwHONgVoFGkaOk=
52,42,kJkN4kqv1a6MnJX15tkaL0LLw4A=,cZ70yG5tcB8YdxjEq7E25trTUY0=
50,42,kJkN4kqv1a6MnJX15tkaL0LLw4A=,ZEOpm+6nHKr29vwHONgVoFGkaOk=
49,42,kJkN4kqv1a6MnJX15tkaL0LLw4A=,ZEOpm+6nHKr29vwHONgVoFGkaOk=
49,41,kJkN4kqv1a6MnJX15tkaL0LLw4A=,ZEOpm+6nHKr29vwHONgVoFGkaOk=
50,41,8ifTKTaXBjOdfgs2liQaMR4Qj0o=,ZEOpm+6nHKr29vwHONgVoFGkaOk=
53,45,8ifTKTaXBjOdfgs2liQaMR4Qj0o=,thtAR76O5xxNEFzX0ANjWMLlSXM=
53,46,8ifTKTaXBjOdfgs2liQaMR4Qj0o=,thtAR76O5xxNEFzX0ANjWMLlSXM=
53,43,8ifTKTaXBjOdfgs2liQaMR4Qj0o=,cZ70yG5tcB8YdxjEq7E25trTUY0=
53,44,8ifTKTaXBjOdfgs2liQaMR4Qj0o=,thtAR76O5xxNEFzX0ANjWMLlSXM=
54,45,8ifTKTaXBjOdfgs2liQaMR4Qj0o=,thtAR76O5xxNEFzX0ANjWMLlSXM=
55,42,8ifTKTaXBjOdfgs2liQaMR4Qj0o=,cZ70yG5tcB8YdxjEq7E25trTUY0=
54,43,8ifTKTaXBjOdfgs2liQaMR4Qj0o=,cZ70yG5tcB8YdxjEq7E25trTUY0=
54,44,8ifTKTaXBjOdfgs2liQaMR4Qj0o=,thtAR76O5xxNEFzX0ANjWMLlSXM=
56,42,8ifTKTaXBjOdfgs2liQaMR4Qj0o=,X/iHvZ7EcidHam6VzhGWwwjuENM=
57,41,8ifTKTaXBjOdfgs2liQaMR4Qj0o=,X/iHvZ7EcidHam6VzhGWwwjuENM=
56,41,8ifTKTaXBjOdfgs2liQaMR4Qj0o=,X/iHvZ7EcidHam6VzhGWwwjuENM=
54,46,8ifTKTaXBjOdfgs2liQaMR4Qj0o=,thtAR76O5xxNEFzX0ANjWMLlSXM=
57,42,8ifTKTaXBjOdfgs2liQaMR4Qj0o=,X/iHvZ7EcidHam6VzhGWwwjuENM=
55,41,8ifTKTaXBjOdfgs2liQaMR4Qj0o=,cZ70yG5tcB8YdxjEq7E25trTUY0=
58,41,8ifTKTaXBjOdfgs2liQaMR4Qj0o=,X/iHvZ7EcidHam6VzhGWwwjuENM=
58,42,8ifTKTaXBjOdfgs2liQaMR4Qj0o=,X/iHvZ7EcidHam6VzhGWwwjuENM=
54,39,8ifTKTaXBjOdfgs2liQaMR4Qj0o=,aoxS/Nn8hMK7oKBgc+tify8WEdI=
53,37,8ifTKTaXBjOdfgs2liQaMR4Qj0o=,aoxS/Nn8hMK7oKBgc+tify8WEdI=
53,39,8ifTKTaXBjOdfgs2liQaMR4Qj0o=,aoxS/Nn8hMK7oKBgc+tify8WEdI=
54,40,8ifTKTaXBjOdfgs2liQaMR4Qj0o=,cZ70yG5tcB8YdxjEq7E25trTUY0=
53,40,8ifTKTaXBjOdfgs2liQaMR4Qj0o=,cZ70yG5tcB8YdxjEq7E25trTUY0=
54,37,8ifTKTaXBjOdfgs2liQaMR4Qj0o=,aoxS/Nn8hMK7oKBgc+tify8WEdI=
53,38,8ifTKTaXBjOdfgs2liQaMR4Qj0o=,aoxS/Nn8hMK7oKBgc+tify8WEdI=
54,38,8ifTKTaXBjOdfgs2liQaMR4Qj0o=,aoxS/Nn8hMK7oKBgc+tify8WEdI=
51,39,8ifTKTaXBjOdfgs2liQaMR4Qj0o=,YNg3+UJjAlzOFd1NzSuvQpRU5P0=
51,37,8ifTKTaXBjOdfgs2liQaMR4Qj0o=,YNg3+UJjAlzOFd1NzSuvQpRU5P0=
50,39,8ifTKTaXBjOdfgs2liQaMR4Qj0o=,YNg3+UJjAlzOFd1NzSuvQpRU5P0=
49,38,8ifTKTaXBjOdfgs2liQaMR4Qj0o=,YNg3+UJjAlzOFd1NzSuvQpRU5P0=
52,39,8ifTKTaXBjOdfgs2liQaMR4Qj0o=,aoxS/Nn8hMK7oKBgc+tify8WEdI=
51,38,8ifTKTaXBjOdfgs2liQaMR4Qj0o=,YNg3+UJjAlzOFd1NzSuvQpRU5P0=
51,40,8ifTKTaXBjOdfgs2liQaMR4Qj0o=,ZEOpm+6nHKr29vwHONgVoFGkaOk=
52,38,8ifTKTaXBjOdfgs2liQaMR4Qj0o=,aoxS/Nn8hMK7oKBgc+tify8WEdI=
52,40,8ifTKTaXBjOdfgs2liQaMR4Qj0o=,cZ70yG5tcB8YdxjEq7E25trTUY0=
49,39,8ifTKTaXBjOdfgs2liQaMR4Qj0o=,YNg3+UJjAlzOFd1NzSuvQpRU5P0=
49,37,8ifTKTaXBjOdfgs2liQaMR4Qj0o=,YNg3+UJjAlzOFd1NzSuvQpRU5P0=
52,37,8ifTKTaXBjOdfgs2liQaMR4Qj0o=,aoxS/Nn8hMK7oKBgc+tify8WEdI=
50,37,8ifTKTaXBjOdfgs2liQaMR4Qj0o=,YNg3+UJjAlzOFd1NzSuvQpRU5P0=
49,40,8ifTKTaXBjOdfgs2liQaMR4Qj0o=,ZEOpm+6nHKr29vwHONgVoFGkaOk=
50,40,8ifTKTaXBjOdfgs2liQaMR4Qj0o=,ZEOpm+6nHKr29vwHONgVoFGkaOk=
56,46,8ifTKTaXBjOdfgs2liQaMR4Qj0o=,4b3+IGMCTdvXu7CX5EthifdsaJE=
50,38,8ifTKTaXBjOdfgs2liQaMR4Qj0o=,YNg3+UJjAlzOFd1NzSuvQpRU5P0=
56,45,8ifTKTaXBjOdfgs2liQaMR4Qj0o=,4b3+IGMCTdvXu7CX5EthifdsaJE=
56,43,8ifTKTaXBjOdfgs2liQaMR4Qj0o=,X/iHvZ7EcidHam6VzhGWwwjuENM=
55,44,8ifTKTaXBjOdfgs2liQaMR4Qj0o=,thtAR76O5xxNEFzX0ANjWMLlSXM=
55,45,8ifTKTaXBjOdfgs2liQaMR4Qj0o=,thtAR76O5xxNEFzX0ANjWMLlSXM=
56,44,8ifTKTaXBjOdfgs2liQaMR4Qj0o=,4b3+IGMCTdvXu7CX5EthifdsaJE=
55,43,8ifTKTaXBjOdfgs2liQaMR4Qj0o=,cZ70yG5tcB8YdxjEq7E25trTUY0=
53,36,8ifTKTaXBjOdfgs2liQaMR4Qj0o=,aoxS/Nn8hMK7oKBgc+tify8WEdI=
54,36,8ifTKTaXBjOdfgs2liQaMR4Qj0o=,aoxS/Nn8hMK7oKBgc+tify8WEdI=
55,46,8ifTKTaXBjOdfgs2liQaMR4Qj0o=,thtAR76O5xxNEFzX0ANjWMLlSXM=
58,43,8ifTKTaXBjOdfgs2liQaMR4Qj0o=,X/iHvZ7EcidHam6VzhGWwwjuENM=
58,45,8ifTKTaXBjOdfgs2liQaMR4Qj0o=,4b3+IGMCTdvXu7CX5EthifdsaJE=
58,44,8ifTKTaXBjOdfgs2liQaMR4Qj0o=,4b3+IGMCTdvXu7CX5EthifdsaJE=
57,45,8ifTKTaXBjOdfgs2liQaMR4Qj0o=,4b3+IGMCTdvXu7CX5EthifdsaJE=
57,43,8ifTKTaXBjOdfgs2liQaMR4Qj0o=,X/iHvZ7EcidHam6VzhGWwwjuENM=
57,44,8ifTKTaXBjOdfgs2liQaMR4Qj0o=,4b3+IGMCTdvXu7CX5EthifdsaJE=
57,46,8ifTKTaXBjOdfgs2liQaMR4Qj0o=,4b3+IGMCTdvXu7CX5EthifdsaJE=
58,46,8ifTKTaXBjOdfgs2liQaMR4Qj0o=,4b3+IGMCTdvXu7CX5EthifdsaJE=
52,45,8ifTKTaXBjOdfgs2liQaMR4Qj0o=,thtAR76O5xxNEFzX0ANjWMLlSXM=
51,45,8ifTKTaXBjOdfgs2liQaMR4Qj0o=,0UnBDTCXJwV2qZ8nN/dTRA9Fms0=
50,44,8ifTKTaXBjOdfgs2liQaMR4Qj0o=,0UnBDTCXJwV2qZ8nN/dTRA9Fms0=
52,46,8ifTKTaXBjOdfgs2liQaMR4Qj0o=,thtAR76O5xxNEFzX0ANjWMLlSXM=
51,44,8ifTKTaXBjOdfgs2liQaMR4Qj0o=,0UnBDTCXJwV2qZ8nN/dTRA9Fms0=
51,46,8ifTKTaXBjOdfgs2liQaMR4Qj0o=,0UnBDTCXJwV2qZ8nN/dTRA9Fms0=
52,44,8ifTKTaXBjOdfgs2liQaMR4Qj0o=,thtAR76O5xxNEFzX0ANjWMLlSXM=
51,43,8ifTKTaXBjOdfgs2liQaMR4Qj0o=,ZEOpm+6nHKr29vwHONgVoFGkaOk=
52,43,8ifTKTaXBjOdfgs2liQaMR4Qj0o=,cZ70yG5tcB8YdxjEq7E25trTUY0=
50,43,8ifTKTaXBjOdfgs2liQaMR4Qj0o=,ZEOpm+6nHKr29vwHONgVoFGkaOk=
50,45,8ifTKTaXBjOdfgs2liQaMR4Qj0o=,0UnBDTCXJwV2qZ8nN/dTRA9Fms0=
49,43,8ifTKTaXBjOdfgs2liQaMR4Qj0o=,ZEOpm+6nHKr29vwHONgVoFGkaOk=
59,38,8ifTKTaXBjOdfgs2liQaMR4Qj0o=,37KOwlMCItorMMa8TkaL0XRYq0U=
56,39,8ifTKTaXBjOdfgs2liQaMR4Qj0o=,37KOwlMCItorMMa8TkaL0XRYq0U=
57,40,8ifTKTaXBjOdfgs2liQaMR4Qj0o=,X/iHvZ7EcidHam6VzhGWwwjuENM=
50,46,8ifTKTaXBjOdfgs2liQaMR4Qj0o=,0UnBDTCXJwV2qZ8nN/dTRA9Fms0=
55,37,8ifTKTaXBjOdfgs2liQaMR4Qj0o=,aoxS/Nn8hMK7oKBgc+tify8WEdI=
56,37,8ifTKTaXBjOdfgs2liQaMR4Qj0o=,37KOwlMCItorMMa8TkaL0XRYq0U=
49,44,8ifTKTaXBjOdfgs2liQaMR4Qj0o=,0UnBDTCXJwV2qZ8nN/dTRA9Fms0=
49,45,8ifTKTaXBjOdfgs2liQaMR4Qj0o=,0UnBDTCXJwV2qZ8nN/dTRA9Fms0=
55,38,8ifTKTaXBjOdfgs2liQaMR4Qj0o=,aoxS/Nn8hMK7oKBgc+tify8WEdI=
56,40,8ifTKTaXBjOdfgs2liQaMR4Qj0o=,X/iHvZ7EcidHam6VzhGWwwjuENM=
58,38,8ifTKTaXBjOdfgs2liQaMR4Qj0o=,37KOwlMCItorMMa8TkaL0XRYq0U=
59,37,8ifTKTaXBjOdfgs2liQaMR4Qj0o=,37KOwlMCItorMMa8TkaL0XRYq0U=
55,39,8ifTKTaXBjOdfgs2liQaMR4Qj0o=,aoxS/Nn8hMK7oKBgc+tify8WEdI=
58,40,8ifTKTaXBjOdfgs2liQaMR4Qj0o=,X/iHvZ7EcidHam6VzhGWwwjuENM=
55,40,8ifTKTaXBjOdfgs2liQaMR4Qj0o=,cZ70yG5tcB8YdxjEq7E25trTUY0=
56,38,8ifTKTaXBjOdfgs2liQaMR4Qj0o=,37KOwlMCItorMMa8TkaL0XRYq0U=
58,39,8ifTKTaXBjOdfgs2liQaMR4Qj0o=,37KOwlMCItorMMa8TkaL0XRYq0U=
57,37,8ifTKTaXBjOdfgs2liQaMR4Qj0o=,37KOwlMCItorMMa8TkaL0XRYq0U=
49,46,8ifTKTaXBjOdfgs2liQaMR4Qj0o=,0UnBDTCXJwV2qZ8nN/dTRA9Fms0=
58,37,8ifTKTaXBjOdfgs2liQaMR4Qj0o=,37KOwlMCItorMMa8TkaL0XRYq0U=
57,39,8ifTKTaXBjOdfgs2liQaMR4Qj0o=,37KOwlMCItorMMa8TkaL0XRYq0U=
57,38,8ifTKTaXBjOdfgs2liQaMR4Qj0o=,37KOwlMCItorMMa8TkaL0XRYq0U=
48,38,8ifTKTaXBjOdfgs2liQaMR4Qj0o=,YNg3+UJjAlzOFd1NzSuvQpRU5P0=
48,37,8ifTKTaXBjOdfgs2liQaMR4Qj0o=,YNg3+UJjAlzOFd1NzSuvQpRU5P0=
56,36,8ifTKTaXBjOdfgs2liQaMR4Qj0o=,37KOwlMCItorMMa8TkaL0XRYq0U=
56,33,8ifTKTaXBjOdfgs2liQaMR4Qj0o=,+Qp8HdRF9qm60gRWuaQ5V4fYLbc=
56,34,8ifTKTaXBjOdfgs2liQaMR4Qj0o=,+Qp8HdRF9qm60gRWuaQ5V4fYLbc=
59,36,8ifTKTaXBjOdfgs2liQaMR4Qj0o=,37KOwlMCItorMMa8TkaL0XRYq0U=
58,32,8ifTKTaXBjOdfgs2liQaMR4Qj0o=,+Qp8HdRF9qm60gRWuaQ5V4fYLbc=
57,32,8ifTKTaXBjOdfgs2liQaMR4Qj0o=,+Qp8HdRF9qm60gRWuaQ5V4fYLbc=
55,36,8ifTKTaXBjOdfgs2liQaMR4Qj0o=,aoxS/Nn8hMK7oKBgc+tify8WEdI=
59,35,8ifTKTaXBjOdfgs2liQaMR4Qj0o=,+Qp8HdRF9qm60gRWuaQ5V4fYLbc=
58,36,8ifTKTaXBjOdfgs2liQaMR4Qj0o=,37KOwlMCItorMMa8TkaL0XRYq0U=
57,33,8ifTKTaXBjOdfgs2liQaMR4Qj0o=,+Qp8HdRF9qm60gRWuaQ5V4fYLbc=
58,35,8ifTKTaXBjOdfgs2liQaMR4Qj0o=,+Qp8HdRF9qm60gRWuaQ5V4fYLbc=
56,35,8ifTKTaXBjOdfgs2liQaMR4Qj0o=,+Qp8HdRF9qm60gRWuaQ5V4fYLbc=
59,34,8ifTKTaXBjOdfgs2liQaMR4Qj0o=,+Qp8HdRF9qm60gRWuaQ5V4fYLbc=
58,34,8ifTKTaXBjOdfgs2liQaMR4Qj0o=,+Qp8HdRF9qm60gRWuaQ5V4fYLbc=
59,33,8ifTKTaXBjOdfgs2liQaMR4Qj0o=,+Qp8HdRF9qm60gRWuaQ5V4fYLbc=
57,35,8ifTKTaXBjOdfgs2liQaMR4Qj0o=,+Qp8HdRF9qm60gRWuaQ5V4fYLbc=
48,40,8ifTKTaXBjOdfgs2liQaMR4Qj0o=,ZEOpm+6nHKr29vwHONgVoFGkaOk=
57,34,8ifTKTaXBjOdfgs2liQaMR4Qj0o=,+Qp8HdRF9qm60gRWuaQ5V4fYLbc=
48,39,8ifTKTaXBjOdfgs2liQaMR4Qj0o=,YNg3+UJjAlzOFd1NzSuvQpRU5P0=
48,41,8ifTKTaXBjOdfgs2liQaMR4Qj0o=,ZEOpm+6nHKr29vwHONgVoFGkaOk=
58,33,8ifTKTaXBjOdfgs2liQaMR4Qj0o=,+Qp8HdRF9qm60gRWuaQ5V4fYLbc=
48,42,8ifTKTaXBjOdfgs2liQaMR4Qj0o=,ZEOpm+6nHKr29vwHONgVoFGkaOk=
57,36,8ifTKTaXBjOdfgs2liQaMR4Qj0o=,37KOwlMCItorMMa8TkaL0XRYq0U=
48,45,8ifTKTaXBjOdfgs2liQaMR4Qj0o=,0UnBDTCXJwV2qZ8nN/dTRA9Fms0=
48,43,8ifTKTaXBjOdfgs2liQaMR4Qj0o=,ZEOpm+6nHKr29vwHONgVoFGkaOk=
48,46,8ifTKTaXBjOdfgs2liQaMR4Qj0o=,0UnBDTCXJwV2qZ8nN/dTRA9Fms0=
53,47,8ifTKTaXBjOdfgs2liQaMR4Qj0o=,thtAR76O5xxNEFzX0ANjWMLlSXM=
59,46,8ifTKTaXBjOdfgs2liQaMR4Qj0o=,4b3+IGMCTdvXu7CX5EthifdsaJE=
59,45,8ifTKTaXBjOdfgs2liQaMR4Qj0o=,4b3+IGMCTdvXu7CX5EthifdsaJE=
51,35,8ifTKTaXBjOdfgs2liQaMR4Qj0o=,6AJV3h8abVdIy1l0J3LguuvE9vM=
52,36,8ifTKTaXBjOdfgs2liQaMR4Qj0o=,aoxS/Nn8hMK7oKBgc+tify8WEdI=
51,33,8ifTKTaXBjOdfgs2liQaMR4Qj0o=,6AJV3h8abVdIy1l0J3LguuvE9vM=
56,32,8ifTKTaXBjOdfgs2liQaMR4Qj0o=,+Qp8HdRF9qm60gRWuaQ5V4fYLbc=
51,47,8ifTKTaXBjOdfgs2liQaMR4Qj0o=,0UnBDTCXJwV2qZ8nN/dTRA9Fms0=
52,47,8ifTKTaXBjOdfgs2liQaMR4Qj0o=,thtAR76O5xxNEFzX0ANjWMLlSXM=
48,32,8ifTKTaXBjOdfgs2liQaMR4Qj0o=,6AJV3h8abVdIy1l0J3LguuvE9vM=
48,33,8ifTKTaXBjOdfgs2liQaMR4Qj0o=,6AJV3h8abVdIy1l0J3LguuvE9vM=
50,33,8ifTKTaXBjOdfgs2liQaMR4Qj0o=,6AJV3h8abVdIy1l0J3LguuvE9vM=
59,39,8ifTKTaXBjOdfgs2liQaMR4Qj0o=,37KOwlMCItorMMa8TkaL0XRYq0U=
51,36,8ifTKTaXBjOdfgs2liQaMR4Qj0o=,YNg3+UJjAlzOFd1NzSuvQpRU5P0=
48,44,8ifTKTaXBjOdfgs2liQaMR4Qj0o=,0UnBDTCXJwV2qZ8nN/dTRA9Fms0=
50,35,8ifTKTaXBjOdfgs2liQaMR4Qj0o=,6AJV3h8abVdIy1l0J3LguuvE9vM=
59,42,8ifTKTaXBjOdfgs2liQaMR4Qj0o=,X/iHvZ7EcidHam6VzhGWwwjuENM=
51,32,8ifTKTaXBjOdfgs2liQaMR4Qj0o=,6AJV3h8abVdIy1l0J3LguuvE9vM=
59,43,8ifTKTaXBjOdfgs2liQaMR4Qj0o=,X/iHvZ7EcidHam6VzhGWwwjuENM=
59,41,8ifTKTaXBjOdfgs2liQaMR4Qj0o=,X/iHvZ7EcidHam6VzhGWwwjuENM=
50,36,8ifTKTaXBjOdfgs2liQaMR4Qj0o=,YNg3+UJjAlzOFd1NzSuvQpRU5P0=
59,44,8ifTKTaXBjOdfgs2liQaMR4Qj0o=,4b3+IGMCTdvXu7CX5EthifdsaJE=
51,34,8ifTKTaXBjOdfgs2liQaMR4Qj0o=,6AJV3h8abVdIy1l0J3LguuvE9vM=
48,36,8ifTKTaXBjOdfgs2liQaMR4Qj0o=,YNg3+UJjAlzOFd1NzSuvQpRU5P0=
49,35,8ifTKTaXBjOdfgs2liQaMR4Qj0o=,6AJV3h8abVdIy1l0J3LguuvE9vM=
59,40,8ifTKTaXBjOdfgs2liQaMR4Qj0o=,X/iHvZ7EcidHam6VzhGWwwjuENM=
48,34,8ifTKTaXBjOdfgs2liQaMR4Qj0o=,6AJV3h8abVdIy1l0J3LguuvE9vM=
50,34,8ifTKTaXBjOdfgs2liQaMR4Qj0o=,6AJV3h8abVdIy1l0J3LguuvE9vM=
54,47,8ifTKTaXBjOdfgs2liQaMR4Qj0o=,thtAR76O5xxNEFzX0ANjWMLlSXM=
50,32,8ifTKTaXBjOdfgs2liQaMR4Qj0o=,6AJV3h8abVdIy1l0J3LguuvE9vM=
49,34,8ifTKTaXBjOdfgs2liQaMR4Qj0o=,6AJV3h8abVdIy1l0J3LguuvE9vM=
59,47,8ifTKTaXBjOdfgs2liQaMR4Qj0o=,4b3+IGMCTdvXu7CX5EthifdsaJE=
49,36,8ifTKTaXBjOdfgs2liQaMR4Qj0o=,YNg3+UJjAlzOFd1NzSuvQpRU5P0=
49,33,8ifTKTaXBjOdfgs2liQaMR4Qj0o=,6AJV3h8abVdIy1l0J3LguuvE9vM=
59,32,8ifTKTaXBjOdfgs2liQaMR4Qj0o=,+Qp8HdRF9qm60gRWuaQ5V4fYLbc=
50,47,8ifTKTaXBjOdfgs2liQaMR4Qj0o=,0UnBDTCXJwV2qZ8nN/dTRA9Fms0=
55,47,8ifTKTaXBjOdfgs2liQaMR4Qj0o=,thtAR76O5xxNEFzX0ANjWMLlSXM=
48,35,8ifTKTaXBjOdfgs2liQaMR4Qj0o=,6AJV3h8abVdIy1l0J3LguuvE9vM=
56,47,8ifTKTaXBjOdfgs2liQaMR4Qj0o=,4b3+IGMCTdvXu7CX5EthifdsaJE=
48,47,8ifTKTaXBjOdfgs2liQaMR4Qj0o=,0UnBDTCXJwV2qZ8nN/dTRA9Fms0=
49,32,8ifTKTaXBjOdfgs2liQaMR4Qj0o=,6AJV3h8abVdIy1l0J3LguuvE9vM=
49,47,8ifTKTaXBjOdfgs2liQaMR4Qj0o=,0UnBDTCXJwV2qZ8nN/dTRA9Fms0=
57,47,8ifTKTaXBjOdfgs2liQaMR4Qj0o=,4b3+IGMCTdvXu7CX5EthifdsaJE=
58,47,8ifTKTaXBjOdfgs2liQaMR4Qj0o=,4b3+IGMCTdvXu7CX5EthifdsaJE=
