44,46,uHJgtZ2xjMxNM6DXbEO6+DlBa6I=,30n0kxOThcn8EqBLxOuJyuVi60Q=
43,45,uHJgtZ2xjMxNM6DXbEO6+DlBa6I=,AjbSQcRd/ZZptbq4DqQ1ebmOOrc=
43,46,uHJgtZ2xjMxNM6DXbEO6+DlBa6I=,bXA12tunm3FKIkqJxqlvUOv4GOs=
44,45,uHJgtZ2xjMxNM6DXbEO6+DlBa6I=,hY3HVjAgVrmnmstecwin00swJn8=
42,45,uHJgtZ2xjMxNM6DXbEO6+DlBa6I=,AjbSQcRd/ZZptbq4DqQ1ebmOOrc=
41,45,uHJgtZ2xjMxNM6DXbEO6+DlBa6I=,ifrn4V4c43Mhwe+tQwmE4/8yymg=
42,46,WDDYLj71MCUBi5ibAKV+GFkr7Nc=,bXA12tunm3FKIkqJxqlvUOv4GOs=
41,46,WDDYLj71MCUBi5ibAKV+GFkr7Nc=,AEjpXgeX2lMIthOOAQrwZnN0hLk=
42,44,WDDYLj71MCUBi5ibAKV+GFkr7Nc=,AjbSQcRd/ZZptbq4DqQ1ebmOOrc=
41,44,WDDYLj71MCUBi5ibAKV+GFkr7Nc=,ifrn4V4c43Mhwe+tQwmE4/8yymg=
44,43,WDDYLj71MCUBi5ibAKV+GFkr7Nc=,11Vn4VRqjQ88Lay71mLDyZbnlNA=
44,44,qcxoTOUOcFum69ORn+pC7J7Xkks=,hY3HVjAgVrmnmstecwin00swJn8=
41,43,qcxoTOUOcFum69ORn+pC7J7Xkks=,8zjy9/YMHXpzxUHZ2NKS3v5CshU=
43,44,qcxoTOUOcFum69ORn+pC7J7Xkks=,AjbSQcRd/ZZptbq4DqQ1ebmOOrc=
43,43,qcxoTOUOcFum69ORn+pC7J7Xkks=,UZJzyPZvNSZlfqF0FnwVDcDDgA8=
46,41,qcxoTOUOcFum69ORn+pC7J7Xkks=,Lcirk1fhzwXsqNolP4YuZfto2U4=
46,42,qcxoTOUOcFum69ORn+pC7J7Xkks=,fXlCnnHCvcdvmhlJpwxrT4OfdAI=
42,43,qcxoTOUOcFum69ORn+pC7J7Xkks=,UZJzyPZvNSZlfqF0FnwVDcDDgA8=
45,42,qcxoTOUOcFum69ORn+pC7J7Xkks=,11Vn4VRqjQ88Lay71mLDyZbnlNA=
43,41,qcxoTOUOcFum69ORn+pC7J7Xkks=,rgQzgdiylpSM2NgsVsmA57GO6Gs=
44,42,qcxoTOUOcFum69ORn+pC7J7Xkks=,11Vn4VRqjQ88Lay71mLDyZbnlNA=
43,42,qcxoTOUOcFum69ORn+pC7J7Xkks=,UZJzyPZvNSZlfqF0FnwVDcDDgA8=
45,41,qcxoTOUOcFum69ORn+pC7J7Xkks=,pPpjKmmnZgTZcbV7bTKpGenwH0k=
44,41,qcxoTOUOcFum69ORn+pC7J7Xkks=,pPpjKmmnZgTZcbV7bTKpGenwH0k=
42,41,qcxoTOUOcFum69ORn+pC7J7Xkks=,rgQzgdiylpSM2NgsVsmA57GO6Gs=
42,42,qcxoTOUOcFum69ORn+pC7J7Xkks=,UZJzyPZvNSZlfqF0FnwVDcDDgA8=
41,41,qcxoTOUOcFum69ORn+pC7J7Xkks=,GbwM9tasfnqFgDzd/BnrxnLWnhM=
41,42,qcxoTOUOcFum69ORn+pC7J7Xkks=,8zjy9/YMHXpzxUHZ2NKS3v5CshU=
40,40,qcxoTOUOcFum69ORn+pC7J7Xkks=,GbwM9tasfnqFgDzd/BnrxnLWnhM=
39,40,qcxoTOUOcFum69ORn+pC7J7Xkks=,2fhiER3xG7YdTnkDXA/lJSzjKuk=
40,38,qcxoTOUOcFum69ORn+pC7J7Xkks=,DkM4lEhRMugaDvRcVrD5LjPJC9M=
39,37,qcxoTOUOcFum69ORn+pC7J7Xkks=,PFmoCGwVh1EJksLhoYFkIYHz+jM=
39,39,qcxoTOUOcFum69ORn+pC7J7Xkks=,YL7Ixsd4/1gaJuRIw35YdMQnLWY=
40,39,qcxoTOUOcFum69ORn+pC7J7Xkks=,DkM4lEhRMugaDvRcVrD5LjPJC9M=
40,37,qcxoTOUOcFum69ORn+pC7J7Xkks=,V0VvJ3FPaeBT6gZT9Qy97GqCixE=
40,36,qcxoTOUOcFum69ORn+pC7J7Xkks=,V0VvJ3FPaeBT6gZT9Qy97GqCixE=
40,35,qcxoTOUOcFum69ORn+pC7J7Xkks=,trxPd8wLbO4zGJg15mh0WbgHPd8=
39,35,qcxoTOUOcFum69ORn+pC7J7Xkks=,5d//k5e6unmB/J2CVYY5tAB0H+M=
39,38,qcxoTOUOcFum69ORn+pC7J7Xkks=,YL7Ixsd4/1gaJuRIw35YdMQnLWY=
39,36,qcxoTOUOcFum69ORn+pC7J7Xkks=,PFmoCGwVh1EJksLhoYFkIYHz+jM=
38,36,qcxoTOUOcFum69ORn+pC7J7Xkks=,PFmoCGwVh1EJksLhoYFkIYHz+jM=
37,38,qcxoTOUOcFum69ORn+pC7J7Xkks=,D4X7kcubqCTwTcmSY0RhD1rlWbY=
37,35,qcxoTOUOcFum69ORn+pC7J7Xkks=,/2RbJ+QF/F70CtrYEUNMGZ9sjP0=
38,35,qcxoTOUOcFum69ORn+pC7J7Xkks=,5d//k5e6unmB/J2CVYY5tAB0H+M=
37,37,qcxoTOUOcFum69ORn+pC7J7Xkks=,R3Pd2pnstQUgCqg+3fXMfKpWtB4=
38,38,qcxoTOUOcFum69ORn+pC7J7Xkks=,YL7Ixsd4/1gaJuRIw35YdMQnLWY=
37,36,qcxoTOUOcFum69ORn+pC7J7Xkks=,R3Pd2pnstQUgCqg+3fXMfKpWtB4=
38,37,qcxoTOUOcFum69ORn+pC7J7Xkks=,PFmoCGwVh1EJksLhoYFkIYHz+jM=
36,35,qcxoTOUOcFum69ORn+pC7J7Xkks=,/2RbJ+QF/F70CtrYEUNMGZ9sjP0=
36,36,qcxoTOUOcFum69ORn+pC7J7Xkks=,R3Pd2pnstQUgCqg+3fXMfKpWtB4=
35,35,qcxoTOUOcFum69ORn+pC7J7Xkks=,0bGJhUq6xeO5d5AkvrifS8xcUPo=
36,38,qcxoTOUOcFum69ORn+pC7J7Xkks=,D4X7kcubqCTwTcmSY0RhD1rlWbY=
35,38,qcxoTOUOcFum69ORn+pC7J7Xkks=,IDBBPnAuJ4UMmOlZB90EK6iVKvA=
33,38,qcxoTOUOcFum69ORn+pC7J7Xkks=,tJdyo5nlbRAd3LG/1NQWR/d3D34=
34,38,qcxoTOUOcFum69ORn+pC7J7Xkks=,IDBBPnAuJ4UMmOlZB90EK6iVKvA=
34,34,qcxoTOUOcFum69ORn+pC7J7Xkks=,0bGJhUq6xeO5d5AkvrifS8xcUPo=
33,34,qcxoTOUOcFum69ORn+pC7J7Xkks=,/Ff/D+hejFp12CQ0nRl+XrcIVQA=
33,33,qcxoTOUOcFum69ORn+pC7J7Xkks=,WDIfd4H9w80VilNVvIStPJArDy8=
34,33,qcxoTOUOcFum69ORn+pC7J7Xkks=,VbCst8QJHrBeEAauQkNUuOiu9pI=
35,34,qcxoTOUOcFum69ORn+pC7J7Xkks=,0bGJhUq6xeO5d5AkvrifS8xcUPo=
36,37,qcxoTOUOcFum69ORn+pC7J7Xkks=,R3Pd2pnstQUgCqg+3fXMfKpWtB4=
35,33,qcxoTOUOcFum69ORn+pC7J7Xkks=,VbCst8QJHrBeEAauQkNUuOiu9pI=
38,34,qcxoTOUOcFum69ORn+pC7J7Xkks=,5d//k5e6unmB/J2CVYY5tAB0H+M=
36,34,qcxoTOUOcFum69ORn+pC7J7Xkks=,/2RbJ+QF/F70CtrYEUNMGZ9sjP0=
36,33,qcxoTOUOcFum69ORn+pC7J7Xkks=,4T+muTrlGA9SSC37E6xCBXKLCKA=
35,32,qcxoTOUOcFum69ORn+pC7J7Xkks=,VbCst8QJHrBeEAauQkNUuOiu9pI=
38,32,qcxoTOUOcFum69ORn+pC7J7Xkks=,ZNl9Hkgx9kEgekSGduv9F1rgsns=
32,35,qcxoTOUOcFum69ORn+pC7J7Xkks=,/Ff/D+hejFp12CQ0nRl+XrcIVQA=
34,35,qcxoTOUOcFum69ORn+pC7J7Xkks=,0bGJhUq6xeO5d5AkvrifS8xcUPo=
33,35,qcxoTOUOcFum69ORn+pC7J7Xkks=,/Ff/D+hejFp12CQ0nRl+XrcIVQA=
37,33,qcxoTOUOcFum69ORn+pC7J7Xkks=,4T+muTrlGA9SSC37E6xCBXKLCKA=
38,33,qcxoTOUOcFum69ORn+pC7J7Xkks=,ZNl9Hkgx9kEgekSGduv9F1rgsns=
36,32,qcxoTOUOcFum69ORn+pC7J7Xkks=,4T+muTrlGA9SSC37E6xCBXKLCKA=
32,34,qcxoTOUOcFum69ORn+pC7J7Xkks=,/Ff/D+hejFp12CQ0nRl+XrcIVQA=
32,33,qcxoTOUOcFum69ORn+pC7J7Xkks=,WDIfd4H9w80VilNVvIStPJArDy8=
37,34,qcxoTOUOcFum69ORn+pC7J7Xkks=,/2RbJ+QF/F70CtrYEUNMGZ9sjP0=
34,41,qcxoTOUOcFum69ORn+pC7J7Xkks=,AEE56mewVtn+qQCha3S/d3TEt1M=
37,32,qcxoTOUOcFum69ORn+pC7J7Xkks=,4T+muTrlGA9SSC37E6xCBXKLCKA=
33,39,qcxoTOUOcFum69ORn+pC7J7Xkks=,tJdyo5nlbRAd3LG/1NQWR/d3D34=
34,39,qcxoTOUOcFum69ORn+pC7J7Xkks=,IDBBPnAuJ4UMmOlZB90EK6iVKvA=
33,41,qcxoTOUOcFum69ORn+pC7J7Xkks=,ElgzEBJHIWaY0DK+aE6Eyf4Z458=
33,40,qcxoTOUOcFum69ORn+pC7J7Xkks=,ElgzEBJHIWaY0DK+aE6Eyf4Z458=
39,47,qcxoTOUOcFum69ORn+pC7J7Xkks=,563y9Cbktq7qTzj4YeKNmFm5nMI=
34,40,qcxoTOUOcFum69ORn+pC7J7Xkks=,AEE56mewVtn+qQCha3S/d3TEt1M=
39,42,qcxoTOUOcFum69ORn+pC7J7Xkks=,U/X/3wysWJJOoj6PKavdGYnXUd0=
42,47,qcxoTOUOcFum69ORn+pC7J7Xkks=,bXA12tunm3FKIkqJxqlvUOv4GOs=
41,47,qcxoTOUOcFum69ORn+pC7J7Xkks=,AEjpXgeX2lMIthOOAQrwZnN0hLk=
40,47,qcxoTOUOcFum69ORn+pC7J7Xkks=,AEjpXgeX2lMIthOOAQrwZnN0hLk=
43,47,qcxoTOUOcFum69ORn+pC7J7Xkks=,bXA12tunm3FKIkqJxqlvUOv4GOs=
40,41,qcxoTOUOcFum69ORn+pC7J7Xkks=,GbwM9tasfnqFgDzd/BnrxnLWnhM=
37,39,qcxoTOUOcFum69ORn+pC7J7Xkks=,D4X7kcubqCTwTcmSY0RhD1rlWbY=
37,41,qcxoTOUOcFum69ORn+pC7J7Xkks=,dfyTu5FYkPtfDDZ7XIKb6OhZr7o=
40,42,qcxoTOUOcFum69ORn+pC7J7Xkks=,8zjy9/YMHXpzxUHZ2NKS3v5CshU=
35,41,qcxoTOUOcFum69ORn+pC7J7Xkks=,AEE56mewVtn+qQCha3S/d3TEt1M=
36,41,qcxoTOUOcFum69ORn+pC7J7Xkks=,dfyTu5FYkPtfDDZ7XIKb6OhZr7o=
38,42,qcxoTOUOcFum69ORn+pC7J7Xkks=,U/X/3wysWJJOoj6PKavdGYnXUd0=
44,47,qcxoTOUOcFum69ORn+pC7J7Xkks=,30n0kxOThcn8EqBLxOuJyuVi60Q=
38,39,qcxoTOUOcFum69ORn+pC7J7Xkks=,YL7Ixsd4/1gaJuRIw35YdMQnLWY=
38,40,qcxoTOUOcFum69ORn+pC7J7Xkks=,2fhiER3xG7YdTnkDXA/lJSzjKuk=
37,40,qcxoTOUOcFum69ORn+pC7J7Xkks=,dfyTu5FYkPtfDDZ7XIKb6OhZr7o=
39,41,qcxoTOUOcFum69ORn+pC7J7Xkks=,2fhiER3xG7YdTnkDXA/lJSzjKuk=
38,41,qcxoTOUOcFum69ORn+pC7J7Xkks=,2fhiER3xG7YdTnkDXA/lJSzjKuk=
35,39,qcxoTOUOcFum69ORn+pC7J7Xkks=,IDBBPnAuJ4UMmOlZB90EK6iVKvA=
35,40,qcxoTOUOcFum69ORn+pC7J7Xkks=,AEE56mewVtn+qQCha3S/d3TEt1M=
36,39,qcxoTOUOcFum69ORn+pC7J7Xkks=,D4X7kcubqCTwTcmSY0RhD1rlWbY=
36,40,qcxoTOUOcFum69ORn+pC7J7Xkks=,dfyTu5FYkPtfDDZ7XIKb6OhZr7o=
38,45,qcxoTOUOcFum69ORn+pC7J7Xkks=,f7O3wn0+AyI9rOyyP2ensjQtNiI=
39,43,qcxoTOUOcFum69ORn+pC7J7Xkks=,U/X/3wysWJJOoj6PKavdGYnXUd0=
40,44,qcxoTOUOcFum69ORn+pC7J7Xkks=,ifrn4V4c43Mhwe+tQwmE4/8yymg=
38,46,qcxoTOUOcFum69ORn+pC7J7Xkks=,563y9Cbktq7qTzj4YeKNmFm5nMI=
39,44,qcxoTOUOcFum69ORn+pC7J7Xkks=,f7O3wn0+AyI9rOyyP2ensjQtNiI=
40,43,qcxoTOUOcFum69ORn+pC7J7Xkks=,8zjy9/YMHXpzxUHZ2NKS3v5CshU=
40,45,qcxoTOUOcFum69ORn+pC7J7Xkks=,ifrn4V4c43Mhwe+tQwmE4/8yymg=
38,43,qcxoTOUOcFum69ORn+pC7J7Xkks=,U/X/3wysWJJOoj6PKavdGYnXUd0=
39,46,qcxoTOUOcFum69ORn+pC7J7Xkks=,563y9Cbktq7qTzj4YeKNmFm5nMI=
38,44,qcxoTOUOcFum69ORn+pC7J7Xkks=,f7O3wn0+AyI9rOyyP2ensjQtNiI=
47,41,qcxoTOUOcFum69ORn+pC7J7Xkks=,Lcirk1fhzwXsqNolP4YuZfto2U4=
39,45,qcxoTOUOcFum69ORn+pC7J7Xkks=,f7O3wn0+AyI9rOyyP2ensjQtNiI=
47,42,qcxoTOUOcFum69ORn+pC7J7Xkks=,fXlCnnHCvcdvmhlJpwxrT4OfdAI=
47,40,qcxoTOUOcFum69ORn+pC7J7Xkks=,Lcirk1fhzwXsqNolP4YuZfto2U4=
39,32,qcxoTOUOcFum69ORn+pC7J7Xkks=,ZNl9Hkgx9kEgekSGduv9F1rgsns=
46,40,qcxoTOUOcFum69ORn+pC7J7Xkks=,Lcirk1fhzwXsqNolP4YuZfto2U4=
38,47,qcxoTOUOcFum69ORn+pC7J7Xkks=,563y9Cbktq7qTzj4YeKNmFm5nMI=
39,33,qcxoTOUOcFum69ORn+pC7J7Xkks=,ZNl9Hkgx9kEgekSGduv9F1rgsns=
40,34,qcxoTOUOcFum69ORn+pC7J7Xkks=,trxPd8wLbO4zGJg15mh0WbgHPd8=
40,46,qcxoTOUOcFum69ORn+pC7J7Xkks=,AEjpXgeX2lMIthOOAQrwZnN0hLk=
32,38,qcxoTOUOcFum69ORn+pC7J7Xkks=,tJdyo5nlbRAd3LG/1NQWR/d3D34=
41,35,qcxoTOUOcFum69ORn+pC7J7Xkks=,trxPd8wLbO4zGJg15mh0WbgHPd8=
41,34,qcxoTOUOcFum69ORn+pC7J7Xkks=,trxPd8wLbO4zGJg15mh0WbgHPd8=
33,32,qcxoTOUOcFum69ORn+pC7J7Xkks=,WDIfd4H9w80VilNVvIStPJArDy8=
34,32,qcxoTOUOcFum69ORn+pC7J7Xkks=,VbCst8QJHrBeEAauQkNUuOiu9pI=
32,41,qcxoTOUOcFum69ORn+pC7J7Xkks=,ElgzEBJHIWaY0DK+aE6Eyf4Z458=
45,40,qcxoTOUOcFum69ORn+pC7J7Xkks=,pPpjKmmnZgTZcbV7bTKpGenwH0k=
39,34,qcxoTOUOcFum69ORn+pC7J7Xkks=,5d//k5e6unmB/J2CVYY5tAB0H+M=
32,39,qcxoTOUOcFum69ORn+pC7J7Xkks=,tJdyo5nlbRAd3LG/1NQWR/d3D34=
32,32,qcxoTOUOcFum69ORn+pC7J7Xkks=,WDIfd4H9w80VilNVvIStPJArDy8=
32,40,qcxoTOUOcFum69ORn+pC7J7Xkks=,ElgzEBJHIWaY0DK+aE6Eyf4Z458=
45,44,qcxoTOUOcFum69ORn+pC7J7Xkks=,hY3HVjAgVrmnmstecwin00swJn8=
46,44,qcxoTOUOcFum69ORn+pC7J7Xkks=,BZH8grCfvN+xa4yt1mWtpmLHa3Q=
45,43,qcxoTOUOcFum69ORn+pC7J7Xkks=,11Vn4VRqjQ88Lay71mLDyZbnlNA=
47,43,qcxoTOUOcFum69ORn+pC7J7Xkks=,fXlCnnHCvcdvmhlJpwxrT4OfdAI=
41,36,qcxoTOUOcFum69ORn+pC7J7Xkks=,V0VvJ3FPaeBT6gZT9Qy97GqCixE=
43,38,qcxoTOUOcFum69ORn+pC7J7Xkks=,xUBYSl7v4qLua0UrM1J+KXfm2tI=
42,38,qcxoTOUOcFum69ORn+pC7J7Xkks=,xUBYSl7v4qLua0UrM1J+KXfm2tI=
47,44,qcxoTOUOcFum69ORn+pC7J7Xkks=,BZH8grCfvN+xa4yt1mWtpmLHa3Q=
43,39,qcxoTOUOcFum69ORn+pC7J7Xkks=,xUBYSl7v4qLua0UrM1J+KXfm2tI=
46,43,qcxoTOUOcFum69ORn+pC7J7Xkks=,fXlCnnHCvcdvmhlJpwxrT4OfdAI=
44,40,qcxoTOUOcFum69ORn+pC7J7Xkks=,pPpjKmmnZgTZcbV7bTKpGenwH0k=
42,39,qcxoTOUOcFum69ORn+pC7J7Xkks=,xUBYSl7v4qLua0UrM1J+KXfm2tI=
41,37,qcxoTOUOcFum69ORn+pC7J7Xkks=,V0VvJ3FPaeBT6gZT9Qy97GqCixE=
41,38,qcxoTOUOcFum69ORn+pC7J7Xkks=,DkM4lEhRMugaDvRcVrD5LjPJC9M=
41,40,qcxoTOUOcFum69ORn+pC7J7Xkks=,GbwM9tasfnqFgDzd/BnrxnLWnhM=
43,40,qcxoTOUOcFum69ORn+pC7J7Xkks=,rgQzgdiylpSM2NgsVsmA57GO6Gs=
42,40,qcxoTOUOcFum69ORn+pC7J7Xkks=,rgQzgdiylpSM2NgsVsmA57GO6Gs=
41,39,qcxoTOUOcFum69ORn+pC7J7Xkks=,DkM4lEhRMugaDvRcVrD5LjPJC9M=
46,45,qcxoTOUOcFum69ORn+pC7J7Xkks=,BZH8grCfvN+xa4yt1mWtpmLHa3Q=
46,47,qcxoTOUOcFum69ORn+pC7J7Xkks=,ERGCCx74VEjBMXt8si0m+cnXRss=
47,45,qcxoTOUOcFum69ORn+pC7J7Xkks=,BZH8grCfvN+xa4yt1mWtpmLHa3Q=
45,45,qcxoTOUOcFum69ORn+pC7J7Xkks=,hY3HVjAgVrmnmstecwin00swJn8=
47,46,qcxoTOUOcFum69ORn+pC7J7Xkks=,ERGCCx74VEjBMXt8si0m+cnXRss=
47,47,qcxoTOUOcFum69ORn+pC7J7Xkks=,ERGCCx74VEjBMXt8si0m+cnXRss=
45,47,qcxoTOUOcFum69ORn+pC7J7Xkks=,30n0kxOThcn8EqBLxOuJyuVi60Q=
46,46,qcxoTOUOcFum69ORn+pC7J7Xkks=,ERGCCx74VEjBMXt8si0m+cnXRss=
45,46,qcxoTOUOcFum69ORn+pC7J7Xkks=,30n0kxOThcn8EqBLxOuJyuVi60Q=
39,58,qcxoTOUOcFum69ORn+pC7J7Xkks=,RVsDKk29OCeQvYUsp+UZBCoUqJE=
39,56,qcxoTOUOcFum69ORn+pC7J7Xkks=,cgkmU2GromGAi4kA4kAQh/EooQ4=
39,57,qcxoTOUOcFum69ORn+pC7J7Xkks=,cgkmU2GromGAi4kA4kAQh/EooQ4=
38,63,qcxoTOUOcFum69ORn+pC7J7Xkks=,8sfltqnV8liHkkxWB6LpjQiAvlE=
38,58,qcxoTOUOcFum69ORn+pC7J7Xkks=,RVsDKk29OCeQvYUsp+UZBCoUqJE=
39,55,qcxoTOUOcFum69ORn+pC7J7Xkks=,d+Ef6S2kPDLSqzbf1SE4+H8KSNM=
39,62,qcxoTOUOcFum69ORn+pC7J7Xkks=,8sfltqnV8liHkkxWB6LpjQiAvlE=
38,59,qcxoTOUOcFum69ORn+pC7J7Xkks=,RVsDKk29OCeQvYUsp+UZBCoUqJE=
38,57,qcxoTOUOcFum69ORn+pC7J7Xkks=,cgkmU2GromGAi4kA4kAQh/EooQ4=
39,61,qcxoTOUOcFum69ORn+pC7J7Xkks=,oj1TXJV6IlGnNO4ntLep/7QXBvs=
39,59,qcxoTOUOcFum69ORn+pC7J7Xkks=,RVsDKk29OCeQvYUsp+UZBCoUqJE=
38,62,qcxoTOUOcFum69ORn+pC7J7Xkks=,8sfltqnV8liHkkxWB6LpjQiAvlE=
39,60,qcxoTOUOcFum69ORn+pC7J7Xkks=,oj1TXJV6IlGnNO4ntLep/7QXBvs=
39,63,qcxoTOUOcFum69ORn+pC7J7Xkks=,8sfltqnV8liHkkxWB6LpjQiAvlE=
38,60,qcxoTOUOcFum69ORn+pC7J7Xkks=,oj1TXJV6IlGnNO4ntLep/7QXBvs=
45,54,qcxoTOUOcFum69ORn+pC7J7Xkks=,Bhc+CFZXeuVvgzbRe6qkvZQ6iNo=
46,54,qcxoTOUOcFum69ORn+pC7J7Xkks=,G3SbzfeoFgybBOeI8L597iGyBb0=
38,61,qcxoTOUOcFum69ORn+pC7J7Xkks=,oj1TXJV6IlGnNO4ntLep/7QXBvs=
46,53,qcxoTOUOcFum69ORn+pC7J7Xkks=,aZOGwJXvmZQZgPHvqMM00r5PvH4=
46,56,qcxoTOUOcFum69ORn+pC7J7Xkks=,4ceL3PchYEcQy6M605gahlxrVPw=
47,55,qcxoTOUOcFum69ORn+pC7J7Xkks=,G3SbzfeoFgybBOeI8L597iGyBb0=
45,57,qcxoTOUOcFum69ORn+pC7J7Xkks=,sfrL6Kx6smd4SdA/IlCvQqU8O7w=
47,56,qcxoTOUOcFum69ORn+pC7J7Xkks=,4ceL3PchYEcQy6M605gahlxrVPw=
46,57,qcxoTOUOcFum69ORn+pC7J7Xkks=,4ceL3PchYEcQy6M605gahlxrVPw=
46,55,qcxoTOUOcFum69ORn+pC7J7Xkks=,G3SbzfeoFgybBOeI8L597iGyBb0=
45,55,qcxoTOUOcFum69ORn+pC7J7Xkks=,Bhc+CFZXeuVvgzbRe6qkvZQ6iNo=
44,54,qcxoTOUOcFum69ORn+pC7J7Xkks=,Bhc+CFZXeuVvgzbRe6qkvZQ6iNo=
44,56,qcxoTOUOcFum69ORn+pC7J7Xkks=,sfrL6Kx6smd4SdA/IlCvQqU8O7w=
44,57,qcxoTOUOcFum69ORn+pC7J7Xkks=,sfrL6Kx6smd4SdA/IlCvQqU8O7w=
47,57,qcxoTOUOcFum69ORn+pC7J7Xkks=,4ceL3PchYEcQy6M605gahlxrVPw=
44,55,qcxoTOUOcFum69ORn+pC7J7Xkks=,Bhc+CFZXeuVvgzbRe6qkvZQ6iNo=
45,56,qcxoTOUOcFum69ORn+pC7J7Xkks=,sfrL6Kx6smd4SdA/IlCvQqU8O7w=
38,55,qcxoTOUOcFum69ORn+pC7J7Xkks=,d+Ef6S2kPDLSqzbf1SE4+H8KSNM=
46,48,qcxoTOUOcFum69ORn+pC7J7Xkks=,JY5f90HfIH5ja103B13HTqN7XXQ=
45,48,qcxoTOUOcFum69ORn+pC7J7Xkks=,9s5sULhMgG3ECz8cAi5x0h2dncg=
47,53,qcxoTOUOcFum69ORn+pC7J7Xkks=,aZOGwJXvmZQZgPHvqMM00r5PvH4=
47,54,qcxoTOUOcFum69ORn+pC7J7Xkks=,G3SbzfeoFgybBOeI8L597iGyBb0=
38,56,qcxoTOUOcFum69ORn+pC7J7Xkks=,cgkmU2GromGAi4kA4kAQh/EooQ4=
47,48,qcxoTOUOcFum69ORn+pC7J7Xkks=,JY5f90HfIH5ja103B13HTqN7XXQ=
38,54,qcxoTOUOcFum69ORn+pC7J7Xkks=,d+Ef6S2kPDLSqzbf1SE4+H8KSNM=
38,53,qcxoTOUOcFum69ORn+pC7J7Xkks=,cvBVcIwkaN2I9jh4dxWOwPJHi5c=
39,54,qcxoTOUOcFum69ORn+pC7J7Xkks=,d+Ef6S2kPDLSqzbf1SE4+H8KSNM=
39,53,qcxoTOUOcFum69ORn+pC7J7Xkks=,cvBVcIwkaN2I9jh4dxWOwPJHi5c=
36,50,qcxoTOUOcFum69ORn+pC7J7Xkks=,QCMnPJP+yjRb3RFKIIgcitq/4cE=
44,50,qcxoTOUOcFum69ORn+pC7J7Xkks=,cFljGfTOAis5S2HsDJCDc/Iudrw=
35,51,qcxoTOUOcFum69ORn+pC7J7Xkks=,xFhcOla42XP6HzcT68SrZUV4XJg=
46,52,qcxoTOUOcFum69ORn+pC7J7Xkks=,aZOGwJXvmZQZgPHvqMM00r5PvH4=
35,50,qcxoTOUOcFum69ORn+pC7J7Xkks=,xFhcOla42XP6HzcT68SrZUV4XJg=
44,51,qcxoTOUOcFum69ORn+pC7J7Xkks=,cFljGfTOAis5S2HsDJCDc/Iudrw=
44,49,qcxoTOUOcFum69ORn+pC7J7Xkks=,9s5sULhMgG3ECz8cAi5x0h2dncg=
36,51,qcxoTOUOcFum69ORn+pC7J7Xkks=,QCMnPJP+yjRb3RFKIIgcitq/4cE=
45,51,qcxoTOUOcFum69ORn+pC7J7Xkks=,cFljGfTOAis5S2HsDJCDc/Iudrw=
46,51,qcxoTOUOcFum69ORn+pC7J7Xkks=,UmDyv7rKv82Q/qPedxBhGGc6ZE4=
45,50,qcxoTOUOcFum69ORn+pC7J7Xkks=,cFljGfTOAis5S2HsDJCDc/Iudrw=
45,49,qcxoTOUOcFum69ORn+pC7J7Xkks=,9s5sULhMgG3ECz8cAi5x0h2dncg=
44,48,qcxoTOUOcFum69ORn+pC7J7Xkks=,9s5sULhMgG3ECz8cAi5x0h2dncg=
47,49,qcxoTOUOcFum69ORn+pC7J7Xkks=,JY5f90HfIH5ja103B13HTqN7XXQ=
47,50,qcxoTOUOcFum69ORn+pC7J7Xkks=,UmDyv7rKv82Q/qPedxBhGGc6ZE4=
46,49,qcxoTOUOcFum69ORn+pC7J7Xkks=,JY5f90HfIH5ja103B13HTqN7XXQ=
37,50,qcxoTOUOcFum69ORn+pC7J7Xkks=,QCMnPJP+yjRb3RFKIIgcitq/4cE=
39,50,qcxoTOUOcFum69ORn+pC7J7Xkks=,DqNI2gyN1gA3u7T2GEN+/N1FpY0=
38,50,qcxoTOUOcFum69ORn+pC7J7Xkks=,DqNI2gyN1gA3u7T2GEN+/N1FpY0=
39,52,qcxoTOUOcFum69ORn+pC7J7Xkks=,cvBVcIwkaN2I9jh4dxWOwPJHi5c=
32,50,qcxoTOUOcFum69ORn+pC7J7Xkks=,kJzp/uZCggf3c/g+Y+B6XinW7qE=
33,50,qcxoTOUOcFum69ORn+pC7J7Xkks=,kJzp/uZCggf3c/g+Y+B6XinW7qE=
34,50,qcxoTOUOcFum69ORn+pC7J7Xkks=,xFhcOla42XP6HzcT68SrZUV4XJg=
46,50,qcxoTOUOcFum69ORn+pC7J7Xkks=,UmDyv7rKv82Q/qPedxBhGGc6ZE4=
47,52,qcxoTOUOcFum69ORn+pC7J7Xkks=,aZOGwJXvmZQZgPHvqMM00r5PvH4=
38,52,qcxoTOUOcFum69ORn+pC7J7Xkks=,cvBVcIwkaN2I9jh4dxWOwPJHi5c=
39,51,qcxoTOUOcFum69ORn+pC7J7Xkks=,DqNI2gyN1gA3u7T2GEN+/N1FpY0=
34,51,qcxoTOUOcFum69ORn+pC7J7Xkks=,xFhcOla42XP6HzcT68SrZUV4XJg=
33,51,qcxoTOUOcFum69ORn+pC7J7Xkks=,kJzp/uZCggf3c/g+Y+B6XinW7qE=
37,51,qcxoTOUOcFum69ORn+pC7J7Xkks=,QCMnPJP+yjRb3RFKIIgcitq/4cE=
32,51,qcxoTOUOcFum69ORn+pC7J7Xkks=,kJzp/uZCggf3c/g+Y+B6XinW7qE=
47,51,qcxoTOUOcFum69ORn+pC7J7Xkks=,UmDyv7rKv82Q/qPedxBhGGc6ZE4=
38,51,qcxoTOUOcFum69ORn+pC7J7Xkks=,DqNI2gyN1gA3u7T2GEN+/N1FpY0=
56,50,7d30uWfQKjrSkd45H/kwXcdYCIk=,KicSFWMNmUrwWo4Q3diNxGGw6Pk=
55,50,7d30uWfQKjrSkd45H/kwXcdYCIk=,w2YkryfbPG7TRbybGfy81R4N5qY=
55,49,7d30uWfQKjrSkd45H/kwXcdYCIk=,xOvvb4Cl44XGk69sVuXcBemDFFs=
56,49,7d30uWfQKjrSkd45H/kwXcdYCIk=,qwMnUouErzeGv1Vcsoimoqf2Ahc=
57,52,7d30uWfQKjrSkd45H/kwXcdYCIk=,7haHuBKOwF7+SfUPVcRWsF8vbbY=
58,51,7d30uWfQKjrSkd45H/kwXcdYCIk=,Fo4pJzW5Fjhh4B4xfNeQqdcoyC0=
58,52,lTlSx26dqD3/D7IDpZzeHPAJrAA=,QfFbtCCSp7IjwF01AZZIydf2wj0=
55,52,lTlSx26dqD3/D7IDpZzeHPAJrAA=,FYfLHw1nu3HfbLsh9YBg1RmQv/Q=
56,51,lTlSx26dqD3/D7IDpZzeHPAJrAA=,KicSFWMNmUrwWo4Q3diNxGGw6Pk=
57,51,lTlSx26dqD3/D7IDpZzeHPAJrAA=,KicSFWMNmUrwWo4Q3diNxGGw6Pk=
55,51,lTlSx26dqD3/D7IDpZzeHPAJrAA=,w2YkryfbPG7TRbybGfy81R4N5qY=
57,53,lTlSx26dqD3/D7IDpZzeHPAJrAA=,7haHuBKOwF7+SfUPVcRWsF8vbbY=
56,52,lTlSx26dqD3/D7IDpZzeHPAJrAA=,7haHuBKOwF7+SfUPVcRWsF8vbbY=
57,54,lTlSx26dqD3/D7IDpZzeHPAJrAA=,jIcTDAa18WGfjHetxkWH4tzqIFo=
58,54,lTlSx26dqD3/D7IDpZzeHPAJrAA=,izYhLTYOmcb3LxrPb/WsLG4Y/Uc=
56,54,lTlSx26dqD3/D7IDpZzeHPAJrAA=,jIcTDAa18WGfjHetxkWH4tzqIFo=
55,53,lTlSx26dqD3/D7IDpZzeHPAJrAA=,FYfLHw1nu3HfbLsh9YBg1RmQv/Q=
55,54,lTlSx26dqD3/D7IDpZzeHPAJrAA=,DePyBTPagbUboYGhzZ6jwzlPFX8=
58,53,lTlSx26dqD3/D7IDpZzeHPAJrAA=,QfFbtCCSp7IjwF01AZZIydf2wj0=
56,53,lTlSx26dqD3/D7IDpZzeHPAJrAA=,7haHuBKOwF7+SfUPVcRWsF8vbbY=
53,53,lTlSx26dqD3/D7IDpZzeHPAJrAA=,ZiQJaMJ2YiveSGO0SMEev2mh/To=
53,54,lTlSx26dqD3/D7IDpZzeHPAJrAA=,FZBaCyDH6lkbz1AIwL6h1qXk+jY=
54,53,lTlSx26dqD3/D7IDpZzeHPAJrAA=,FYfLHw1nu3HfbLsh9YBg1RmQv/Q=
54,54,lTlSx26dqD3/D7IDpZzeHPAJrAA=,DePyBTPagbUboYGhzZ6jwzlPFX8=
54,56,lTlSx26dqD3/D7IDpZzeHPAJrAA=,Rb/KlXgtDwEkJte0Eqb7uNyM8qQ=
53,56,lTlSx26dqD3/D7IDpZzeHPAJrAA=,xUrMWdjTVhjZzJcoTUHSuO7tuq8=
54,55,lTlSx26dqD3/D7IDpZzeHPAJrAA=,DePyBTPagbUboYGhzZ6jwzlPFX8=
54,57,lTlSx26dqD3/D7IDpZzeHPAJrAA=,Rb/KlXgtDwEkJte0Eqb7uNyM8qQ=
53,57,lTlSx26dqD3/D7IDpZzeHPAJrAA=,xUrMWdjTVhjZzJcoTUHSuO7tuq8=
52,53,lTlSx26dqD3/D7IDpZzeHPAJrAA=,ZiQJaMJ2YiveSGO0SMEev2mh/To=
52,54,lTlSx26dqD3/D7IDpZzeHPAJrAA=,FZBaCyDH6lkbz1AIwL6h1qXk+jY=
54,58,lTlSx26dqD3/D7IDpZzeHPAJrAA=,volSPQNWf/xpF+ivXFQ0HhNgySA=
53,55,lTlSx26dqD3/D7IDpZzeHPAJrAA=,FZBaCyDH6lkbz1AIwL6h1qXk+jY=
52,56,lTlSx26dqD3/D7IDpZzeHPAJrAA=,xUrMWdjTVhjZzJcoTUHSuO7tuq8=
51,56,lTlSx26dqD3/D7IDpZzeHPAJrAA=,DjNopYzy4EVbzy98hTB/3GfAIFw=
54,52,lTlSx26dqD3/D7IDpZzeHPAJrAA=,FYfLHw1nu3HfbLsh9YBg1RmQv/Q=
51,53,lTlSx26dqD3/D7IDpZzeHPAJrAA=,nD7ZYL07lhjqZcBVygGRfZVGvYE=
52,52,lTlSx26dqD3/D7IDpZzeHPAJrAA=,ZiQJaMJ2YiveSGO0SMEev2mh/To=
53,58,lTlSx26dqD3/D7IDpZzeHPAJrAA=,wp6GrxRy/2k53S3Xqjd+lV9LkRI=
53,52,lTlSx26dqD3/D7IDpZzeHPAJrAA=,ZiQJaMJ2YiveSGO0SMEev2mh/To=
51,54,lTlSx26dqD3/D7IDpZzeHPAJrAA=,RHHkcIacsx602xqtzupi9kQeFMo=
54,51,lTlSx26dqD3/D7IDpZzeHPAJrAA=,w2YkryfbPG7TRbybGfy81R4N5qY=
51,51,lTlSx26dqD3/D7IDpZzeHPAJrAA=,fXLiC3nKB6GSURQ4Y1U/xJjcvXU=
51,52,lTlSx26dqD3/D7IDpZzeHPAJrAA=,nD7ZYL07lhjqZcBVygGRfZVGvYE=
53,51,lTlSx26dqD3/D7IDpZzeHPAJrAA=,4QjSU1pEYN04KO85kIZZFRmt2vg=
52,51,lTlSx26dqD3/D7IDpZzeHPAJrAA=,4QjSU1pEYN04KO85kIZZFRmt2vg=
51,55,lTlSx26dqD3/D7IDpZzeHPAJrAA=,RHHkcIacsx602xqtzupi9kQeFMo=
52,55,lTlSx26dqD3/D7IDpZzeHPAJrAA=,FZBaCyDH6lkbz1AIwL6h1qXk+jY=
58,62,lTlSx26dqD3/D7IDpZzeHPAJrAA=,tUmpNhRanHFLue5o74CgPnsI3s0=
58,59,lTlSx26dqD3/D7IDpZzeHPAJrAA=,XqlSnhh1huGcz1kboouuBS+rPsA=
58,61,lTlSx26dqD3/D7IDpZzeHPAJrAA=,SYQrxeD8r3ccZcbe49wgmAVsCtQ=
60,62,lTlSx26dqD3/D7IDpZzeHPAJrAA=,HphGRz6l2zuWxBeTB0P9opoZaNk=
57,61,lTlSx26dqD3/D7IDpZzeHPAJrAA=,pHqgEGGrD6nXH5u6QwQS3p9+1RI=
59,61,lTlSx26dqD3/D7IDpZzeHPAJrAA=,SYQrxeD8r3ccZcbe49wgmAVsCtQ=
57,59,lTlSx26dqD3/D7IDpZzeHPAJrAA=,l+qg3UA/PQqPWIKlQy9Ay9SVXlc=
60,60,lTlSx26dqD3/D7IDpZzeHPAJrAA=,bjxnCGy1ShHofomJ+GdIhYzucYY=
59,59,lTlSx26dqD3/D7IDpZzeHPAJrAA=,XqlSnhh1huGcz1kboouuBS+rPsA=
57,62,lTlSx26dqD3/D7IDpZzeHPAJrAA=,b28oDZ6ybpCBRlU5GGD9ThEalIw=
58,60,lTlSx26dqD3/D7IDpZzeHPAJrAA=,SYQrxeD8r3ccZcbe49wgmAVsCtQ=
59,62,lTlSx26dqD3/D7IDpZzeHPAJrAA=,tUmpNhRanHFLue5o74CgPnsI3s0=
59,60,lTlSx26dqD3/D7IDpZzeHPAJrAA=,SYQrxeD8r3ccZcbe49wgmAVsCtQ=
57,60,lTlSx26dqD3/D7IDpZzeHPAJrAA=,pHqgEGGrD6nXH5u6QwQS3p9+1RI=
60,61,lTlSx26dqD3/D7IDpZzeHPAJrAA=,bjxnCGy1ShHofomJ+GdIhYzucYY=
52,58,lTlSx26dqD3/D7IDpZzeHPAJrAA=,wp6GrxRy/2k53S3Xqjd+lV9LkRI=
51,57,lTlSx26dqD3/D7IDpZzeHPAJrAA=,DjNopYzy4EVbzy98hTB/3GfAIFw=
54,59,lTlSx26dqD3/D7IDpZzeHPAJrAA=,volSPQNWf/xpF+ivXFQ0HhNgySA=
55,61,lTlSx26dqD3/D7IDpZzeHPAJrAA=,HL9E9GQpDRsPamKG3iHWCXpjOWk=
54,61,lTlSx26dqD3/D7IDpZzeHPAJrAA=,HL9E9GQpDRsPamKG3iHWCXpjOWk=
53,59,lTlSx26dqD3/D7IDpZzeHPAJrAA=,wp6GrxRy/2k53S3Xqjd+lV9LkRI=
55,60,lTlSx26dqD3/D7IDpZzeHPAJrAA=,HL9E9GQpDRsPamKG3iHWCXpjOWk=
55,59,lTlSx26dqD3/D7IDpZzeHPAJrAA=,volSPQNWf/xpF+ivXFQ0HhNgySA=
54,60,lTlSx26dqD3/D7IDpZzeHPAJrAA=,HL9E9GQpDRsPamKG3iHWCXpjOWk=
56,61,lTlSx26dqD3/D7IDpZzeHPAJrAA=,pHqgEGGrD6nXH5u6QwQS3p9+1RI=
56,62,lTlSx26dqD3/D7IDpZzeHPAJrAA=,b28oDZ6ybpCBRlU5GGD9ThEalIw=
52,57,lTlSx26dqD3/D7IDpZzeHPAJrAA=,xUrMWdjTVhjZzJcoTUHSuO7tuq8=
56,59,lTlSx26dqD3/D7IDpZzeHPAJrAA=,l+qg3UA/PQqPWIKlQy9Ay9SVXlc=
57,49,lTlSx26dqD3/D7IDpZzeHPAJrAA=,qwMnUouErzeGv1Vcsoimoqf2Ahc=
56,60,lTlSx26dqD3/D7IDpZzeHPAJrAA=,pHqgEGGrD6nXH5u6QwQS3p9+1RI=
58,50,lTlSx26dqD3/D7IDpZzeHPAJrAA=,Fo4pJzW5Fjhh4B4xfNeQqdcoyC0=
60,53,lTlSx26dqD3/D7IDpZzeHPAJrAA=,RcoAo+gjy5no6UAaBDBRlpsUTek=
61,53,lTlSx26dqD3/D7IDpZzeHPAJrAA=,RcoAo+gjy5no6UAaBDBRlpsUTek=
57,50,lTlSx26dqD3/D7IDpZzeHPAJrAA=,KicSFWMNmUrwWo4Q3diNxGGw6Pk=
59,54,lTlSx26dqD3/D7IDpZzeHPAJrAA=,izYhLTYOmcb3LxrPb/WsLG4Y/Uc=
61,63,lTlSx26dqD3/D7IDpZzeHPAJrAA=,HphGRz6l2zuWxBeTB0P9opoZaNk=
59,53,lTlSx26dqD3/D7IDpZzeHPAJrAA=,QfFbtCCSp7IjwF01AZZIydf2wj0=
61,62,lTlSx26dqD3/D7IDpZzeHPAJrAA=,HphGRz6l2zuWxBeTB0P9opoZaNk=
62,63,lTlSx26dqD3/D7IDpZzeHPAJrAA=,refMwdJbVY8cW/Hwno2k5IgcNQs=
61,61,lTlSx26dqD3/D7IDpZzeHPAJrAA=,bjxnCGy1ShHofomJ+GdIhYzucYY=
61,51,lTlSx26dqD3/D7IDpZzeHPAJrAA=,aw/Y+e/ArMveD4qixMsyJyt0034=
61,49,lTlSx26dqD3/D7IDpZzeHPAJrAA=,nahvq1j4l+tazP/+bEvCmyJw5ck=
63,62,lTlSx26dqD3/D7IDpZzeHPAJrAA=,refMwdJbVY8cW/Hwno2k5IgcNQs=
61,50,lTlSx26dqD3/D7IDpZzeHPAJrAA=,aw/Y+e/ArMveD4qixMsyJyt0034=
59,51,lTlSx26dqD3/D7IDpZzeHPAJrAA=,Fo4pJzW5Fjhh4B4xfNeQqdcoyC0=
61,52,lTlSx26dqD3/D7IDpZzeHPAJrAA=,RcoAo+gjy5no6UAaBDBRlpsUTek=
55,57,lTlSx26dqD3/D7IDpZzeHPAJrAA=,Rb/KlXgtDwEkJte0Eqb7uNyM8qQ=
56,57,lTlSx26dqD3/D7IDpZzeHPAJrAA=,jHEH8dTZWRaChUbH44DMiJAbbkk=
62,62,lTlSx26dqD3/D7IDpZzeHPAJrAA=,refMwdJbVY8cW/Hwno2k5IgcNQs=
60,52,lTlSx26dqD3/D7IDpZzeHPAJrAA=,RcoAo+gjy5no6UAaBDBRlpsUTek=
56,58,lTlSx26dqD3/D7IDpZzeHPAJrAA=,l+qg3UA/PQqPWIKlQy9Ay9SVXlc=
55,56,lTlSx26dqD3/D7IDpZzeHPAJrAA=,Rb/KlXgtDwEkJte0Eqb7uNyM8qQ=
60,51,lTlSx26dqD3/D7IDpZzeHPAJrAA=,aw/Y+e/ArMveD4qixMsyJyt0034=
59,52,lTlSx26dqD3/D7IDpZzeHPAJrAA=,QfFbtCCSp7IjwF01AZZIydf2wj0=
60,49,lTlSx26dqD3/D7IDpZzeHPAJrAA=,nahvq1j4l+tazP/+bEvCmyJw5ck=
60,50,lTlSx26dqD3/D7IDpZzeHPAJrAA=,aw/Y+e/ArMveD4qixMsyJyt0034=
59,50,lTlSx26dqD3/D7IDpZzeHPAJrAA=,Fo4pJzW5Fjhh4B4xfNeQqdcoyC0=
56,56,lTlSx26dqD3/D7IDpZzeHPAJrAA=,jHEH8dTZWRaChUbH44DMiJAbbkk=
55,58,lTlSx26dqD3/D7IDpZzeHPAJrAA=,volSPQNWf/xpF+ivXFQ0HhNgySA=
55,55,lTlSx26dqD3/D7IDpZzeHPAJrAA=,DePyBTPagbUboYGhzZ6jwzlPFX8=
57,58,lTlSx26dqD3/D7IDpZzeHPAJrAA=,l+qg3UA/PQqPWIKlQy9Ay9SVXlc=
58,56,lTlSx26dqD3/D7IDpZzeHPAJrAA=,/5I7aK6N9H7/4BTuj3mWYH+8LBw=
57,57,lTlSx26dqD3/D7IDpZzeHPAJrAA=,jHEH8dTZWRaChUbH44DMiJAbbkk=
58,58,lTlSx26dqD3/D7IDpZzeHPAJrAA=,XqlSnhh1huGcz1kboouuBS+rPsA=
63,63,lTlSx26dqD3/D7IDpZzeHPAJrAA=,refMwdJbVY8cW/Hwno2k5IgcNQs=
59,55,lTlSx26dqD3/D7IDpZzeHPAJrAA=,izYhLTYOmcb3LxrPb/WsLG4Y/Uc=
56,55,lTlSx26dqD3/D7IDpZzeHPAJrAA=,jIcTDAa18WGfjHetxkWH4tzqIFo=
58,57,lTlSx26dqD3/D7IDpZzeHPAJrAA=,/5I7aK6N9H7/4BTuj3mWYH+8LBw=
57,56,lTlSx26dqD3/D7IDpZzeHPAJrAA=,jHEH8dTZWRaChUbH44DMiJAbbkk=
57,55,lTlSx26dqD3/D7IDpZzeHPAJrAA=,jIcTDAa18WGfjHetxkWH4tzqIFo=
59,58,lTlSx26dqD3/D7IDpZzeHPAJrAA=,XqlSnhh1huGcz1kboouuBS+rPsA=
59,56,lTlSx26dqD3/D7IDpZzeHPAJrAA=,/5I7aK6N9H7/4BTuj3mWYH+8LBw=
58,55,lTlSx26dqD3/D7IDpZzeHPAJrAA=,izYhLTYOmcb3LxrPb/WsLG4Y/Uc=
55,48,lTlSx26dqD3/D7IDpZzeHPAJrAA=,xOvvb4Cl44XGk69sVuXcBemDFFs=
59,57,lTlSx26dqD3/D7IDpZzeHPAJrAA=,/5I7aK6N9H7/4BTuj3mWYH+8LBw=
56,48,lTlSx26dqD3/D7IDpZzeHPAJrAA=,qwMnUouErzeGv1Vcsoimoqf2Ahc=
53,49,lTlSx26dqD3/D7IDpZzeHPAJrAA=,meuvu72D+qnJPvHNrdBMA4wCUYo=
54,50,lTlSx26dqD3/D7IDpZzeHPAJrAA=,w2YkryfbPG7TRbybGfy81R4N5qY=
54,49,lTlSx26dqD3/D7IDpZzeHPAJrAA=,xOvvb4Cl44XGk69sVuXcBemDFFs=
53,50,lTlSx26dqD3/D7IDpZzeHPAJrAA=,4QjSU1pEYN04KO85kIZZFRmt2vg=
51,49,lTlSx26dqD3/D7IDpZzeHPAJrAA=,iH8Pe9Z7k1RfevZQKaS/BT8qIdI=
49,50,lTlSx26dqD3/D7IDpZzeHPAJrAA=,CPiYSkWCxsFFRSazwX7FZJvhSdY=
50,50,lTlSx26dqD3/D7IDpZzeHPAJrAA=,fXLiC3nKB6GSURQ4Y1U/xJjcvXU=
50,49,lTlSx26dqD3/D7IDpZzeHPAJrAA=,iH8Pe9Z7k1RfevZQKaS/BT8qIdI=
49,49,lTlSx26dqD3/D7IDpZzeHPAJrAA=,D6BK5znrJxy1Kx7hkYfP0V8nD1I=
50,57,lTlSx26dqD3/D7IDpZzeHPAJrAA=,DjNopYzy4EVbzy98hTB/3GfAIFw=
52,50,lTlSx26dqD3/D7IDpZzeHPAJrAA=,4QjSU1pEYN04KO85kIZZFRmt2vg=
48,55,lTlSx26dqD3/D7IDpZzeHPAJrAA=,ukPX7qbqAK76J772LVABJwAawVA=
51,50,lTlSx26dqD3/D7IDpZzeHPAJrAA=,fXLiC3nKB6GSURQ4Y1U/xJjcvXU=
50,56,lTlSx26dqD3/D7IDpZzeHPAJrAA=,DjNopYzy4EVbzy98hTB/3GfAIFw=
49,55,lTlSx26dqD3/D7IDpZzeHPAJrAA=,ukPX7qbqAK76J772LVABJwAawVA=
58,63,lTlSx26dqD3/D7IDpZzeHPAJrAA=,tUmpNhRanHFLue5o74CgPnsI3s0=
60,63,lTlSx26dqD3/D7IDpZzeHPAJrAA=,HphGRz6l2zuWxBeTB0P9opoZaNk=
57,63,lTlSx26dqD3/D7IDpZzeHPAJrAA=,b28oDZ6ybpCBRlU5GGD9ThEalIw=
56,63,lTlSx26dqD3/D7IDpZzeHPAJrAA=,b28oDZ6ybpCBRlU5GGD9ThEalIw=
50,55,lTlSx26dqD3/D7IDpZzeHPAJrAA=,RHHkcIacsx602xqtzupi9kQeFMo=
53,48,lTlSx26dqD3/D7IDpZzeHPAJrAA=,meuvu72D+qnJPvHNrdBMA4wCUYo=
57,48,lTlSx26dqD3/D7IDpZzeHPAJrAA=,qwMnUouErzeGv1Vcsoimoqf2Ahc=
60,48,lTlSx26dqD3/D7IDpZzeHPAJrAA=,nahvq1j4l+tazP/+bEvCmyJw5ck=
61,48,lTlSx26dqD3/D7IDpZzeHPAJrAA=,nahvq1j4l+tazP/+bEvCmyJw5ck=
61,60,lTlSx26dqD3/D7IDpZzeHPAJrAA=,bjxnCGy1ShHofomJ+GdIhYzucYY=
52,59,lTlSx26dqD3/D7IDpZzeHPAJrAA=,wp6GrxRy/2k53S3Xqjd+lV9LkRI=
52,49,lTlSx26dqD3/D7IDpZzeHPAJrAA=,meuvu72D+qnJPvHNrdBMA4wCUYo=
59,63,lTlSx26dqD3/D7IDpZzeHPAJrAA=,tUmpNhRanHFLue5o74CgPnsI3s0=
48,48,lTlSx26dqD3/D7IDpZzeHPAJrAA=,D6BK5znrJxy1Kx7hkYfP0V8nD1I=
54,48,lTlSx26dqD3/D7IDpZzeHPAJrAA=,xOvvb4Cl44XGk69sVuXcBemDFFs=
48,49,lTlSx26dqD3/D7IDpZzeHPAJrAA=,D6BK5znrJxy1Kx7hkYfP0V8nD1I=
52,48,lTlSx26dqD3/D7IDpZzeHPAJrAA=,meuvu72D+qnJPvHNrdBMA4wCUYo=
48,50,lTlSx26dqD3/D7IDpZzeHPAJrAA=,CPiYSkWCxsFFRSazwX7FZJvhSdY=
49,48,lTlSx26dqD3/D7IDpZzeHPAJrAA=,D6BK5znrJxy1Kx7hkYfP0V8nD1I=
50,54,lTlSx26dqD3/D7IDpZzeHPAJrAA=,RHHkcIacsx602xqtzupi9kQeFMo=
50,52,lTlSx26dqD3/D7IDpZzeHPAJrAA=,nD7ZYL07lhjqZcBVygGRfZVGvYE=
50,53,lTlSx26dqD3/D7IDpZzeHPAJrAA=,nD7ZYL07lhjqZcBVygGRfZVGvYE=
48,54,lTlSx26dqD3/D7IDpZzeHPAJrAA=,ukPX7qbqAK76J772LVABJwAawVA=
49,53,lTlSx26dqD3/D7IDpZzeHPAJrAA=,d/UTmrCwmU69B/uxxMTpZWJ8BJU=
50,51,lTlSx26dqD3/D7IDpZzeHPAJrAA=,fXLiC3nKB6GSURQ4Y1U/xJjcvXU=
48,53,lTlSx26dqD3/D7IDpZzeHPAJrAA=,d/UTmrCwmU69B/uxxMTpZWJ8BJU=
49,51,lTlSx26dqD3/D7IDpZzeHPAJrAA=,CPiYSkWCxsFFRSazwX7FZJvhSdY=
49,52,lTlSx26dqD3/D7IDpZzeHPAJrAA=,d/UTmrCwmU69B/uxxMTpZWJ8BJU=
50,48,lTlSx26dqD3/D7IDpZzeHPAJrAA=,iH8Pe9Z7k1RfevZQKaS/BT8qIdI=
49,54,lTlSx26dqD3/D7IDpZzeHPAJrAA=,ukPX7qbqAK76J772LVABJwAawVA=
51,48,lTlSx26dqD3/D7IDpZzeHPAJrAA=,iH8Pe9Z7k1RfevZQKaS/BT8qIdI=
48,52,lTlSx26dqD3/D7IDpZzeHPAJrAA=,d/UTmrCwmU69B/uxxMTpZWJ8BJU=
48,51,lTlSx26dqD3/D7IDpZzeHPAJrAA=,CPiYSkWCxsFFRSazwX7FZJvhSdY=
60,43,OfPYedvPTAHYTSf0KOlmoG7DKPQ=,+isT62OTvLjli4uHkqCGH2GQ/qs=
59,43,OfPYedvPTAHYTSf0KOlmoG7DKPQ=,nI7tvtB+waXz51gmwCQ1FCYtMV8=
60,44,OfPYedvPTAHYTSf0KOlmoG7DKPQ=,4spyDD2xdobg34u9XlHsI16tZxc=
59,44,OfPYedvPTAHYTSf0KOlmoG7DKPQ=,9MUu8alQeRgm2KpgpNZyzq4Mbos=
59,41,OfPYedvPTAHYTSf0KOlmoG7DKPQ=,bLX3oMetnnKEvuFciLZp3F465tw=
60,41,OfPYedvPTAHYTSf0KOlmoG7DKPQ=,F1NaTCEJ+7HK0DbGq3fhrTJEw7Y=
60,42,OfPYedvPTAHYTSf0KOlmoG7DKPQ=,+isT62OTvLjli4uHkqCGH2GQ/qs=
59,42,OfPYedvPTAHYTSf0KOlmoG7DKPQ=,nI7tvtB+waXz51gmwCQ1FCYtMV8=
53,45,OfPYedvPTAHYTSf0KOlmoG7DKPQ=,IvV8Bo0Zpp6JHD9mB3iSwkJWUks=
53,46,OfPYedvPTAHYTSf0KOlmoG7DKPQ=,/jxzXdNhnzxYqNVJhneqR0M7jzo=
54,45,OfPYedvPTAHYTSf0KOlmoG7DKPQ=,TZ36s2vyO/KUUfQHKWMKzDGj1dc=
56,46,OfPYedvPTAHYTSf0KOlmoG7DKPQ=,34by4BV+o9rd3K9f/b7kss30J3o=
54,46,OfPYedvPTAHYTSf0KOlmoG7DKPQ=,rvoXu2eLc9jlT3VxgK1R2oLk6qM=
55,46,OfPYedvPTAHYTSf0KOlmoG7DKPQ=,rvoXu2eLc9jlT3VxgK1R2oLk6qM=
55,45,OfPYedvPTAHYTSf0KOlmoG7DKPQ=,TZ36s2vyO/KUUfQHKWMKzDGj1dc=
58,44,OfPYedvPTAHYTSf0KOlmoG7DKPQ=,9MUu8alQeRgm2KpgpNZyzq4Mbos=
58,43,OfPYedvPTAHYTSf0KOlmoG7DKPQ=,nI7tvtB+waXz51gmwCQ1FCYtMV8=
56,45,OfPYedvPTAHYTSf0KOlmoG7DKPQ=,fJ+hKa2ofWiG1FZOF0oRi9LXqGo=
57,44,OfPYedvPTAHYTSf0KOlmoG7DKPQ=,fJ+hKa2ofWiG1FZOF0oRi9LXqGo=
51,46,OfPYedvPTAHYTSf0KOlmoG7DKPQ=,nhedv3YG8QydfqlQwWZ0ew3CYOU=
52,45,OfPYedvPTAHYTSf0KOlmoG7DKPQ=,IvV8Bo0Zpp6JHD9mB3iSwkJWUks=
52,46,OfPYedvPTAHYTSf0KOlmoG7DKPQ=,/jxzXdNhnzxYqNVJhneqR0M7jzo=
48,42,OfPYedvPTAHYTSf0KOlmoG7DKPQ=,tOLjM+kyz2gM8E5bo3RK8NHNW3s=
48,43,OfPYedvPTAHYTSf0KOlmoG7DKPQ=,tOLjM+kyz2gM8E5bo3RK8NHNW3s=
51,45,OfPYedvPTAHYTSf0KOlmoG7DKPQ=,/J/S4ug29CehJ9V9h9FkMgfYRSE=
49,43,OfPYedvPTAHYTSf0KOlmoG7DKPQ=,tOLjM+kyz2gM8E5bo3RK8NHNW3s=
49,44,OfPYedvPTAHYTSf0KOlmoG7DKPQ=,Qp7BCwijc8JrdU8mOt6AR69Ubn8=
50,44,OfPYedvPTAHYTSf0KOlmoG7DKPQ=,/J/S4ug29CehJ9V9h9FkMgfYRSE=
48,44,OfPYedvPTAHYTSf0KOlmoG7DKPQ=,Qp7BCwijc8JrdU8mOt6AR69Ubn8=
63,47,OfPYedvPTAHYTSf0KOlmoG7DKPQ=,59pDDABBMzCRnJb2YB9I0Zkc2Po=
62,47,OfPYedvPTAHYTSf0KOlmoG7DKPQ=,59pDDABBMzCRnJb2YB9I0Zkc2Po=
60,40,OfPYedvPTAHYTSf0KOlmoG7DKPQ=,F1NaTCEJ+7HK0DbGq3fhrTJEw7Y=
59,40,OfPYedvPTAHYTSf0KOlmoG7DKPQ=,bLX3oMetnnKEvuFciLZp3F465tw=
63,44,OfPYedvPTAHYTSf0KOlmoG7DKPQ=,awHEbLmvnvKSE9/k+jQdbWjfFm0=
62,44,OfPYedvPTAHYTSf0KOlmoG7DKPQ=,awHEbLmvnvKSE9/k+jQdbWjfFm0=
62,46,OfPYedvPTAHYTSf0KOlmoG7DKPQ=,59pDDABBMzCRnJb2YB9I0Zkc2Po=
61,43,OfPYedvPTAHYTSf0KOlmoG7DKPQ=,+isT62OTvLjli4uHkqCGH2GQ/qs=
61,44,OfPYedvPTAHYTSf0KOlmoG7DKPQ=,4spyDD2xdobg34u9XlHsI16tZxc=
53,44,OfPYedvPTAHYTSf0KOlmoG7DKPQ=,IvV8Bo0Zpp6JHD9mB3iSwkJWUks=
55,44,OfPYedvPTAHYTSf0KOlmoG7DKPQ=,TZ36s2vyO/KUUfQHKWMKzDGj1dc=
52,44,OfPYedvPTAHYTSf0KOlmoG7DKPQ=,IvV8Bo0Zpp6JHD9mB3iSwkJWUks=
54,44,OfPYedvPTAHYTSf0KOlmoG7DKPQ=,TZ36s2vyO/KUUfQHKWMKzDGj1dc=
61,45,OfPYedvPTAHYTSf0KOlmoG7DKPQ=,4spyDD2xdobg34u9XlHsI16tZxc=
51,44,OfPYedvPTAHYTSf0KOlmoG7DKPQ=,/J/S4ug29CehJ9V9h9FkMgfYRSE=
63,45,OfPYedvPTAHYTSf0KOlmoG7DKPQ=,awHEbLmvnvKSE9/k+jQdbWjfFm0=
63,46,OfPYedvPTAHYTSf0KOlmoG7DKPQ=,59pDDABBMzCRnJb2YB9I0Zkc2Po=
62,45,OfPYedvPTAHYTSf0KOlmoG7DKPQ=,awHEbLmvnvKSE9/k+jQdbWjfFm0=
56,44,OfPYedvPTAHYTSf0KOlmoG7DKPQ=,fJ+hKa2ofWiG1FZOF0oRi9LXqGo=
62,40,OfPYedvPTAHYTSf0KOlmoG7DKPQ=,ypBJxR2o+XVlbV+mV9meptpAkyM=
61,40,OfPYedvPTAHYTSf0KOlmoG7DKPQ=,F1NaTCEJ+7HK0DbGq3fhrTJEw7Y=
61,42,OfPYedvPTAHYTSf0KOlmoG7DKPQ=,+isT62OTvLjli4uHkqCGH2GQ/qs=
63,41,OfPYedvPTAHYTSf0KOlmoG7DKPQ=,ypBJxR2o+XVlbV+mV9meptpAkyM=
49,42,OfPYedvPTAHYTSf0KOlmoG7DKPQ=,tOLjM+kyz2gM8E5bo3RK8NHNW3s=
57,46,OfPYedvPTAHYTSf0KOlmoG7DKPQ=,34by4BV+o9rd3K9f/b7kss30J3o=
62,41,OfPYedvPTAHYTSf0KOlmoG7DKPQ=,ypBJxR2o+XVlbV+mV9meptpAkyM=
58,41,OfPYedvPTAHYTSf0KOlmoG7DKPQ=,bLX3oMetnnKEvuFciLZp3F465tw=
58,40,OfPYedvPTAHYTSf0KOlmoG7DKPQ=,bLX3oMetnnKEvuFciLZp3F465tw=
61,41,OfPYedvPTAHYTSf0KOlmoG7DKPQ=,F1NaTCEJ+7HK0DbGq3fhrTJEw7Y=
63,40,OfPYedvPTAHYTSf0KOlmoG7DKPQ=,ypBJxR2o+XVlbV+mV9meptpAkyM=
58,45,OfPYedvPTAHYTSf0KOlmoG7DKPQ=,9MUu8alQeRgm2KpgpNZyzq4Mbos=
57,47,OfPYedvPTAHYTSf0KOlmoG7DKPQ=,34by4BV+o9rd3K9f/b7kss30J3o=
51,47,OfPYedvPTAHYTSf0KOlmoG7DKPQ=,nhedv3YG8QydfqlQwWZ0ew3CYOU=
60,45,OfPYedvPTAHYTSf0KOlmoG7DKPQ=,4spyDD2xdobg34u9XlHsI16tZxc=
57,45,OfPYedvPTAHYTSf0KOlmoG7DKPQ=,fJ+hKa2ofWiG1FZOF0oRi9LXqGo=
59,45,OfPYedvPTAHYTSf0KOlmoG7DKPQ=,9MUu8alQeRgm2KpgpNZyzq4Mbos=
58,42,OfPYedvPTAHYTSf0KOlmoG7DKPQ=,nI7tvtB+waXz51gmwCQ1FCYtMV8=
53,47,OfPYedvPTAHYTSf0KOlmoG7DKPQ=,/jxzXdNhnzxYqNVJhneqR0M7jzo=
52,47,OfPYedvPTAHYTSf0KOlmoG7DKPQ=,/jxzXdNhnzxYqNVJhneqR0M7jzo=
54,47,OfPYedvPTAHYTSf0KOlmoG7DKPQ=,rvoXu2eLc9jlT3VxgK1R2oLk6qM=
55,47,OfPYedvPTAHYTSf0KOlmoG7DKPQ=,rvoXu2eLc9jlT3VxgK1R2oLk6qM=
56,47,OfPYedvPTAHYTSf0KOlmoG7DKPQ=,34by4BV+o9rd3K9f/b7kss30J3o=
50,45,OfPYedvPTAHYTSf0KOlmoG7DKPQ=,/J/S4ug29CehJ9V9h9FkMgfYRSE=
49,47,OfPYedvPTAHYTSf0KOlmoG7DKPQ=,SHpGb9tHvqvZK8+7ZbwunGhyUSc=
48,47,OfPYedvPTAHYTSf0KOlmoG7DKPQ=,SHpGb9tHvqvZK8+7ZbwunGhyUSc=
48,45,OfPYedvPTAHYTSf0KOlmoG7DKPQ=,Qp7BCwijc8JrdU8mOt6AR69Ubn8=
50,46,OfPYedvPTAHYTSf0KOlmoG7DKPQ=,nhedv3YG8QydfqlQwWZ0ew3CYOU=
50,47,OfPYedvPTAHYTSf0KOlmoG7DKPQ=,nhedv3YG8QydfqlQwWZ0ew3CYOU=
49,45,OfPYedvPTAHYTSf0KOlmoG7DKPQ=,Qp7BCwijc8JrdU8mOt6AR69Ubn8=
48,46,OfPYedvPTAHYTSf0KOlmoG7DKPQ=,SHpGb9tHvqvZK8+7ZbwunGhyUSc=
49,46,OfPYedvPTAHYTSf0KOlmoG7DKPQ=,SHpGb9tHvqvZK8+7ZbwunGhyUSc=
