-22,9,TiThGM5LmJX0WnMRuUxfFwOgvpU=,PBBALoW1/L8gEch1NA/PDaOmGWA=
-22,10,TiThGM5LmJX0WnMRuUxfFwOgvpU=,VoeGZJJN8GcnCe1uGjA1p90HfJo=
-23,9,TiThGM5LmJX0WnMRuUxfFwOgvpU=,IRdJmzs4MnjCD7sCsOPrw93m8uc=
-23,10,TiThGM5LmJX0WnMRuUxfFwOgvpU=,j0xqwiosGsornjGAQwyVpfDF3NU=
-22,7,TiThGM5LmJX0WnMRuUxfFwOgvpU=,/yIn7hLdfu/Ee/vpsU8W9LbEKP0=
-23,7,TiThGM5LmJX0WnMRuUxfFwOgvpU=,U1x3TknbfssIREOeX8WjZwNJflU=
-22,8,TiThGM5LmJX0WnMRuUxfFwOgvpU=,PBBALoW1/L8gEch1NA/PDaOmGWA=
-23,8,TiThGM5LmJX0WnMRuUxfFwOgvpU=,IRdJmzs4MnjCD7sCsOPrw93m8uc=
-25,7,TiThGM5LmJX0WnMRuUxfFwOgvpU=,PfTFLdbUf/Ys7bUrdnRjuu271Po=
-24,8,TiThGM5LmJX0WnMRuUxfFwOgvpU=,IRdJmzs4MnjCD7sCsOPrw93m8uc=
-24,7,TiThGM5LmJX0WnMRuUxfFwOgvpU=,U1x3TknbfssIREOeX8WjZwNJflU=
-25,8,TiThGM5LmJX0WnMRuUxfFwOgvpU=,hLKwzV1S4dmZ4P7UPdaYeozQ2Zg=
-22,6,TiThGM5LmJX0WnMRuUxfFwOgvpU=,/yIn7hLdfu/Ee/vpsU8W9LbEKP0=
-22,5,TiThGM5LmJX0WnMRuUxfFwOgvpU=,T5OM7OFzwNv8hFoeE1CfYZkS+Jg=
-24,5,TiThGM5LmJX0WnMRuUxfFwOgvpU=,UdlxdnhzGsI0QE9MKg4YHJD6AQ8=
-25,5,TiThGM5LmJX0WnMRuUxfFwOgvpU=,JDJu1aoNnOsKjpVDoV44vEYXa4I=
-23,6,TiThGM5LmJX0WnMRuUxfFwOgvpU=,U1x3TknbfssIREOeX8WjZwNJflU=
-23,5,TiThGM5LmJX0WnMRuUxfFwOgvpU=,UdlxdnhzGsI0QE9MKg4YHJD6AQ8=
-25,6,TiThGM5LmJX0WnMRuUxfFwOgvpU=,PfTFLdbUf/Ys7bUrdnRjuu271Po=
-24,6,TiThGM5LmJX0WnMRuUxfFwOgvpU=,U1x3TknbfssIREOeX8WjZwNJflU=
-22,4,TiThGM5LmJX0WnMRuUxfFwOgvpU=,T5OM7OFzwNv8hFoeE1CfYZkS+Jg=
-22,3,TiThGM5LmJX0WnMRuUxfFwOgvpU=,6PQequIdH+QuW0cvt8cep7IlPeI=
-23,3,TiThGM5LmJX0WnMRuUxfFwOgvpU=,VZKmV0ijqkSW6ZTBpecfIhCaD8w=
-25,4,TiThGM5LmJX0WnMRuUxfFwOgvpU=,JDJu1aoNnOsKjpVDoV44vEYXa4I=
-23,4,TiThGM5LmJX0WnMRuUxfFwOgvpU=,UdlxdnhzGsI0QE9MKg4YHJD6AQ8=
-24,4,TiThGM5LmJX0WnMRuUxfFwOgvpU=,UdlxdnhzGsI0QE9MKg4YHJD6AQ8=
-24,3,TiThGM5LmJX0WnMRuUxfFwOgvpU=,VZKmV0ijqkSW6ZTBpecfIhCaD8w=
-25,3,TiThGM5LmJX0WnMRuUxfFwOgvpU=,N2QfA+BKBin36WLsaFxgo6zEKmg=
-22,1,TiThGM5LmJX0WnMRuUxfFwOgvpU=,m8VystXjCOVhAlW/LxP+75M4zoc=
-23,2,TiThGM5LmJX0WnMRuUxfFwOgvpU=,VZKmV0ijqkSW6ZTBpecfIhCaD8w=
-23,1,TiThGM5LmJX0WnMRuUxfFwOgvpU=,wSUW/Xk+B88wF5//BrP+ih9HWW8=
-22,2,TiThGM5LmJX0WnMRuUxfFwOgvpU=,6PQequIdH+QuW0cvt8cep7IlPeI=
-24,2,TiThGM5LmJX0WnMRuUxfFwOgvpU=,VZKmV0ijqkSW6ZTBpecfIhCaD8w=
-24,1,TiThGM5LmJX0WnMRuUxfFwOgvpU=,wSUW/Xk+B88wF5//BrP+ih9HWW8=
-25,1,AwgckplNXZWZfwAibDUV2EXZK+Y=,gMypBEBXSfoDLVRHKrxIdfKWm+0=
-25,2,AwgckplNXZWZfwAibDUV2EXZK+Y=,N2QfA+BKBin36WLsaFxgo6zEKmg=
-21,4,AwgckplNXZWZfwAibDUV2EXZK+Y=,T5OM7OFzwNv8hFoeE1CfYZkS+Jg=
-21,3,AwgckplNXZWZfwAibDUV2EXZK+Y=,6PQequIdH+QuW0cvt8cep7IlPeI=
-20,4,AwgckplNXZWZfwAibDUV2EXZK+Y=,M4XcLcyCL6kDiCrRI6vzHyBRkSg=
-20,3,AwgckplNXZWZfwAibDUV2EXZK+Y=,Zuvzzb+Xo48bWlj3h5UQIozU6wk=
-21,1,AwgckplNXZWZfwAibDUV2EXZK+Y=,m8VystXjCOVhAlW/LxP+75M4zoc=
-21,2,AwgckplNXZWZfwAibDUV2EXZK+Y=,6PQequIdH+QuW0cvt8cep7IlPeI=
-20,2,AwgckplNXZWZfwAibDUV2EXZK+Y=,Zuvzzb+Xo48bWlj3h5UQIozU6wk=
-20,1,AwgckplNXZWZfwAibDUV2EXZK+Y=,tvyjBx6fB3lf9cf7YdbFzqbuU9g=
-21,5,AwgckplNXZWZfwAibDUV2EXZK+Y=,T5OM7OFzwNv8hFoeE1CfYZkS+Jg=
-21,6,AwgckplNXZWZfwAibDUV2EXZK+Y=,/yIn7hLdfu/Ee/vpsU8W9LbEKP0=
-20,5,AwgckplNXZWZfwAibDUV2EXZK+Y=,M4XcLcyCL6kDiCrRI6vzHyBRkSg=
-20,6,AwgckplNXZWZfwAibDUV2EXZK+Y=,GefcjfuA0ZAIWUrW+zPRKzcZMMY=
-21,7,AwgckplNXZWZfwAibDUV2EXZK+Y=,/yIn7hLdfu/Ee/vpsU8W9LbEKP0=
-21,8,AwgckplNXZWZfwAibDUV2EXZK+Y=,PBBALoW1/L8gEch1NA/PDaOmGWA=
-20,8,AwgckplNXZWZfwAibDUV2EXZK+Y=,QQDO0Wb9aTm86kXWL74HVKU/wW8=
-20,7,AwgckplNXZWZfwAibDUV2EXZK+Y=,GefcjfuA0ZAIWUrW+zPRKzcZMMY=
-21,9,AwgckplNXZWZfwAibDUV2EXZK+Y=,PBBALoW1/L8gEch1NA/PDaOmGWA=
-21,10,AwgckplNXZWZfwAibDUV2EXZK+Y=,VoeGZJJN8GcnCe1uGjA1p90HfJo=
-20,10,AwgckplNXZWZfwAibDUV2EXZK+Y=,tGMmoobgRQ4XTTt5Wlwf3GUi7N4=
-20,9,AwgckplNXZWZfwAibDUV2EXZK+Y=,QQDO0Wb9aTm86kXWL74HVKU/wW8=
-19,10,AwgckplNXZWZfwAibDUV2EXZK+Y=,tGMmoobgRQ4XTTt5Wlwf3GUi7N4=
-19,9,AwgckplNXZWZfwAibDUV2EXZK+Y=,QQDO0Wb9aTm86kXWL74HVKU/wW8=
-18,10,AwgckplNXZWZfwAibDUV2EXZK+Y=,+ArtkDJFI5LBbvnaWlgdrTx0CUQ=
-21,11,AwgckplNXZWZfwAibDUV2EXZK+Y=,VoeGZJJN8GcnCe1uGjA1p90HfJo=
-18,9,AwgckplNXZWZfwAibDUV2EXZK+Y=,TRKmkghLjdJtbMLlt1aq7E18f+k=
-20,11,AwgckplNXZWZfwAibDUV2EXZK+Y=,tGMmoobgRQ4XTTt5Wlwf3GUi7N4=
-20,12,AwgckplNXZWZfwAibDUV2EXZK+Y=,6H3srVu65lIroaVlS9kH3QGioVQ=
-18,11,AwgckplNXZWZfwAibDUV2EXZK+Y=,+ArtkDJFI5LBbvnaWlgdrTx0CUQ=
-19,11,AwgckplNXZWZfwAibDUV2EXZK+Y=,tGMmoobgRQ4XTTt5Wlwf3GUi7N4=
-18,12,AwgckplNXZWZfwAibDUV2EXZK+Y=,OPswW/P43BNgDSCOAitMIKWSYyw=
-19,12,AwgckplNXZWZfwAibDUV2EXZK+Y=,6H3srVu65lIroaVlS9kH3QGioVQ=
-23,12,AwgckplNXZWZfwAibDUV2EXZK+Y=,oN6Q7/8eb1RA9d2skVnMFMuciGk=
-22,11,AwgckplNXZWZfwAibDUV2EXZK+Y=,VoeGZJJN8GcnCe1uGjA1p90HfJo=
-23,11,AwgckplNXZWZfwAibDUV2EXZK+Y=,j0xqwiosGsornjGAQwyVpfDF3NU=
-19,13,s74f4CRE2tg6Li++E74sKQaFVTw=,6H3srVu65lIroaVlS9kH3QGioVQ=
-19,14,s74f4CRE2tg6Li++E74sKQaFVTw=,B+5yamYV7jh0xC3y61+ieFLRsjs=
-18,14,s74f4CRE2tg6Li++E74sKQaFVTw=,x0ABVX/6Disvhl7JL4nvNlumaJ4=
-18,13,s74f4CRE2tg6Li++E74sKQaFVTw=,OPswW/P43BNgDSCOAitMIKWSYyw=
-22,14,s74f4CRE2tg6Li++E74sKQaFVTw=,FgGhapBRjcnsAjL1RE1KWcIDdA4=
-23,14,s74f4CRE2tg6Li++E74sKQaFVTw=,qdxrCtecB5PM8Xvo13NsWQZEpw4=
-20,13,s74f4CRE2tg6Li++E74sKQaFVTw=,6H3srVu65lIroaVlS9kH3QGioVQ=
-23,13,s74f4CRE2tg6Li++E74sKQaFVTw=,oN6Q7/8eb1RA9d2skVnMFMuciGk=
-21,14,s74f4CRE2tg6Li++E74sKQaFVTw=,FgGhapBRjcnsAjL1RE1KWcIDdA4=
-20,14,s74f4CRE2tg6Li++E74sKQaFVTw=,B+5yamYV7jh0xC3y61+ieFLRsjs=
-28,12,s74f4CRE2tg6Li++E74sKQaFVTw=,cVBpAe1ISn0VolDXU53eKbTFvNI=
-28,11,s74f4CRE2tg6Li++E74sKQaFVTw=,ls9eZU6UQ7RJAnqlw6iRWDxpPcc=
-24,14,s74f4CRE2tg6Li++E74sKQaFVTw=,qdxrCtecB5PM8Xvo13NsWQZEpw4=
-28,14,s74f4CRE2tg6Li++E74sKQaFVTw=,Yi3UKwqYS7Qa0iecUlk5cM0Iq8E=
-25,14,s74f4CRE2tg6Li++E74sKQaFVTw=,guwegBzOyFeS26vHtkt4g4Kag18=
-28,13,s74f4CRE2tg6Li++E74sKQaFVTw=,cVBpAe1ISn0VolDXU53eKbTFvNI=
-24,13,s74f4CRE2tg6Li++E74sKQaFVTw=,oN6Q7/8eb1RA9d2skVnMFMuciGk=
-27,14,s74f4CRE2tg6Li++E74sKQaFVTw=,Yi3UKwqYS7Qa0iecUlk5cM0Iq8E=
-26,13,s74f4CRE2tg6Li++E74sKQaFVTw=,ZfqJvWOwdNIpx289Pi8a0mN1Rnk=
-26,15,s74f4CRE2tg6Li++E74sKQaFVTw=,guwegBzOyFeS26vHtkt4g4Kag18=
-25,13,s74f4CRE2tg6Li++E74sKQaFVTw=,ZfqJvWOwdNIpx289Pi8a0mN1Rnk=
-27,15,s74f4CRE2tg6Li++E74sKQaFVTw=,Yi3UKwqYS7Qa0iecUlk5cM0Iq8E=
-26,14,s74f4CRE2tg6Li++E74sKQaFVTw=,guwegBzOyFeS26vHtkt4g4Kag18=
-27,13,s74f4CRE2tg6Li++E74sKQaFVTw=,cVBpAe1ISn0VolDXU53eKbTFvNI=
-24,15,s74f4CRE2tg6Li++E74sKQaFVTw=,qdxrCtecB5PM8Xvo13NsWQZEpw4=
-25,15,s74f4CRE2tg6Li++E74sKQaFVTw=,guwegBzOyFeS26vHtkt4g4Kag18=
-21,15,s74f4CRE2tg6Li++E74sKQaFVTw=,FgGhapBRjcnsAjL1RE1KWcIDdA4=
-23,15,s74f4CRE2tg6Li++E74sKQaFVTw=,qdxrCtecB5PM8Xvo13NsWQZEpw4=
-22,15,s74f4CRE2tg6Li++E74sKQaFVTw=,FgGhapBRjcnsAjL1RE1KWcIDdA4=
-17,14,s74f4CRE2tg6Li++E74sKQaFVTw=,x0ABVX/6Disvhl7JL4nvNlumaJ4=
-17,12,s74f4CRE2tg6Li++E74sKQaFVTw=,OPswW/P43BNgDSCOAitMIKWSYyw=
-17,11,s74f4CRE2tg6Li++E74sKQaFVTw=,+ArtkDJFI5LBbvnaWlgdrTx0CUQ=
-20,15,s74f4CRE2tg6Li++E74sKQaFVTw=,B+5yamYV7jh0xC3y61+ieFLRsjs=
-17,13,s74f4CRE2tg6Li++E74sKQaFVTw=,OPswW/P43BNgDSCOAitMIKWSYyw=
-19,15,s74f4CRE2tg6Li++E74sKQaFVTw=,B+5yamYV7jh0xC3y61+ieFLRsjs=
-18,15,s74f4CRE2tg6Li++E74sKQaFVTw=,x0ABVX/6Disvhl7JL4nvNlumaJ4=
-17,10,s74f4CRE2tg6Li++E74sKQaFVTw=,+ArtkDJFI5LBbvnaWlgdrTx0CUQ=
-17,9,s74f4CRE2tg6Li++E74sKQaFVTw=,TRKmkghLjdJtbMLlt1aq7E18f+k=
-27,10,s74f4CRE2tg6Li++E74sKQaFVTw=,ls9eZU6UQ7RJAnqlw6iRWDxpPcc=
-27,11,s74f4CRE2tg6Li++E74sKQaFVTw=,ls9eZU6UQ7RJAnqlw6iRWDxpPcc=
-26,10,s74f4CRE2tg6Li++E74sKQaFVTw=,vtuPekIRQntAh7e96VrtKBCurbA=
-26,9,s74f4CRE2tg6Li++E74sKQaFVTw=,hLKwzV1S4dmZ4P7UPdaYeozQ2Zg=
-26,12,s74f4CRE2tg6Li++E74sKQaFVTw=,ZfqJvWOwdNIpx289Pi8a0mN1Rnk=
-27,12,s74f4CRE2tg6Li++E74sKQaFVTw=,cVBpAe1ISn0VolDXU53eKbTFvNI=
-26,11,s74f4CRE2tg6Li++E74sKQaFVTw=,vtuPekIRQntAh7e96VrtKBCurbA=
-24,12,s74f4CRE2tg6Li++E74sKQaFVTw=,oN6Q7/8eb1RA9d2skVnMFMuciGk=
-25,12,s74f4CRE2tg6Li++E74sKQaFVTw=,ZfqJvWOwdNIpx289Pi8a0mN1Rnk=
-25,9,s74f4CRE2tg6Li++E74sKQaFVTw=,hLKwzV1S4dmZ4P7UPdaYeozQ2Zg=
-24,11,s74f4CRE2tg6Li++E74sKQaFVTw=,j0xqwiosGsornjGAQwyVpfDF3NU=
-25,10,s74f4CRE2tg6Li++E74sKQaFVTw=,vtuPekIRQntAh7e96VrtKBCurbA=
-24,9,s74f4CRE2tg6Li++E74sKQaFVTw=,IRdJmzs4MnjCD7sCsOPrw93m8uc=
-25,11,s74f4CRE2tg6Li++E74sKQaFVTw=,vtuPekIRQntAh7e96VrtKBCurbA=
-24,10,s74f4CRE2tg6Li++E74sKQaFVTw=,j0xqwiosGsornjGAQwyVpfDF3NU=
-18,3,s74f4CRE2tg6Li++E74sKQaFVTw=,jrektazUcrpppTGuiEvHEzd0CN8=
-19,3,s74f4CRE2tg6Li++E74sKQaFVTw=,Zuvzzb+Xo48bWlj3h5UQIozU6wk=
-17,4,s74f4CRE2tg6Li++E74sKQaFVTw=,xt46/7N03ZqkZv3/r0wYMMmOyi8=
-18,4,s74f4CRE2tg6Li++E74sKQaFVTw=,xt46/7N03ZqkZv3/r0wYMMmOyi8=
-17,3,s74f4CRE2tg6Li++E74sKQaFVTw=,jrektazUcrpppTGuiEvHEzd0CN8=
-18,8,s74f4CRE2tg6Li++E74sKQaFVTw=,TRKmkghLjdJtbMLlt1aq7E18f+k=
-19,8,s74f4CRE2tg6Li++E74sKQaFVTw=,QQDO0Wb9aTm86kXWL74HVKU/wW8=
-22,0,s74f4CRE2tg6Li++E74sKQaFVTw=,m8VystXjCOVhAlW/LxP+75M4zoc=
-19,4,s74f4CRE2tg6Li++E74sKQaFVTw=,M4XcLcyCL6kDiCrRI6vzHyBRkSg=
-21,0,s74f4CRE2tg6Li++E74sKQaFVTw=,m8VystXjCOVhAlW/LxP+75M4zoc=
-17,8,s74f4CRE2tg6Li++E74sKQaFVTw=,TRKmkghLjdJtbMLlt1aq7E18f+k=
-28,15,s74f4CRE2tg6Li++E74sKQaFVTw=,Yi3UKwqYS7Qa0iecUlk5cM0Iq8E=
-19,5,s74f4CRE2tg6Li++E74sKQaFVTw=,M4XcLcyCL6kDiCrRI6vzHyBRkSg=
-26,7,s74f4CRE2tg6Li++E74sKQaFVTw=,PfTFLdbUf/Ys7bUrdnRjuu271Po=
-26,6,s74f4CRE2tg6Li++E74sKQaFVTw=,PfTFLdbUf/Ys7bUrdnRjuu271Po=
-26,8,s74f4CRE2tg6Li++E74sKQaFVTw=,hLKwzV1S4dmZ4P7UPdaYeozQ2Zg=
-26,5,s74f4CRE2tg6Li++E74sKQaFVTw=,JDJu1aoNnOsKjpVDoV44vEYXa4I=
-17,5,s74f4CRE2tg6Li++E74sKQaFVTw=,xt46/7N03ZqkZv3/r0wYMMmOyi8=
-19,7,s74f4CRE2tg6Li++E74sKQaFVTw=,GefcjfuA0ZAIWUrW+zPRKzcZMMY=
-23,0,s74f4CRE2tg6Li++E74sKQaFVTw=,wSUW/Xk+B88wF5//BrP+ih9HWW8=
-26,0,s74f4CRE2tg6Li++E74sKQaFVTw=,gMypBEBXSfoDLVRHKrxIdfKWm+0=
-17,7,s74f4CRE2tg6Li++E74sKQaFVTw=,8jHvoVrPrCKe5GnyPKVKUaZoRnM=
-19,6,s74f4CRE2tg6Li++E74sKQaFVTw=,GefcjfuA0ZAIWUrW+zPRKzcZMMY=
-18,5,s74f4CRE2tg6Li++E74sKQaFVTw=,xt46/7N03ZqkZv3/r0wYMMmOyi8=
-17,6,s74f4CRE2tg6Li++E74sKQaFVTw=,8jHvoVrPrCKe5GnyPKVKUaZoRnM=
-20,0,s74f4CRE2tg6Li++E74sKQaFVTw=,tvyjBx6fB3lf9cf7YdbFzqbuU9g=
-18,7,s74f4CRE2tg6Li++E74sKQaFVTw=,8jHvoVrPrCKe5GnyPKVKUaZoRnM=
-18,6,s74f4CRE2tg6Li++E74sKQaFVTw=,8jHvoVrPrCKe5GnyPKVKUaZoRnM=
-24,0,s74f4CRE2tg6Li++E74sKQaFVTw=,wSUW/Xk+B88wF5//BrP+ih9HWW8=
-25,0,s74f4CRE2tg6Li++E74sKQaFVTw=,gMypBEBXSfoDLVRHKrxIdfKWm+0=
-18,2,s74f4CRE2tg6Li++E74sKQaFVTw=,jrektazUcrpppTGuiEvHEzd0CN8=
-18,1,s74f4CRE2tg6Li++E74sKQaFVTw=,+E9NgMzXLv0DVmx9orBJf+jgw5o=
-19,1,s74f4CRE2tg6Li++E74sKQaFVTw=,tvyjBx6fB3lf9cf7YdbFzqbuU9g=
-19,2,s74f4CRE2tg6Li++E74sKQaFVTw=,Zuvzzb+Xo48bWlj3h5UQIozU6wk=
-18,0,s74f4CRE2tg6Li++E74sKQaFVTw=,+E9NgMzXLv0DVmx9orBJf+jgw5o=
-17,0,s74f4CRE2tg6Li++E74sKQaFVTw=,+E9NgMzXLv0DVmx9orBJf+jgw5o=
-19,0,s74f4CRE2tg6Li++E74sKQaFVTw=,tvyjBx6fB3lf9cf7YdbFzqbuU9g=
-17,1,s74f4CRE2tg6Li++E74sKQaFVTw=,+E9NgMzXLv0DVmx9orBJf+jgw5o=
-28,10,s74f4CRE2tg6Li++E74sKQaFVTw=,ls9eZU6UQ7RJAnqlw6iRWDxpPcc=
-29,9,s74f4CRE2tg6Li++E74sKQaFVTw=,davZGNZI2QQ6RT3A3mUniJ9bPAc=
-30,9,s74f4CRE2tg6Li++E74sKQaFVTw=,davZGNZI2QQ6RT3A3mUniJ9bPAc=
-29,2,s74f4CRE2tg6Li++E74sKQaFVTw=,UNpoLX1UmV5qaX4jMdEnzjMda8Q=
-30,2,s74f4CRE2tg6Li++E74sKQaFVTw=,UNpoLX1UmV5qaX4jMdEnzjMda8Q=
-17,2,s74f4CRE2tg6Li++E74sKQaFVTw=,jrektazUcrpppTGuiEvHEzd0CN8=
-28,2,s74f4CRE2tg6Li++E74sKQaFVTw=,+BmbPfiDA+pc6KxTD6Y+n3yteUs=
-26,4,s74f4CRE2tg6Li++E74sKQaFVTw=,JDJu1aoNnOsKjpVDoV44vEYXa4I=
-27,2,s74f4CRE2tg6Li++E74sKQaFVTw=,+BmbPfiDA+pc6KxTD6Y+n3yteUs=
-26,1,s74f4CRE2tg6Li++E74sKQaFVTw=,gMypBEBXSfoDLVRHKrxIdfKWm+0=
-27,3,s74f4CRE2tg6Li++E74sKQaFVTw=,+BmbPfiDA+pc6KxTD6Y+n3yteUs=
-26,3,s74f4CRE2tg6Li++E74sKQaFVTw=,N2QfA+BKBin36WLsaFxgo6zEKmg=
-26,2,s74f4CRE2tg6Li++E74sKQaFVTw=,N2QfA+BKBin36WLsaFxgo6zEKmg=
-30,3,s74f4CRE2tg6Li++E74sKQaFVTw=,UNpoLX1UmV5qaX4jMdEnzjMda8Q=
-17,15,s74f4CRE2tg6Li++E74sKQaFVTw=,x0ABVX/6Disvhl7JL4nvNlumaJ4=
-30,4,s74f4CRE2tg6Li++E74sKQaFVTw=,EEyLD9F1ZBC57t1dORLSJ3SHXTo=
-30,8,s74f4CRE2tg6Li++E74sKQaFVTw=,davZGNZI2QQ6RT3A3mUniJ9bPAc=
-29,8,s74f4CRE2tg6Li++E74sKQaFVTw=,davZGNZI2QQ6RT3A3mUniJ9bPAc=
-30,7,s74f4CRE2tg6Li++E74sKQaFVTw=,phCtryhuWTsP8V6iTjfGnZvsSE0=
-29,6,s74f4CRE2tg6Li++E74sKQaFVTw=,phCtryhuWTsP8V6iTjfGnZvsSE0=
-30,5,s74f4CRE2tg6Li++E74sKQaFVTw=,EEyLD9F1ZBC57t1dORLSJ3SHXTo=
-29,5,s74f4CRE2tg6Li++E74sKQaFVTw=,EEyLD9F1ZBC57t1dORLSJ3SHXTo=
-30,6,s74f4CRE2tg6Li++E74sKQaFVTw=,phCtryhuWTsP8V6iTjfGnZvsSE0=
-29,3,s74f4CRE2tg6Li++E74sKQaFVTw=,UNpoLX1UmV5qaX4jMdEnzjMda8Q=
-28,3,s74f4CRE2tg6Li++E74sKQaFVTw=,+BmbPfiDA+pc6KxTD6Y+n3yteUs=
-29,4,s74f4CRE2tg6Li++E74sKQaFVTw=,EEyLD9F1ZBC57t1dORLSJ3SHXTo=
-29,7,s74f4CRE2tg6Li++E74sKQaFVTw=,phCtryhuWTsP8V6iTjfGnZvsSE0=
-20,26,7SLZdWwRCZom0h9dSy1Ld4M1/dI=,pk7aX/fa/naLC3rruOZBu8qQ11w=
-21,26,7SLZdWwRCZom0h9dSy1Ld4M1/dI=,cPEC4DNGZswp++WIbEr5ahFm5/U=
-21,25,7SLZdWwRCZom0h9dSy1Ld4M1/dI=,mmAS+jL7dV8nZpzYxb4JEvcwMJE=
-20,25,7SLZdWwRCZom0h9dSy1Ld4M1/dI=,oiUlGqYQfb4Nn4URsv9A5mmMcaM=
-21,23,7SLZdWwRCZom0h9dSy1Ld4M1/dI=,R3h2fh/Wqvg8rVosMsvlb1wjMmI=
-20,23,7SLZdWwRCZom0h9dSy1Ld4M1/dI=,ERP64AZUlb6eoYmxwOl2gN46n2c=
-20,24,7SLZdWwRCZom0h9dSy1Ld4M1/dI=,oiUlGqYQfb4Nn4URsv9A5mmMcaM=
-21,24,7SLZdWwRCZom0h9dSy1Ld4M1/dI=,mmAS+jL7dV8nZpzYxb4JEvcwMJE=
-18,26,7SLZdWwRCZom0h9dSy1Ld4M1/dI=,PVETWunD+CSrVyvMelF6YzgPj/w=
-19,26,7SLZdWwRCZom0h9dSy1Ld4M1/dI=,pk7aX/fa/naLC3rruOZBu8qQ11w=
-19,25,7SLZdWwRCZom0h9dSy1Ld4M1/dI=,oiUlGqYQfb4Nn4URsv9A5mmMcaM=
-18,25,7SLZdWwRCZom0h9dSy1Ld4M1/dI=,450TejQBRX7QhIjhMVAcThiCnj4=
-20,21,7SLZdWwRCZom0h9dSy1Ld4M1/dI=,TtqWCEZVSW9H5/EtwNTIhF9JW8Q=
-20,22,7SLZdWwRCZom0h9dSy1Ld4M1/dI=,ERP64AZUlb6eoYmxwOl2gN46n2c=
-21,21,7SLZdWwRCZom0h9dSy1Ld4M1/dI=,tgsfAMV1Rn9PBBUIzmRiBPxYjUU=
-22,21,7SLZdWwRCZom0h9dSy1Ld4M1/dI=,tgsfAMV1Rn9PBBUIzmRiBPxYjUU=
-23,22,7SLZdWwRCZom0h9dSy1Ld4M1/dI=,MoBxUgGlkBbC3Pq4LGcrZ8wCkWY=
-21,22,7SLZdWwRCZom0h9dSy1Ld4M1/dI=,R3h2fh/Wqvg8rVosMsvlb1wjMmI=
-22,22,7SLZdWwRCZom0h9dSy1Ld4M1/dI=,R3h2fh/Wqvg8rVosMsvlb1wjMmI=
-23,21,7SLZdWwRCZom0h9dSy1Ld4M1/dI=,N9IZrEb19W4kV8BHbR4j5oUNVR0=
-19,24,7SLZdWwRCZom0h9dSy1Ld4M1/dI=,oiUlGqYQfb4Nn4URsv9A5mmMcaM=
-18,23,7SLZdWwRCZom0h9dSy1Ld4M1/dI=,QsiCI3E/3/wcfuQmNPWfiFQ/sPI=
-19,23,7SLZdWwRCZom0h9dSy1Ld4M1/dI=,ERP64AZUlb6eoYmxwOl2gN46n2c=
-18,24,59Z66IENOGb+ziqdhg6r32Q24Ls=,450TejQBRX7QhIjhMVAcThiCnj4=
-19,22,59Z66IENOGb+ziqdhg6r32Q24Ls=,ERP64AZUlb6eoYmxwOl2gN46n2c=
-18,21,59Z66IENOGb+ziqdhg6r32Q24Ls=,xFQB5n2Dd39+FciWJeqlDZ2sQ24=
-19,21,59Z66IENOGb+ziqdhg6r32Q24Ls=,TtqWCEZVSW9H5/EtwNTIhF9JW8Q=
-18,22,59Z66IENOGb+ziqdhg6r32Q24Ls=,QsiCI3E/3/wcfuQmNPWfiFQ/sPI=
-19,20,59Z66IENOGb+ziqdhg6r32Q24Ls=,TtqWCEZVSW9H5/EtwNTIhF9JW8Q=
-18,20,59Z66IENOGb+ziqdhg6r32Q24Ls=,xFQB5n2Dd39+FciWJeqlDZ2sQ24=
-19,19,59Z66IENOGb+ziqdhg6r32Q24Ls=,rGu+zaQQyL7icYKDqEcrmDETFkk=
-18,19,59Z66IENOGb+ziqdhg6r32Q24Ls=,bgYY5gbuLpZqdTzCg5PXJY29WwE=
-18,17,59Z66IENOGb+ziqdhg6r32Q24Ls=,b2T/TLfoYM6vT/S6pa1MXcPRCuk=
-18,18,59Z66IENOGb+ziqdhg6r32Q24Ls=,bgYY5gbuLpZqdTzCg5PXJY29WwE=
-19,17,59Z66IENOGb+ziqdhg6r32Q24Ls=,YORqsBSRdV2MXIRdMDCT0zWgsfM=
-20,20,59Z66IENOGb+ziqdhg6r32Q24Ls=,TtqWCEZVSW9H5/EtwNTIhF9JW8Q=
-21,17,59Z66IENOGb+ziqdhg6r32Q24Ls=,DV52+hNyVv7If/vIBfACCQl7jQA=
-19,18,59Z66IENOGb+ziqdhg6r32Q24Ls=,rGu+zaQQyL7icYKDqEcrmDETFkk=
-21,18,59Z66IENOGb+ziqdhg6r32Q24Ls=,Fb2F9V8BqRuhj+IGc/YK8OSqUss=
-21,20,59Z66IENOGb+ziqdhg6r32Q24Ls=,tgsfAMV1Rn9PBBUIzmRiBPxYjUU=
-21,19,59Z66IENOGb+ziqdhg6r32Q24Ls=,Fb2F9V8BqRuhj+IGc/YK8OSqUss=
-20,19,59Z66IENOGb+ziqdhg6r32Q24Ls=,rGu+zaQQyL7icYKDqEcrmDETFkk=
-20,17,59Z66IENOGb+ziqdhg6r32Q24Ls=,YORqsBSRdV2MXIRdMDCT0zWgsfM=
-20,18,59Z66IENOGb+ziqdhg6r32Q24Ls=,rGu+zaQQyL7icYKDqEcrmDETFkk=
-22,17,59Z66IENOGb+ziqdhg6r32Q24Ls=,DV52+hNyVv7If/vIBfACCQl7jQA=
-23,17,59Z66IENOGb+ziqdhg6r32Q24Ls=,XywP9v3McjtNf8Z7udDio5kGRSA=
-22,20,59Z66IENOGb+ziqdhg6r32Q24Ls=,tgsfAMV1Rn9PBBUIzmRiBPxYjUU=
-23,19,59Z66IENOGb+ziqdhg6r32Q24Ls=,gc42ZDg57jx2fgUG5JpL2WLc+dY=
-22,18,59Z66IENOGb+ziqdhg6r32Q24Ls=,Fb2F9V8BqRuhj+IGc/YK8OSqUss=
-22,19,59Z66IENOGb+ziqdhg6r32Q24Ls=,Fb2F9V8BqRuhj+IGc/YK8OSqUss=
-23,20,59Z66IENOGb+ziqdhg6r32Q24Ls=,N9IZrEb19W4kV8BHbR4j5oUNVR0=
-23,18,59Z66IENOGb+ziqdhg6r32Q24Ls=,gc42ZDg57jx2fgUG5JpL2WLc+dY=
-24,22,59Z66IENOGb+ziqdhg6r32Q24Ls=,MoBxUgGlkBbC3Pq4LGcrZ8wCkWY=
-25,21,59Z66IENOGb+ziqdhg6r32Q24Ls=,JhP6ql+6RK1+23KMEi+s4dhupMU=
-24,21,59Z66IENOGb+ziqdhg6r32Q24Ls=,N9IZrEb19W4kV8BHbR4j5oUNVR0=
-24,19,59Z66IENOGb+ziqdhg6r32Q24Ls=,gc42ZDg57jx2fgUG5JpL2WLc+dY=
-25,17,59Z66IENOGb+ziqdhg6r32Q24Ls=,q7xxHJbX/fBccVDnxkoekqi3Qlc=
-25,22,59Z66IENOGb+ziqdhg6r32Q24Ls=,F5r9MB0U8Oj97SyPhuxI+x0NYxA=
-24,20,59Z66IENOGb+ziqdhg6r32Q24Ls=,N9IZrEb19W4kV8BHbR4j5oUNVR0=
-24,18,59Z66IENOGb+ziqdhg6r32Q24Ls=,gc42ZDg57jx2fgUG5JpL2WLc+dY=
-25,18,59Z66IENOGb+ziqdhg6r32Q24Ls=,ZbDSrfvkcvkR1Js9CCgMQfsfC6E=
-24,17,59Z66IENOGb+ziqdhg6r32Q24Ls=,XywP9v3McjtNf8Z7udDio5kGRSA=
-25,20,59Z66IENOGb+ziqdhg6r32Q24Ls=,JhP6ql+6RK1+23KMEi+s4dhupMU=
-25,19,59Z66IENOGb+ziqdhg6r32Q24Ls=,ZbDSrfvkcvkR1Js9CCgMQfsfC6E=
-23,28,59Z66IENOGb+ziqdhg6r32Q24Ls=,K/ZoM1OuQBygkO6+upjy36Ds0G4=
-23,27,59Z66IENOGb+ziqdhg6r32Q24Ls=,UPvxa9PTT3wDzhurcxuycFCHJgs=
-22,27,59Z66IENOGb+ziqdhg6r32Q24Ls=,cPEC4DNGZswp++WIbEr5ahFm5/U=
-22,26,59Z66IENOGb+ziqdhg6r32Q24Ls=,cPEC4DNGZswp++WIbEr5ahFm5/U=
-25,26,59Z66IENOGb+ziqdhg6r32Q24Ls=,dKjuPT6KINC/D+wfQbSrezEmZvE=
-24,23,59Z66IENOGb+ziqdhg6r32Q24Ls=,MoBxUgGlkBbC3Pq4LGcrZ8wCkWY=
-24,26,59Z66IENOGb+ziqdhg6r32Q24Ls=,UPvxa9PTT3wDzhurcxuycFCHJgs=
-23,26,59Z66IENOGb+ziqdhg6r32Q24Ls=,UPvxa9PTT3wDzhurcxuycFCHJgs=
-25,23,59Z66IENOGb+ziqdhg6r32Q24Ls=,F5r9MB0U8Oj97SyPhuxI+x0NYxA=
-23,23,59Z66IENOGb+ziqdhg6r32Q24Ls=,MoBxUgGlkBbC3Pq4LGcrZ8wCkWY=
-25,25,59Z66IENOGb+ziqdhg6r32Q24Ls=,8mf6Oc/dRDxQfC/BTJTTpstwxck=
-24,25,59Z66IENOGb+ziqdhg6r32Q24Ls=,DUOfF+qHFqWh8F64IsNUO3W68fc=
-23,25,59Z66IENOGb+ziqdhg6r32Q24Ls=,DUOfF+qHFqWh8F64IsNUO3W68fc=
-24,24,59Z66IENOGb+ziqdhg6r32Q24Ls=,DUOfF+qHFqWh8F64IsNUO3W68fc=
-22,25,59Z66IENOGb+ziqdhg6r32Q24Ls=,mmAS+jL7dV8nZpzYxb4JEvcwMJE=
-25,24,59Z66IENOGb+ziqdhg6r32Q24Ls=,8mf6Oc/dRDxQfC/BTJTTpstwxck=
-22,23,59Z66IENOGb+ziqdhg6r32Q24Ls=,R3h2fh/Wqvg8rVosMsvlb1wjMmI=
-23,24,59Z66IENOGb+ziqdhg6r32Q24Ls=,DUOfF+qHFqWh8F64IsNUO3W68fc=
-28,28,59Z66IENOGb+ziqdhg6r32Q24Ls=,8to1FOU9Ez7q0N7AqcP6M5RDtSs=
-28,29,59Z66IENOGb+ziqdhg6r32Q24Ls=,8to1FOU9Ez7q0N7AqcP6M5RDtSs=
-22,24,59Z66IENOGb+ziqdhg6r32Q24Ls=,mmAS+jL7dV8nZpzYxb4JEvcwMJE=
-20,28,59Z66IENOGb+ziqdhg6r32Q24Ls=,ADY3upO2Y+UyZVmvXjYO8k4VeX8=
-27,29,59Z66IENOGb+ziqdhg6r32Q24Ls=,8to1FOU9Ez7q0N7AqcP6M5RDtSs=
-23,29,59Z66IENOGb+ziqdhg6r32Q24Ls=,K/ZoM1OuQBygkO6+upjy36Ds0G4=
-20,29,59Z66IENOGb+ziqdhg6r32Q24Ls=,ADY3upO2Y+UyZVmvXjYO8k4VeX8=
-25,29,59Z66IENOGb+ziqdhg6r32Q24Ls=,/NBqSupqUDpczeTWnxsXtjaTDxY=
-26,29,59Z66IENOGb+ziqdhg6r32Q24Ls=,/NBqSupqUDpczeTWnxsXtjaTDxY=
-26,27,59Z66IENOGb+ziqdhg6r32Q24Ls=,dKjuPT6KINC/D+wfQbSrezEmZvE=
-24,29,59Z66IENOGb+ziqdhg6r32Q24Ls=,K/ZoM1OuQBygkO6+upjy36Ds0G4=
-25,27,59Z66IENOGb+ziqdhg6r32Q24Ls=,dKjuPT6KINC/D+wfQbSrezEmZvE=
-24,28,59Z66IENOGb+ziqdhg6r32Q24Ls=,K/ZoM1OuQBygkO6+upjy36Ds0G4=
-21,27,59Z66IENOGb+ziqdhg6r32Q24Ls=,cPEC4DNGZswp++WIbEr5ahFm5/U=
-17,25,59Z66IENOGb+ziqdhg6r32Q24Ls=,450TejQBRX7QhIjhMVAcThiCnj4=
-17,26,59Z66IENOGb+ziqdhg6r32Q24Ls=,PVETWunD+CSrVyvMelF6YzgPj/w=
-24,27,59Z66IENOGb+ziqdhg6r32Q24Ls=,UPvxa9PTT3wDzhurcxuycFCHJgs=
-20,27,59Z66IENOGb+ziqdhg6r32Q24Ls=,pk7aX/fa/naLC3rruOZBu8qQ11w=
-25,28,59Z66IENOGb+ziqdhg6r32Q24Ls=,/NBqSupqUDpczeTWnxsXtjaTDxY=
-27,28,59Z66IENOGb+ziqdhg6r32Q24Ls=,8to1FOU9Ez7q0N7AqcP6M5RDtSs=
-26,28,59Z66IENOGb+ziqdhg6r32Q24Ls=,/NBqSupqUDpczeTWnxsXtjaTDxY=
-26,17,59Z66IENOGb+ziqdhg6r32Q24Ls=,q7xxHJbX/fBccVDnxkoekqi3Qlc=
-26,18,59Z66IENOGb+ziqdhg6r32Q24Ls=,ZbDSrfvkcvkR1Js9CCgMQfsfC6E=
-21,16,59Z66IENOGb+ziqdhg6r32Q24Ls=,DV52+hNyVv7If/vIBfACCQl7jQA=
-26,16,59Z66IENOGb+ziqdhg6r32Q24Ls=,q7xxHJbX/fBccVDnxkoekqi3Qlc=
-22,16,59Z66IENOGb+ziqdhg6r32Q24Ls=,DV52+hNyVv7If/vIBfACCQl7jQA=
-23,16,59Z66IENOGb+ziqdhg6r32Q24Ls=,XywP9v3McjtNf8Z7udDio5kGRSA=
-25,16,59Z66IENOGb+ziqdhg6r32Q24Ls=,q7xxHJbX/fBccVDnxkoekqi3Qlc=
-17,23,59Z66IENOGb+ziqdhg6r32Q24Ls=,QsiCI3E/3/wcfuQmNPWfiFQ/sPI=
-17,24,59Z66IENOGb+ziqdhg6r32Q24Ls=,450TejQBRX7QhIjhMVAcThiCnj4=
-24,16,59Z66IENOGb+ziqdhg6r32Q24Ls=,XywP9v3McjtNf8Z7udDio5kGRSA=
-26,26,59Z66IENOGb+ziqdhg6r32Q24Ls=,dKjuPT6KINC/D+wfQbSrezEmZvE=
-26,22,59Z66IENOGb+ziqdhg6r32Q24Ls=,F5r9MB0U8Oj97SyPhuxI+x0NYxA=
-26,21,59Z66IENOGb+ziqdhg6r32Q24Ls=,JhP6ql+6RK1+23KMEi+s4dhupMU=
-26,23,59Z66IENOGb+ziqdhg6r32Q24Ls=,F5r9MB0U8Oj97SyPhuxI+x0NYxA=
-26,24,59Z66IENOGb+ziqdhg6r32Q24Ls=,8mf6Oc/dRDxQfC/BTJTTpstwxck=
-26,25,59Z66IENOGb+ziqdhg6r32Q24Ls=,8mf6Oc/dRDxQfC/BTJTTpstwxck=
-26,19,59Z66IENOGb+ziqdhg6r32Q24Ls=,ZbDSrfvkcvkR1Js9CCgMQfsfC6E=
-26,20,59Z66IENOGb+ziqdhg6r32Q24Ls=,JhP6ql+6RK1+23KMEi+s4dhupMU=
-17,20,59Z66IENOGb+ziqdhg6r32Q24Ls=,xFQB5n2Dd39+FciWJeqlDZ2sQ24=
-18,16,59Z66IENOGb+ziqdhg6r32Q24Ls=,b2T/TLfoYM6vT/S6pa1MXcPRCuk=
-19,29,59Z66IENOGb+ziqdhg6r32Q24Ls=,ADY3upO2Y+UyZVmvXjYO8k4VeX8=
-17,29,59Z66IENOGb+ziqdhg6r32Q24Ls=,mq0t2/aMRRTzXrFLQ/DWVW9N9Us=
-18,29,59Z66IENOGb+ziqdhg6r32Q24Ls=,mq0t2/aMRRTzXrFLQ/DWVW9N9Us=
-20,16,59Z66IENOGb+ziqdhg6r32Q24Ls=,YORqsBSRdV2MXIRdMDCT0zWgsfM=
-17,22,59Z66IENOGb+ziqdhg6r32Q24Ls=,QsiCI3E/3/wcfuQmNPWfiFQ/sPI=
-19,27,59Z66IENOGb+ziqdhg6r32Q24Ls=,pk7aX/fa/naLC3rruOZBu8qQ11w=
-17,21,59Z66IENOGb+ziqdhg6r32Q24Ls=,xFQB5n2Dd39+FciWJeqlDZ2sQ24=
-17,28,59Z66IENOGb+ziqdhg6r32Q24Ls=,mq0t2/aMRRTzXrFLQ/DWVW9N9Us=
-19,28,59Z66IENOGb+ziqdhg6r32Q24Ls=,ADY3upO2Y+UyZVmvXjYO8k4VeX8=
-17,27,59Z66IENOGb+ziqdhg6r32Q24Ls=,PVETWunD+CSrVyvMelF6YzgPj/w=
-18,27,59Z66IENOGb+ziqdhg6r32Q24Ls=,PVETWunD+CSrVyvMelF6YzgPj/w=
-17,16,59Z66IENOGb+ziqdhg6r32Q24Ls=,b2T/TLfoYM6vT/S6pa1MXcPRCuk=
-18,28,59Z66IENOGb+ziqdhg6r32Q24Ls=,mq0t2/aMRRTzXrFLQ/DWVW9N9Us=
-19,16,59Z66IENOGb+ziqdhg6r32Q24Ls=,YORqsBSRdV2MXIRdMDCT0zWgsfM=
-17,18,59Z66IENOGb+ziqdhg6r32Q24Ls=,bgYY5gbuLpZqdTzCg5PXJY29WwE=
-17,19,59Z66IENOGb+ziqdhg6r32Q24Ls=,bgYY5gbuLpZqdTzCg5PXJY29WwE=
-17,17,59Z66IENOGb+ziqdhg6r32Q24Ls=,b2T/TLfoYM6vT/S6pa1MXcPRCuk=
-5,17,zg9eKhqdFjgBHGLnqrE0tz7t/sc=,A3OytkksRw7O8zP7le+3bK3Wdfo=
-5,18,zg9eKhqdFjgBHGLnqrE0tz7t/sc=,4AT+ngduWek4dXf2Bb8WU/OMFAk=
-4,17,zg9eKhqdFjgBHGLnqrE0tz7t/sc=,9m+Jtrjj/EAXD9wE2AQrdneL58M=
-4,18,zg9eKhqdFjgBHGLnqrE0tz7t/sc=,0Ula57RVLH1QQFY0VwhnqNBygvQ=
-2,20,zg9eKhqdFjgBHGLnqrE0tz7t/sc=,Tr0hG3EjC6Kt7MLz1JSGNS8ivAA=
-3,18,zg9eKhqdFjgBHGLnqrE0tz7t/sc=,0Ula57RVLH1QQFY0VwhnqNBygvQ=
-2,19,zg9eKhqdFjgBHGLnqrE0tz7t/sc=,bPBFY2zMwYJ7jT60q/tLlYXCvA8=
-3,17,zg9eKhqdFjgBHGLnqrE0tz7t/sc=,9m+Jtrjj/EAXD9wE2AQrdneL58M=
-2,17,vRLGqm54ZQHCspO+mn9ViCwjI3k=,sFXjHLS11XuiQ9xmF2LcF8qbRvk=
-3,20,vRLGqm54ZQHCspO+mn9ViCwjI3k=,BMrtVS9gEWsxMVhEy5HQBum6PrE=
-3,19,vRLGqm54ZQHCspO+mn9ViCwjI3k=,0Ula57RVLH1QQFY0VwhnqNBygvQ=
-2,18,vRLGqm54ZQHCspO+mn9ViCwjI3k=,bPBFY2zMwYJ7jT60q/tLlYXCvA8=
-2,22,vRLGqm54ZQHCspO+mn9ViCwjI3k=,HoREMzqC8r/Yy3+Hy1NYZsKzF2c=
-3,21,vRLGqm54ZQHCspO+mn9ViCwjI3k=,BMrtVS9gEWsxMVhEy5HQBum6PrE=
-2,21,vRLGqm54ZQHCspO+mn9ViCwjI3k=,Tr0hG3EjC6Kt7MLz1JSGNS8ivAA=
-3,22,vRLGqm54ZQHCspO+mn9ViCwjI3k=,hJnfSR23smGJMrbdXzeGoqsiykE=
-5,23,vRLGqm54ZQHCspO+mn9ViCwjI3k=,cBBzsZIlWl9U5t1B6GA+CcsOHho=
-5,24,vRLGqm54ZQHCspO+mn9ViCwjI3k=,fqcN6WXM0G4F4uY+9c0cWk02GNA=
-4,24,vRLGqm54ZQHCspO+mn9ViCwjI3k=,XWkQd5vT1s/NxeFGDmkeOx348UA=
-4,23,vRLGqm54ZQHCspO+mn9ViCwjI3k=,hJnfSR23smGJMrbdXzeGoqsiykE=
-2,23,vRLGqm54ZQHCspO+mn9ViCwjI3k=,HoREMzqC8r/Yy3+Hy1NYZsKzF2c=
-3,23,vRLGqm54ZQHCspO+mn9ViCwjI3k=,hJnfSR23smGJMrbdXzeGoqsiykE=
-2,24,vRLGqm54ZQHCspO+mn9ViCwjI3k=,tIrTQ+69q+/N1zQwpaLFAPw4dtg=
-3,24,vRLGqm54ZQHCspO+mn9ViCwjI3k=,XWkQd5vT1s/NxeFGDmkeOx348UA=
-6,23,vRLGqm54ZQHCspO+mn9ViCwjI3k=,cBBzsZIlWl9U5t1B6GA+CcsOHho=
-7,24,vRLGqm54ZQHCspO+mn9ViCwjI3k=,0Pm5tODuRYY/5PnSxZiN/pjIlgk=
-9,24,vRLGqm54ZQHCspO+mn9ViCwjI3k=,dQ/zk0QB0KXhWOh0kiesUVZlYys=
-7,23,vRLGqm54ZQHCspO+mn9ViCwjI3k=,eESszSwo/87ZNl6QoU6eHYcfiDI=
-6,24,vRLGqm54ZQHCspO+mn9ViCwjI3k=,fqcN6WXM0G4F4uY+9c0cWk02GNA=
-8,23,vRLGqm54ZQHCspO+mn9ViCwjI3k=,eESszSwo/87ZNl6QoU6eHYcfiDI=
-8,24,vRLGqm54ZQHCspO+mn9ViCwjI3k=,0Pm5tODuRYY/5PnSxZiN/pjIlgk=
-9,23,vRLGqm54ZQHCspO+mn9ViCwjI3k=,yqngVs21a8750tbK78Ag4oBeCk8=
-8,21,vRLGqm54ZQHCspO+mn9ViCwjI3k=,sK7UhvZJY1fD5WdthUpu5GfG/Uk=
-9,22,vRLGqm54ZQHCspO+mn9ViCwjI3k=,yqngVs21a8750tbK78Ag4oBeCk8=
-9,21,vRLGqm54ZQHCspO+mn9ViCwjI3k=,BVCJpBgr2mltchnVHGxnBv36jGM=
-8,19,vRLGqm54ZQHCspO+mn9ViCwjI3k=,QrmLOEhgzhKK3D7paKwhmwP3j/k=
-8,22,vRLGqm54ZQHCspO+mn9ViCwjI3k=,eESszSwo/87ZNl6QoU6eHYcfiDI=
-8,20,vRLGqm54ZQHCspO+mn9ViCwjI3k=,sK7UhvZJY1fD5WdthUpu5GfG/Uk=
-9,20,vRLGqm54ZQHCspO+mn9ViCwjI3k=,BVCJpBgr2mltchnVHGxnBv36jGM=
-9,19,vRLGqm54ZQHCspO+mn9ViCwjI3k=,lqZgChUe0adWoho5Oy9mi6Rp9TU=
-7,18,vRLGqm54ZQHCspO+mn9ViCwjI3k=,QrmLOEhgzhKK3D7paKwhmwP3j/k=
-6,18,vRLGqm54ZQHCspO+mn9ViCwjI3k=,4AT+ngduWek4dXf2Bb8WU/OMFAk=
-6,17,vRLGqm54ZQHCspO+mn9ViCwjI3k=,A3OytkksRw7O8zP7le+3bK3Wdfo=
-7,17,vRLGqm54ZQHCspO+mn9ViCwjI3k=,bHbsLdrHwfn/3C9o1zVrX7ISoWU=
-8,17,vRLGqm54ZQHCspO+mn9ViCwjI3k=,bHbsLdrHwfn/3C9o1zVrX7ISoWU=
-8,18,vRLGqm54ZQHCspO+mn9ViCwjI3k=,QrmLOEhgzhKK3D7paKwhmwP3j/k=
-9,17,vRLGqm54ZQHCspO+mn9ViCwjI3k=,66AsXBeFirSCtvw18/1/8RWEFrg=
-10,17,vRLGqm54ZQHCspO+mn9ViCwjI3k=,66AsXBeFirSCtvw18/1/8RWEFrg=
-9,18,vRLGqm54ZQHCspO+mn9ViCwjI3k=,lqZgChUe0adWoho5Oy9mi6Rp9TU=
-10,18,vRLGqm54ZQHCspO+mn9ViCwjI3k=,lqZgChUe0adWoho5Oy9mi6Rp9TU=
-11,17,vRLGqm54ZQHCspO+mn9ViCwjI3k=,g/kasVVRCLZdKS4pmlNVr+cBEM0=
-11,20,vRLGqm54ZQHCspO+mn9ViCwjI3k=,Q+gaD6mRThRhpoNO2ds7Zg4Qr50=
-11,18,vRLGqm54ZQHCspO+mn9ViCwjI3k=,vdynuR3xQkV7OkAh6z5TziyFDVQ=
-10,20,vRLGqm54ZQHCspO+mn9ViCwjI3k=,BVCJpBgr2mltchnVHGxnBv36jGM=
-10,19,vRLGqm54ZQHCspO+mn9ViCwjI3k=,lqZgChUe0adWoho5Oy9mi6Rp9TU=
-11,19,vRLGqm54ZQHCspO+mn9ViCwjI3k=,vdynuR3xQkV7OkAh6z5TziyFDVQ=
-10,22,vRLGqm54ZQHCspO+mn9ViCwjI3k=,yqngVs21a8750tbK78Ag4oBeCk8=
-13,21,vRLGqm54ZQHCspO+mn9ViCwjI3k=,Y0EzrWyHtCb5M1h5pRsDBRzuitU=
-10,21,vRLGqm54ZQHCspO+mn9ViCwjI3k=,BVCJpBgr2mltchnVHGxnBv36jGM=
-11,22,vRLGqm54ZQHCspO+mn9ViCwjI3k=,N9YuPM9+lc4IITl+DRW3hZeIjHs=
-13,22,vRLGqm54ZQHCspO+mn9ViCwjI3k=,G07EZ6nchSVD4fpbsNNNEw5bW6k=
-11,21,vRLGqm54ZQHCspO+mn9ViCwjI3k=,Q+gaD6mRThRhpoNO2ds7Zg4Qr50=
-12,21,vRLGqm54ZQHCspO+mn9ViCwjI3k=,Q+gaD6mRThRhpoNO2ds7Zg4Qr50=
-12,22,vRLGqm54ZQHCspO+mn9ViCwjI3k=,N9YuPM9+lc4IITl+DRW3hZeIjHs=
-13,20,vRLGqm54ZQHCspO+mn9ViCwjI3k=,Y0EzrWyHtCb5M1h5pRsDBRzuitU=
-12,20,m8bWTrJm8HELjr6RnbgxhDaXK3E=,Q+gaD6mRThRhpoNO2ds7Zg4Qr50=
-13,19,m8bWTrJm8HELjr6RnbgxhDaXK3E=,7yP0ijkuxlcvisOnuSXTFpc59Jw=
-12,17,m8bWTrJm8HELjr6RnbgxhDaXK3E=,g/kasVVRCLZdKS4pmlNVr+cBEM0=
-12,19,m8bWTrJm8HELjr6RnbgxhDaXK3E=,vdynuR3xQkV7OkAh6z5TziyFDVQ=
-12,18,m8bWTrJm8HELjr6RnbgxhDaXK3E=,vdynuR3xQkV7OkAh6z5TziyFDVQ=
-13,17,iZ4OircBIg5S2oCADKg9iAem2G0=,X98ykGHbcthAMCeDlvEtcz0LFlo=
-13,18,iZ4OircBIg5S2oCADKg9iAem2G0=,7yP0ijkuxlcvisOnuSXTFpc59Jw=
-14,22,iZ4OircBIg5S2oCADKg9iAem2G0=,G07EZ6nchSVD4fpbsNNNEw5bW6k=
-15,21,iZ4OircBIg5S2oCADKg9iAem2G0=,8X57r2RxjjSHV+vVVVmpvFDJZmY=
-14,21,iZ4OircBIg5S2oCADKg9iAem2G0=,Y0EzrWyHtCb5M1h5pRsDBRzuitU=
-15,22,iZ4OircBIg5S2oCADKg9iAem2G0=,s3FwpgdhyLDV5kfPYhiO9gL5/vE=
-10,16,iZ4OircBIg5S2oCADKg9iAem2G0=,66AsXBeFirSCtvw18/1/8RWEFrg=
-9,16,iZ4OircBIg5S2oCADKg9iAem2G0=,66AsXBeFirSCtvw18/1/8RWEFrg=
-8,16,iZ4OircBIg5S2oCADKg9iAem2G0=,bHbsLdrHwfn/3C9o1zVrX7ISoWU=
-13,16,iZ4OircBIg5S2oCADKg9iAem2G0=,X98ykGHbcthAMCeDlvEtcz0LFlo=
-12,16,iZ4OircBIg5S2oCADKg9iAem2G0=,g/kasVVRCLZdKS4pmlNVr+cBEM0=
-4,16,iZ4OircBIg5S2oCADKg9iAem2G0=,9m+Jtrjj/EAXD9wE2AQrdneL58M=
-5,16,iZ4OircBIg5S2oCADKg9iAem2G0=,A3OytkksRw7O8zP7le+3bK3Wdfo=
-6,16,iZ4OircBIg5S2oCADKg9iAem2G0=,A3OytkksRw7O8zP7le+3bK3Wdfo=
-7,16,iZ4OircBIg5S2oCADKg9iAem2G0=,bHbsLdrHwfn/3C9o1zVrX7ISoWU=
-2,16,iZ4OircBIg5S2oCADKg9iAem2G0=,sFXjHLS11XuiQ9xmF2LcF8qbRvk=
-3,16,iZ4OircBIg5S2oCADKg9iAem2G0=,9m+Jtrjj/EAXD9wE2AQrdneL58M=
-1,17,iZ4OircBIg5S2oCADKg9iAem2G0=,sFXjHLS11XuiQ9xmF2LcF8qbRvk=
-1,18,iZ4OircBIg5S2oCADKg9iAem2G0=,bPBFY2zMwYJ7jT60q/tLlYXCvA8=
-11,16,iZ4OircBIg5S2oCADKg9iAem2G0=,g/kasVVRCLZdKS4pmlNVr+cBEM0=
-1,20,iZ4OircBIg5S2oCADKg9iAem2G0=,Tr0hG3EjC6Kt7MLz1JSGNS8ivAA=
-1,19,iZ4OircBIg5S2oCADKg9iAem2G0=,bPBFY2zMwYJ7jT60q/tLlYXCvA8=
-1,21,iZ4OircBIg5S2oCADKg9iAem2G0=,Tr0hG3EjC6Kt7MLz1JSGNS8ivAA=
-1,22,iZ4OircBIg5S2oCADKg9iAem2G0=,HoREMzqC8r/Yy3+Hy1NYZsKzF2c=
-1,24,iZ4OircBIg5S2oCADKg9iAem2G0=,tIrTQ+69q+/N1zQwpaLFAPw4dtg=
-2,26,iZ4OircBIg5S2oCADKg9iAem2G0=,fJPcRH4EVJRZyJpPOGKavwq1DJM=
-1,23,iZ4OircBIg5S2oCADKg9iAem2G0=,HoREMzqC8r/Yy3+Hy1NYZsKzF2c=
-2,25,iZ4OircBIg5S2oCADKg9iAem2G0=,tIrTQ+69q+/N1zQwpaLFAPw4dtg=
-3,25,iZ4OircBIg5S2oCADKg9iAem2G0=,XWkQd5vT1s/NxeFGDmkeOx348UA=
-16,20,iZ4OircBIg5S2oCADKg9iAem2G0=,8X57r2RxjjSHV+vVVVmpvFDJZmY=
-14,20,iZ4OircBIg5S2oCADKg9iAem2G0=,Y0EzrWyHtCb5M1h5pRsDBRzuitU=
-15,20,iZ4OircBIg5S2oCADKg9iAem2G0=,8X57r2RxjjSHV+vVVVmpvFDJZmY=
-5,26,iZ4OircBIg5S2oCADKg9iAem2G0=,M8EZtgLA3WHPIXcMNsCvt3SOqyI=
-6,26,iZ4OircBIg5S2oCADKg9iAem2G0=,M8EZtgLA3WHPIXcMNsCvt3SOqyI=
-16,19,iZ4OircBIg5S2oCADKg9iAem2G0=,WG3y76qlzN9xbqtGkZMuVDtDZ1E=
-4,25,iZ4OircBIg5S2oCADKg9iAem2G0=,XWkQd5vT1s/NxeFGDmkeOx348UA=
-5,27,iZ4OircBIg5S2oCADKg9iAem2G0=,M8EZtgLA3WHPIXcMNsCvt3SOqyI=
-7,25,iZ4OircBIg5S2oCADKg9iAem2G0=,0Pm5tODuRYY/5PnSxZiN/pjIlgk=
-5,25,iZ4OircBIg5S2oCADKg9iAem2G0=,fqcN6WXM0G4F4uY+9c0cWk02GNA=
-6,25,iZ4OircBIg5S2oCADKg9iAem2G0=,fqcN6WXM0G4F4uY+9c0cWk02GNA=
-14,19,iZ4OircBIg5S2oCADKg9iAem2G0=,7yP0ijkuxlcvisOnuSXTFpc59Jw=
-15,19,iZ4OircBIg5S2oCADKg9iAem2G0=,WG3y76qlzN9xbqtGkZMuVDtDZ1E=
-4,28,iZ4OircBIg5S2oCADKg9iAem2G0=,vteNKWejGNLesGUn2v2tpw4iz24=
-2,27,iZ4OircBIg5S2oCADKg9iAem2G0=,fJPcRH4EVJRZyJpPOGKavwq1DJM=
-5,28,iZ4OircBIg5S2oCADKg9iAem2G0=,3Vq4fU6QR8bnxqNC8Lr8T1LtE84=
-3,28,iZ4OircBIg5S2oCADKg9iAem2G0=,vteNKWejGNLesGUn2v2tpw4iz24=
-2,28,iZ4OircBIg5S2oCADKg9iAem2G0=,8PYiBG6TBQwJbWVZQUGKYakPLy0=
-16,18,iZ4OircBIg5S2oCADKg9iAem2G0=,WG3y76qlzN9xbqtGkZMuVDtDZ1E=
-14,16,iZ4OircBIg5S2oCADKg9iAem2G0=,X98ykGHbcthAMCeDlvEtcz0LFlo=
-15,17,iZ4OircBIg5S2oCADKg9iAem2G0=,d1uhZfGs67UtFzIwkVTN76d9pgw=
-14,18,iZ4OircBIg5S2oCADKg9iAem2G0=,7yP0ijkuxlcvisOnuSXTFpc59Jw=
-15,16,iZ4OircBIg5S2oCADKg9iAem2G0=,d1uhZfGs67UtFzIwkVTN76d9pgw=
-16,17,iZ4OircBIg5S2oCADKg9iAem2G0=,d1uhZfGs67UtFzIwkVTN76d9pgw=
-14,17,iZ4OircBIg5S2oCADKg9iAem2G0=,X98ykGHbcthAMCeDlvEtcz0LFlo=
-15,18,iZ4OircBIg5S2oCADKg9iAem2G0=,WG3y76qlzN9xbqtGkZMuVDtDZ1E=
-9,25,iZ4OircBIg5S2oCADKg9iAem2G0=,dQ/zk0QB0KXhWOh0kiesUVZlYys=
-9,26,iZ4OircBIg5S2oCADKg9iAem2G0=,BBMHAQrxePDWInATc6Nq84VEhC4=
-9,27,iZ4OircBIg5S2oCADKg9iAem2G0=,BBMHAQrxePDWInATc6Nq84VEhC4=
-6,27,iZ4OircBIg5S2oCADKg9iAem2G0=,M8EZtgLA3WHPIXcMNsCvt3SOqyI=
-8,25,iZ4OircBIg5S2oCADKg9iAem2G0=,0Pm5tODuRYY/5PnSxZiN/pjIlgk=
-7,28,iZ4OircBIg5S2oCADKg9iAem2G0=,YHnP+u/+LKb/1MVE54rmdF24RNo=
-9,28,iZ4OircBIg5S2oCADKg9iAem2G0=,wWvXj9X5sSjhBedPuCKGtPYQHKg=
-6,28,iZ4OircBIg5S2oCADKg9iAem2G0=,3Vq4fU6QR8bnxqNC8Lr8T1LtE84=
-8,28,iZ4OircBIg5S2oCADKg9iAem2G0=,YHnP+u/+LKb/1MVE54rmdF24RNo=
-11,28,iZ4OircBIg5S2oCADKg9iAem2G0=,qgcTW/O+wVyzCU5/42e1cHetPXk=
-12,28,iZ4OircBIg5S2oCADKg9iAem2G0=,qgcTW/O+wVyzCU5/42e1cHetPXk=
-13,28,iZ4OircBIg5S2oCADKg9iAem2G0=,Huae+Ui5lKUVoaKdwOSZ1lM/xyk=
-12,27,iZ4OircBIg5S2oCADKg9iAem2G0=,WxDWHNgjgN1Hn7kq73ZfzOZBTSs=
-10,28,iZ4OircBIg5S2oCADKg9iAem2G0=,wWvXj9X5sSjhBedPuCKGtPYQHKg=
-13,27,iZ4OircBIg5S2oCADKg9iAem2G0=,5DecImG4b5R6sd3j6t37i+Yk83E=
-10,24,iZ4OircBIg5S2oCADKg9iAem2G0=,dQ/zk0QB0KXhWOh0kiesUVZlYys=
-11,25,iZ4OircBIg5S2oCADKg9iAem2G0=,t48xt2s4hJm5WwZ0aFf2u3PLPxo=
-10,25,iZ4OircBIg5S2oCADKg9iAem2G0=,dQ/zk0QB0KXhWOh0kiesUVZlYys=
-11,24,iZ4OircBIg5S2oCADKg9iAem2G0=,t48xt2s4hJm5WwZ0aFf2u3PLPxo=
-10,26,iZ4OircBIg5S2oCADKg9iAem2G0=,BBMHAQrxePDWInATc6Nq84VEhC4=
-11,27,iZ4OircBIg5S2oCADKg9iAem2G0=,WxDWHNgjgN1Hn7kq73ZfzOZBTSs=
-10,27,iZ4OircBIg5S2oCADKg9iAem2G0=,BBMHAQrxePDWInATc6Nq84VEhC4=
-11,23,iZ4OircBIg5S2oCADKg9iAem2G0=,N9YuPM9+lc4IITl+DRW3hZeIjHs=
-10,23,iZ4OircBIg5S2oCADKg9iAem2G0=,yqngVs21a8750tbK78Ag4oBeCk8=
-11,26,iZ4OircBIg5S2oCADKg9iAem2G0=,WxDWHNgjgN1Hn7kq73ZfzOZBTSs=
-16,22,iZ4OircBIg5S2oCADKg9iAem2G0=,s3FwpgdhyLDV5kfPYhiO9gL5/vE=
-4,20,iZ4OircBIg5S2oCADKg9iAem2G0=,BMrtVS9gEWsxMVhEy5HQBum6PrE=
-7,20,iZ4OircBIg5S2oCADKg9iAem2G0=,sK7UhvZJY1fD5WdthUpu5GfG/Uk=
-15,27,iZ4OircBIg5S2oCADKg9iAem2G0=,4s8KlrLXvzfQyVfIbOj7dP26pnk=
-14,28,iZ4OircBIg5S2oCADKg9iAem2G0=,Huae+Ui5lKUVoaKdwOSZ1lM/xyk=
-5,22,iZ4OircBIg5S2oCADKg9iAem2G0=,cBBzsZIlWl9U5t1B6GA+CcsOHho=
-4,21,iZ4OircBIg5S2oCADKg9iAem2G0=,BMrtVS9gEWsxMVhEy5HQBum6PrE=
-6,22,iZ4OircBIg5S2oCADKg9iAem2G0=,cBBzsZIlWl9U5t1B6GA+CcsOHho=
-15,28,iZ4OircBIg5S2oCADKg9iAem2G0=,K1L826rfp34OZRBbzpJ+MEj1Zck=
-14,27,iZ4OircBIg5S2oCADKg9iAem2G0=,5DecImG4b5R6sd3j6t37i+Yk83E=
-7,29,iZ4OircBIg5S2oCADKg9iAem2G0=,YHnP+u/+LKb/1MVE54rmdF24RNo=
-4,29,iZ4OircBIg5S2oCADKg9iAem2G0=,vteNKWejGNLesGUn2v2tpw4iz24=
-6,29,iZ4OircBIg5S2oCADKg9iAem2G0=,3Vq4fU6QR8bnxqNC8Lr8T1LtE84=
-5,29,iZ4OircBIg5S2oCADKg9iAem2G0=,3Vq4fU6QR8bnxqNC8Lr8T1LtE84=
-2,29,iZ4OircBIg5S2oCADKg9iAem2G0=,8PYiBG6TBQwJbWVZQUGKYakPLy0=
-3,29,iZ4OircBIg5S2oCADKg9iAem2G0=,vteNKWejGNLesGUn2v2tpw4iz24=
-16,29,iZ4OircBIg5S2oCADKg9iAem2G0=,K1L826rfp34OZRBbzpJ+MEj1Zck=
-1,29,iZ4OircBIg5S2oCADKg9iAem2G0=,8PYiBG6TBQwJbWVZQUGKYakPLy0=
-16,21,iZ4OircBIg5S2oCADKg9iAem2G0=,8X57r2RxjjSHV+vVVVmpvFDJZmY=
-8,29,iZ4OircBIg5S2oCADKg9iAem2G0=,YHnP+u/+LKb/1MVE54rmdF24RNo=
-14,29,iZ4OircBIg5S2oCADKg9iAem2G0=,Huae+Ui5lKUVoaKdwOSZ1lM/xyk=
-15,29,iZ4OircBIg5S2oCADKg9iAem2G0=,K1L826rfp34OZRBbzpJ+MEj1Zck=
-12,29,iZ4OircBIg5S2oCADKg9iAem2G0=,qgcTW/O+wVyzCU5/42e1cHetPXk=
-13,29,iZ4OircBIg5S2oCADKg9iAem2G0=,Huae+Ui5lKUVoaKdwOSZ1lM/xyk=
-11,29,iZ4OircBIg5S2oCADKg9iAem2G0=,qgcTW/O+wVyzCU5/42e1cHetPXk=
-10,29,iZ4OircBIg5S2oCADKg9iAem2G0=,wWvXj9X5sSjhBedPuCKGtPYQHKg=
-16,27,iZ4OircBIg5S2oCADKg9iAem2G0=,4s8KlrLXvzfQyVfIbOj7dP26pnk=
-7,19,iZ4OircBIg5S2oCADKg9iAem2G0=,QrmLOEhgzhKK3D7paKwhmwP3j/k=
-9,29,iZ4OircBIg5S2oCADKg9iAem2G0=,wWvXj9X5sSjhBedPuCKGtPYQHKg=
-4,22,iZ4OircBIg5S2oCADKg9iAem2G0=,hJnfSR23smGJMrbdXzeGoqsiykE=
-5,19,iZ4OircBIg5S2oCADKg9iAem2G0=,4AT+ngduWek4dXf2Bb8WU/OMFAk=
-16,28,iZ4OircBIg5S2oCADKg9iAem2G0=,K1L826rfp34OZRBbzpJ+MEj1Zck=
-4,19,iZ4OircBIg5S2oCADKg9iAem2G0=,0Ula57RVLH1QQFY0VwhnqNBygvQ=
-7,21,iZ4OircBIg5S2oCADKg9iAem2G0=,sK7UhvZJY1fD5WdthUpu5GfG/Uk=
-6,19,iZ4OircBIg5S2oCADKg9iAem2G0=,4AT+ngduWek4dXf2Bb8WU/OMFAk=
-13,26,iZ4OircBIg5S2oCADKg9iAem2G0=,5DecImG4b5R6sd3j6t37i+Yk83E=
-12,25,iZ4OircBIg5S2oCADKg9iAem2G0=,t48xt2s4hJm5WwZ0aFf2u3PLPxo=
-12,26,iZ4OircBIg5S2oCADKg9iAem2G0=,WxDWHNgjgN1Hn7kq73ZfzOZBTSs=
-13,25,iZ4OircBIg5S2oCADKg9iAem2G0=,QL09UHNNMWVWwm3EqOMAoGckh0E=
-1,26,iZ4OircBIg5S2oCADKg9iAem2G0=,fJPcRH4EVJRZyJpPOGKavwq1DJM=
-1,28,iZ4OircBIg5S2oCADKg9iAem2G0=,8PYiBG6TBQwJbWVZQUGKYakPLy0=
-1,25,iZ4OircBIg5S2oCADKg9iAem2G0=,tIrTQ+69q+/N1zQwpaLFAPw4dtg=
-13,24,iZ4OircBIg5S2oCADKg9iAem2G0=,QL09UHNNMWVWwm3EqOMAoGckh0E=
-12,24,iZ4OircBIg5S2oCADKg9iAem2G0=,t48xt2s4hJm5WwZ0aFf2u3PLPxo=
-7,22,iZ4OircBIg5S2oCADKg9iAem2G0=,eESszSwo/87ZNl6QoU6eHYcfiDI=
-16,23,iZ4OircBIg5S2oCADKg9iAem2G0=,s3FwpgdhyLDV5kfPYhiO9gL5/vE=
-14,26,iZ4OircBIg5S2oCADKg9iAem2G0=,5DecImG4b5R6sd3j6t37i+Yk83E=
-16,26,iZ4OircBIg5S2oCADKg9iAem2G0=,4s8KlrLXvzfQyVfIbOj7dP26pnk=
-15,26,iZ4OircBIg5S2oCADKg9iAem2G0=,4s8KlrLXvzfQyVfIbOj7dP26pnk=
-14,25,iZ4OircBIg5S2oCADKg9iAem2G0=,QL09UHNNMWVWwm3EqOMAoGckh0E=
-1,16,iZ4OircBIg5S2oCADKg9iAem2G0=,sFXjHLS11XuiQ9xmF2LcF8qbRvk=
-16,25,iZ4OircBIg5S2oCADKg9iAem2G0=,dSV+J/c33Z9NgPDsya7b1mXvdDg=
-12,23,iZ4OircBIg5S2oCADKg9iAem2G0=,N9YuPM9+lc4IITl+DRW3hZeIjHs=
-15,25,iZ4OircBIg5S2oCADKg9iAem2G0=,dSV+J/c33Z9NgPDsya7b1mXvdDg=
-13,23,iZ4OircBIg5S2oCADKg9iAem2G0=,G07EZ6nchSVD4fpbsNNNEw5bW6k=
-1,27,iZ4OircBIg5S2oCADKg9iAem2G0=,fJPcRH4EVJRZyJpPOGKavwq1DJM=
-16,24,iZ4OircBIg5S2oCADKg9iAem2G0=,dSV+J/c33Z9NgPDsya7b1mXvdDg=
-15,23,iZ4OircBIg5S2oCADKg9iAem2G0=,s3FwpgdhyLDV5kfPYhiO9gL5/vE=
-16,16,iZ4OircBIg5S2oCADKg9iAem2G0=,d1uhZfGs67UtFzIwkVTN76d9pgw=
-14,23,iZ4OircBIg5S2oCADKg9iAem2G0=,G07EZ6nchSVD4fpbsNNNEw5bW6k=
-15,24,iZ4OircBIg5S2oCADKg9iAem2G0=,dSV+J/c33Z9NgPDsya7b1mXvdDg=
-14,24,iZ4OircBIg5S2oCADKg9iAem2G0=,QL09UHNNMWVWwm3EqOMAoGckh0E=
-2,1,iZ4OircBIg5S2oCADKg9iAem2G0=,UbgqEJNsf8x9wvM2OqFcckNBtYI=
-2,2,iZ4OircBIg5S2oCADKg9iAem2G0=,ERBwYuLc+nA7iZbOaUt/+/AIZlQ=
-3,1,iZ4OircBIg5S2oCADKg9iAem2G0=,ud5xdefQEZxZ/myEWG0OEKO6NLE=
-3,2,iZ4OircBIg5S2oCADKg9iAem2G0=,nSVr4tMPUkN5WBJQakFNer05DLU=
-3,3,iZ4OircBIg5S2oCADKg9iAem2G0=,nSVr4tMPUkN5WBJQakFNer05DLU=
-2,3,iZ4OircBIg5S2oCADKg9iAem2G0=,ERBwYuLc+nA7iZbOaUt/+/AIZlQ=
-2,4,iZ4OircBIg5S2oCADKg9iAem2G0=,fpBTkm7c8EnDb7ScKuyIFWDLERM=
-3,4,iZ4OircBIg5S2oCADKg9iAem2G0=,kaCA22IG2cn/5MsWM/3DaHrLVOM=
-3,6,iZ4OircBIg5S2oCADKg9iAem2G0=,pCG6wZ69Yo2XMTqF32BNGJq7Aqo=
-2,5,iZ4OircBIg5S2oCADKg9iAem2G0=,fpBTkm7c8EnDb7ScKuyIFWDLERM=
-3,5,iZ4OircBIg5S2oCADKg9iAem2G0=,kaCA22IG2cn/5MsWM/3DaHrLVOM=
-2,6,iZ4OircBIg5S2oCADKg9iAem2G0=,EI11qIA9aYp9qZ/jLCH2XcwPUBE=
-5,7,iZ4OircBIg5S2oCADKg9iAem2G0=,xAHYjf7mgR9KId09/pVvlvXFz8I=
-4,7,iZ4OircBIg5S2oCADKg9iAem2G0=,pCG6wZ69Yo2XMTqF32BNGJq7Aqo=
-4,8,iZ4OircBIg5S2oCADKg9iAem2G0=,hBLUaiYp1z360Zpu5N/8IiASKRI=
-5,8,iZ4OircBIg5S2oCADKg9iAem2G0=,QFGeQUH7Ja5ar+COzR5rX9iWcWM=
-3,8,iZ4OircBIg5S2oCADKg9iAem2G0=,hBLUaiYp1z360Zpu5N/8IiASKRI=
-3,7,iZ4OircBIg5S2oCADKg9iAem2G0=,pCG6wZ69Yo2XMTqF32BNGJq7Aqo=
-2,8,iZ4OircBIg5S2oCADKg9iAem2G0=,IVhtfBIlb/v7TAuCIeICi3LvoWQ=
-2,7,iZ4OircBIg5S2oCADKg9iAem2G0=,EI11qIA9aYp9qZ/jLCH2XcwPUBE=
-2,10,cskb+fv9oe2FQMij9e3jfZKuL60=,zmmNo52qeNiOG+8eujDvZ9LXVoo=
-3,9,cskb+fv9oe2FQMij9e3jfZKuL60=,hBLUaiYp1z360Zpu5N/8IiASKRI=
-2,9,cskb+fv9oe2FQMij9e3jfZKuL60=,IVhtfBIlb/v7TAuCIeICi3LvoWQ=
-3,10,cskb+fv9oe2FQMij9e3jfZKuL60=,g3Xo/ajCpb3dEdtRd718LSp5fnw=
-3,12,cskb+fv9oe2FQMij9e3jfZKuL60=,uEQQKt0yfnSZt0BiQCzRAH48ayw=
-2,12,cskb+fv9oe2FQMij9e3jfZKuL60=,iRstx/f0y9MubAwRhtrpB+UJpMQ=
-3,11,cskb+fv9oe2FQMij9e3jfZKuL60=,g3Xo/ajCpb3dEdtRd718LSp5fnw=
-2,11,cskb+fv9oe2FQMij9e3jfZKuL60=,zmmNo52qeNiOG+8eujDvZ9LXVoo=
-5,11,cskb+fv9oe2FQMij9e3jfZKuL60=,8j3sCmlbRhQNmiBBeOXYiElXoJU=
-5,12,cskb+fv9oe2FQMij9e3jfZKuL60=,pel655GGMYnjZY6tRBjLKZpK/74=
-5,9,cskb+fv9oe2FQMij9e3jfZKuL60=,QFGeQUH7Ja5ar+COzR5rX9iWcWM=
-4,9,cskb+fv9oe2FQMij9e3jfZKuL60=,hBLUaiYp1z360Zpu5N/8IiASKRI=
-5,10,cskb+fv9oe2FQMij9e3jfZKuL60=,8j3sCmlbRhQNmiBBeOXYiElXoJU=
-4,12,cskb+fv9oe2FQMij9e3jfZKuL60=,uEQQKt0yfnSZt0BiQCzRAH48ayw=
-4,11,cskb+fv9oe2FQMij9e3jfZKuL60=,g3Xo/ajCpb3dEdtRd718LSp5fnw=
-4,10,cskb+fv9oe2FQMij9e3jfZKuL60=,g3Xo/ajCpb3dEdtRd718LSp5fnw=
-7,12,cskb+fv9oe2FQMij9e3jfZKuL60=,XPOV2s6EryAg+2NnyPpSMw0ql5Y=
-6,12,cskb+fv9oe2FQMij9e3jfZKuL60=,pel655GGMYnjZY6tRBjLKZpK/74=
-7,11,cskb+fv9oe2FQMij9e3jfZKuL60=,xKEMJvxlpGVVB5kq1qBP25RWX/o=
-6,11,cskb+fv9oe2FQMij9e3jfZKuL60=,8j3sCmlbRhQNmiBBeOXYiElXoJU=
-9,11,cskb+fv9oe2FQMij9e3jfZKuL60=,p1fakLjWbbsRrf0bI0r2aozzZrs=
-9,12,cskb+fv9oe2FQMij9e3jfZKuL60=,dZiBohF37C0gJy9GGScY8vuucgI=
-8,12,cskb+fv9oe2FQMij9e3jfZKuL60=,XPOV2s6EryAg+2NnyPpSMw0ql5Y=
-10,12,cskb+fv9oe2FQMij9e3jfZKuL60=,dZiBohF37C0gJy9GGScY8vuucgI=
-8,11,cskb+fv9oe2FQMij9e3jfZKuL60=,xKEMJvxlpGVVB5kq1qBP25RWX/o=
-10,11,cskb+fv9oe2FQMij9e3jfZKuL60=,p1fakLjWbbsRrf0bI0r2aozzZrs=
-11,11,cskb+fv9oe2FQMij9e3jfZKuL60=,8BEBbMjOB9f2WKkqZdjKZ9sTp/s=
-11,12,cskb+fv9oe2FQMij9e3jfZKuL60=,//dHoTiO2lGEy89RyB4LzO6Lsms=
-13,9,cskb+fv9oe2FQMij9e3jfZKuL60=,ReQAPkzizqb45bJTvR0brYl6e9w=
-12,10,cskb+fv9oe2FQMij9e3jfZKuL60=,8BEBbMjOB9f2WKkqZdjKZ9sTp/s=
-12,9,cskb+fv9oe2FQMij9e3jfZKuL60=,ymxfL1KYxtgQxln+VMjbdRKxGEo=
-13,10,cskb+fv9oe2FQMij9e3jfZKuL60=,fbQjKtYQBZQKR/awyYTDbcNm+xo=
-14,9,cskb+fv9oe2FQMij9e3jfZKuL60=,ReQAPkzizqb45bJTvR0brYl6e9w=
-15,9,cskb+fv9oe2FQMij9e3jfZKuL60=,vDjYbrLXAG+1xnbxMHw35NEQsHs=
-15,10,cskb+fv9oe2FQMij9e3jfZKuL60=,uXz6cOWF2lhPqRaffabmjKJOjGo=
-14,10,jjhtLnfYCQCZYbritWlOWjpiS+U=,fbQjKtYQBZQKR/awyYTDbcNm+xo=
-14,8,jjhtLnfYCQCZYbritWlOWjpiS+U=,ReQAPkzizqb45bJTvR0brYl6e9w=
-14,7,jjhtLnfYCQCZYbritWlOWjpiS+U=,OnmrLEzevL9503WOFQX8hg6XP+s=
-15,8,jjhtLnfYCQCZYbritWlOWjpiS+U=,vDjYbrLXAG+1xnbxMHw35NEQsHs=
-15,7,jjhtLnfYCQCZYbritWlOWjpiS+U=,T3kvoF08dHrtAWhPWTkwfod9roI=
-13,8,jjhtLnfYCQCZYbritWlOWjpiS+U=,ReQAPkzizqb45bJTvR0brYl6e9w=
-13,7,jjhtLnfYCQCZYbritWlOWjpiS+U=,OnmrLEzevL9503WOFQX8hg6XP+s=
-12,8,jjhtLnfYCQCZYbritWlOWjpiS+U=,ymxfL1KYxtgQxln+VMjbdRKxGEo=
-10,8,jjhtLnfYCQCZYbritWlOWjpiS+U=,uRad0v2+WNUjA4QiKgN9K2O2Sgw=
-10,7,jjhtLnfYCQCZYbritWlOWjpiS+U=,2HlQ/MAcuYJsuFyBxcjIY26def4=
-12,7,jjhtLnfYCQCZYbritWlOWjpiS+U=,NAJHFXQb5nxQLfJmlDvlSluKQr4=
-11,8,jjhtLnfYCQCZYbritWlOWjpiS+U=,ymxfL1KYxtgQxln+VMjbdRKxGEo=
-10,9,jjhtLnfYCQCZYbritWlOWjpiS+U=,uRad0v2+WNUjA4QiKgN9K2O2Sgw=
-11,9,jjhtLnfYCQCZYbritWlOWjpiS+U=,ymxfL1KYxtgQxln+VMjbdRKxGEo=
-10,10,jjhtLnfYCQCZYbritWlOWjpiS+U=,p1fakLjWbbsRrf0bI0r2aozzZrs=
-11,7,jjhtLnfYCQCZYbritWlOWjpiS+U=,NAJHFXQb5nxQLfJmlDvlSluKQr4=
-11,10,jjhtLnfYCQCZYbritWlOWjpiS+U=,8BEBbMjOB9f2WKkqZdjKZ9sTp/s=
-13,5,jjhtLnfYCQCZYbritWlOWjpiS+U=,mTXEvfxI5U1e8sVLfyjqiKSVU2E=
-12,6,jjhtLnfYCQCZYbritWlOWjpiS+U=,NAJHFXQb5nxQLfJmlDvlSluKQr4=
-13,6,jjhtLnfYCQCZYbritWlOWjpiS+U=,OnmrLEzevL9503WOFQX8hg6XP+s=
-12,5,jjhtLnfYCQCZYbritWlOWjpiS+U=,5U0hpVkKeFDt62W7j+tDKs18yds=
-13,3,jjhtLnfYCQCZYbritWlOWjpiS+U=,VALHNk5n/SDQD2Vd2p8xr3QlGZU=
-13,4,jjhtLnfYCQCZYbritWlOWjpiS+U=,mTXEvfxI5U1e8sVLfyjqiKSVU2E=
-12,3,jjhtLnfYCQCZYbritWlOWjpiS+U=,tIPukDN5A7qtT60OtaL2L8fi6vM=
-12,4,jjhtLnfYCQCZYbritWlOWjpiS+U=,5U0hpVkKeFDt62W7j+tDKs18yds=
-13,1,jjhtLnfYCQCZYbritWlOWjpiS+U=,UsaG7oyQNhdeABW6o0SzANjd2gM=
-12,1,jjhtLnfYCQCZYbritWlOWjpiS+U=,hTBrO+NuRzn7HMDCNVL4lqXhm9c=
-12,2,htzpDmi33JeF8gGIkSwirwXkFhc=,tIPukDN5A7qtT60OtaL2L8fi6vM=
-13,2,htzpDmi33JeF8gGIkSwirwXkFhc=,VALHNk5n/SDQD2Vd2p8xr3QlGZU=
-11,2,htzpDmi33JeF8gGIkSwirwXkFhc=,tIPukDN5A7qtT60OtaL2L8fi6vM=
-11,1,htzpDmi33JeF8gGIkSwirwXkFhc=,hTBrO+NuRzn7HMDCNVL4lqXhm9c=
-10,2,htzpDmi33JeF8gGIkSwirwXkFhc=,7JFSwVNuV0CpfdcpjILmE7yA3xk=
-10,1,htzpDmi33JeF8gGIkSwirwXkFhc=,ljzQENLR1TI2aCIRaYvLQCRHouk=
-9,1,htzpDmi33JeF8gGIkSwirwXkFhc=,ljzQENLR1TI2aCIRaYvLQCRHouk=
-8,2,htzpDmi33JeF8gGIkSwirwXkFhc=,SD4HigS3dIRMsIwe3XRXMHBKeXM=
-9,2,htzpDmi33JeF8gGIkSwirwXkFhc=,7JFSwVNuV0CpfdcpjILmE7yA3xk=
-8,1,htzpDmi33JeF8gGIkSwirwXkFhc=,hsBe2IzS7t3nGIbnjDuaaO6Mq1g=
-5,6,htzpDmi33JeF8gGIkSwirwXkFhc=,xAHYjf7mgR9KId09/pVvlvXFz8I=
-5,5,htzpDmi33JeF8gGIkSwirwXkFhc=,fW6dM43hsgt3tCrNQIVqVNsLxFM=
-4,6,htzpDmi33JeF8gGIkSwirwXkFhc=,pCG6wZ69Yo2XMTqF32BNGJq7Aqo=
-5,4,htzpDmi33JeF8gGIkSwirwXkFhc=,fW6dM43hsgt3tCrNQIVqVNsLxFM=
-5,3,P6Z7TpedwupRyg+iVgyv28Pjolk=,M4+ppLswrRco98YldtesUhnS3CE=
-4,3,P6Z7TpedwupRyg+iVgyv28Pjolk=,nSVr4tMPUkN5WBJQakFNer05DLU=
-4,5,P6Z7TpedwupRyg+iVgyv28Pjolk=,kaCA22IG2cn/5MsWM/3DaHrLVOM=
-4,4,P6Z7TpedwupRyg+iVgyv28Pjolk=,kaCA22IG2cn/5MsWM/3DaHrLVOM=
-4,1,P6Z7TpedwupRyg+iVgyv28Pjolk=,ud5xdefQEZxZ/myEWG0OEKO6NLE=
-7,1,P6Z7TpedwupRyg+iVgyv28Pjolk=,hsBe2IzS7t3nGIbnjDuaaO6Mq1g=
-7,2,P6Z7TpedwupRyg+iVgyv28Pjolk=,SD4HigS3dIRMsIwe3XRXMHBKeXM=
-5,1,P6Z7TpedwupRyg+iVgyv28Pjolk=,0lAreJMexE6X5RqfOAp9Yd8Vo2Q=
-4,2,P6Z7TpedwupRyg+iVgyv28Pjolk=,nSVr4tMPUkN5WBJQakFNer05DLU=
-6,2,P6Z7TpedwupRyg+iVgyv28Pjolk=,M4+ppLswrRco98YldtesUhnS3CE=
-6,1,P6Z7TpedwupRyg+iVgyv28Pjolk=,0lAreJMexE6X5RqfOAp9Yd8Vo2Q=
-5,2,P6Z7TpedwupRyg+iVgyv28Pjolk=,M4+ppLswrRco98YldtesUhnS3CE=
-10,4,P6Z7TpedwupRyg+iVgyv28Pjolk=,KZdQU8kwbWzLJ1fqXO5ipid8MxE=
-10,5,P6Z7TpedwupRyg+iVgyv28Pjolk=,KZdQU8kwbWzLJ1fqXO5ipid8MxE=
-10,6,P6Z7TpedwupRyg+iVgyv28Pjolk=,2HlQ/MAcuYJsuFyBxcjIY26def4=
-11,5,P6Z7TpedwupRyg+iVgyv28Pjolk=,5U0hpVkKeFDt62W7j+tDKs18yds=
-11,6,P6Z7TpedwupRyg+iVgyv28Pjolk=,NAJHFXQb5nxQLfJmlDvlSluKQr4=
-11,4,P6Z7TpedwupRyg+iVgyv28Pjolk=,5U0hpVkKeFDt62W7j+tDKs18yds=
-10,3,P6Z7TpedwupRyg+iVgyv28Pjolk=,7JFSwVNuV0CpfdcpjILmE7yA3xk=
-1,1,P6Z7TpedwupRyg+iVgyv28Pjolk=,UbgqEJNsf8x9wvM2OqFcckNBtYI=
-11,3,P6Z7TpedwupRyg+iVgyv28Pjolk=,tIPukDN5A7qtT60OtaL2L8fi6vM=
-1,2,P6Z7TpedwupRyg+iVgyv28Pjolk=,ERBwYuLc+nA7iZbOaUt/+/AIZlQ=
-1,4,P6Z7TpedwupRyg+iVgyv28Pjolk=,fpBTkm7c8EnDb7ScKuyIFWDLERM=
-1,3,P6Z7TpedwupRyg+iVgyv28Pjolk=,ERBwYuLc+nA7iZbOaUt/+/AIZlQ=
-1,6,P6Z7TpedwupRyg+iVgyv28Pjolk=,EI11qIA9aYp9qZ/jLCH2XcwPUBE=
-1,5,P6Z7TpedwupRyg+iVgyv28Pjolk=,fpBTkm7c8EnDb7ScKuyIFWDLERM=
-7,4,P6Z7TpedwupRyg+iVgyv28Pjolk=,K0y03Zkzj8VTgoJztAnuzSGBr+A=
-9,4,P6Z7TpedwupRyg+iVgyv28Pjolk=,KZdQU8kwbWzLJ1fqXO5ipid8MxE=
-8,3,P6Z7TpedwupRyg+iVgyv28Pjolk=,SD4HigS3dIRMsIwe3XRXMHBKeXM=
-1,8,P6Z7TpedwupRyg+iVgyv28Pjolk=,IVhtfBIlb/v7TAuCIeICi3LvoWQ=
-1,7,P6Z7TpedwupRyg+iVgyv28Pjolk=,EI11qIA9aYp9qZ/jLCH2XcwPUBE=
-9,3,P6Z7TpedwupRyg+iVgyv28Pjolk=,7JFSwVNuV0CpfdcpjILmE7yA3xk=
-6,4,P6Z7TpedwupRyg+iVgyv28Pjolk=,fW6dM43hsgt3tCrNQIVqVNsLxFM=
-7,3,P6Z7TpedwupRyg+iVgyv28Pjolk=,SD4HigS3dIRMsIwe3XRXMHBKeXM=
-6,3,P6Z7TpedwupRyg+iVgyv28Pjolk=,M4+ppLswrRco98YldtesUhnS3CE=
-8,4,P6Z7TpedwupRyg+iVgyv28Pjolk=,K0y03Zkzj8VTgoJztAnuzSGBr+A=
-1,9,P6Z7TpedwupRyg+iVgyv28Pjolk=,IVhtfBIlb/v7TAuCIeICi3LvoWQ=
-1,10,P6Z7TpedwupRyg+iVgyv28Pjolk=,zmmNo52qeNiOG+8eujDvZ9LXVoo=
-1,12,P6Z7TpedwupRyg+iVgyv28Pjolk=,iRstx/f0y9MubAwRhtrpB+UJpMQ=
-1,11,P6Z7TpedwupRyg+iVgyv28Pjolk=,zmmNo52qeNiOG+8eujDvZ9LXVoo=
-8,9,P6Z7TpedwupRyg+iVgyv28Pjolk=,JHp4zA21MlzV2B4jD9BEhd8IFMQ=
-9,10,P6Z7TpedwupRyg+iVgyv28Pjolk=,p1fakLjWbbsRrf0bI0r2aozzZrs=
-9,9,P6Z7TpedwupRyg+iVgyv28Pjolk=,uRad0v2+WNUjA4QiKgN9K2O2Sgw=
-6,9,P6Z7TpedwupRyg+iVgyv28Pjolk=,QFGeQUH7Ja5ar+COzR5rX9iWcWM=
-7,10,P6Z7TpedwupRyg+iVgyv28Pjolk=,xKEMJvxlpGVVB5kq1qBP25RWX/o=
-7,9,P6Z7TpedwupRyg+iVgyv28Pjolk=,JHp4zA21MlzV2B4jD9BEhd8IFMQ=
-8,10,P6Z7TpedwupRyg+iVgyv28Pjolk=,xKEMJvxlpGVVB5kq1qBP25RWX/o=
-6,10,P6Z7TpedwupRyg+iVgyv28Pjolk=,8j3sCmlbRhQNmiBBeOXYiElXoJU=
-9,5,P6Z7TpedwupRyg+iVgyv28Pjolk=,KZdQU8kwbWzLJ1fqXO5ipid8MxE=
-9,8,P6Z7TpedwupRyg+iVgyv28Pjolk=,uRad0v2+WNUjA4QiKgN9K2O2Sgw=
-7,7,P6Z7TpedwupRyg+iVgyv28Pjolk=,oj+hAJhldgiKMNPqLC2g9E6eGyg=
-7,8,P6Z7TpedwupRyg+iVgyv28Pjolk=,JHp4zA21MlzV2B4jD9BEhd8IFMQ=
-9,6,P6Z7TpedwupRyg+iVgyv28Pjolk=,2HlQ/MAcuYJsuFyBxcjIY26def4=
-6,5,P6Z7TpedwupRyg+iVgyv28Pjolk=,fW6dM43hsgt3tCrNQIVqVNsLxFM=
-6,7,P6Z7TpedwupRyg+iVgyv28Pjolk=,xAHYjf7mgR9KId09/pVvlvXFz8I=
-6,8,P6Z7TpedwupRyg+iVgyv28Pjolk=,QFGeQUH7Ja5ar+COzR5rX9iWcWM=
-8,8,P6Z7TpedwupRyg+iVgyv28Pjolk=,JHp4zA21MlzV2B4jD9BEhd8IFMQ=
-6,6,P6Z7TpedwupRyg+iVgyv28Pjolk=,xAHYjf7mgR9KId09/pVvlvXFz8I=
-7,5,P6Z7TpedwupRyg+iVgyv28Pjolk=,K0y03Zkzj8VTgoJztAnuzSGBr+A=
-8,6,P6Z7TpedwupRyg+iVgyv28Pjolk=,oj+hAJhldgiKMNPqLC2g9E6eGyg=
-8,7,P6Z7TpedwupRyg+iVgyv28Pjolk=,oj+hAJhldgiKMNPqLC2g9E6eGyg=
-8,5,P6Z7TpedwupRyg+iVgyv28Pjolk=,K0y03Zkzj8VTgoJztAnuzSGBr+A=
-9,7,P6Z7TpedwupRyg+iVgyv28Pjolk=,2HlQ/MAcuYJsuFyBxcjIY26def4=
-7,6,P6Z7TpedwupRyg+iVgyv28Pjolk=,oj+hAJhldgiKMNPqLC2g9E6eGyg=
-7,14,P6Z7TpedwupRyg+iVgyv28Pjolk=,HfW6qJilo3hRlNU7aXKB1Xc5jYY=
-6,14,P6Z7TpedwupRyg+iVgyv28Pjolk=,Nf2ssCZm2D1p8AF+22aBdYSfry0=
-7,15,P6Z7TpedwupRyg+iVgyv28Pjolk=,HfW6qJilo3hRlNU7aXKB1Xc5jYY=
-6,15,P6Z7TpedwupRyg+iVgyv28Pjolk=,Nf2ssCZm2D1p8AF+22aBdYSfry0=
-7,13,P6Z7TpedwupRyg+iVgyv28Pjolk=,XPOV2s6EryAg+2NnyPpSMw0ql5Y=
-5,14,P6Z7TpedwupRyg+iVgyv28Pjolk=,Nf2ssCZm2D1p8AF+22aBdYSfry0=
-6,13,P6Z7TpedwupRyg+iVgyv28Pjolk=,pel655GGMYnjZY6tRBjLKZpK/74=
-5,13,P6Z7TpedwupRyg+iVgyv28Pjolk=,pel655GGMYnjZY6tRBjLKZpK/74=
-2,15,P6Z7TpedwupRyg+iVgyv28Pjolk=,P+M9PrXNG+BgFv32EMAkluRR9HU=
-3,15,P6Z7TpedwupRyg+iVgyv28Pjolk=,KD9wvGhW7GJ17loN+WEywFIW3YA=
-5,15,P6Z7TpedwupRyg+iVgyv28Pjolk=,Nf2ssCZm2D1p8AF+22aBdYSfry0=
-2,14,P6Z7TpedwupRyg+iVgyv28Pjolk=,P+M9PrXNG+BgFv32EMAkluRR9HU=
-1,13,P6Z7TpedwupRyg+iVgyv28Pjolk=,iRstx/f0y9MubAwRhtrpB+UJpMQ=
-4,14,P6Z7TpedwupRyg+iVgyv28Pjolk=,KD9wvGhW7GJ17loN+WEywFIW3YA=
-1,14,P6Z7TpedwupRyg+iVgyv28Pjolk=,P+M9PrXNG+BgFv32EMAkluRR9HU=
-2,13,P6Z7TpedwupRyg+iVgyv28Pjolk=,iRstx/f0y9MubAwRhtrpB+UJpMQ=
-4,15,P6Z7TpedwupRyg+iVgyv28Pjolk=,KD9wvGhW7GJ17loN+WEywFIW3YA=
-3,14,P6Z7TpedwupRyg+iVgyv28Pjolk=,KD9wvGhW7GJ17loN+WEywFIW3YA=
-4,13,P6Z7TpedwupRyg+iVgyv28Pjolk=,uEQQKt0yfnSZt0BiQCzRAH48ayw=
-3,13,P6Z7TpedwupRyg+iVgyv28Pjolk=,uEQQKt0yfnSZt0BiQCzRAH48ayw=
-8,14,P6Z7TpedwupRyg+iVgyv28Pjolk=,HfW6qJilo3hRlNU7aXKB1Xc5jYY=
-11,13,P6Z7TpedwupRyg+iVgyv28Pjolk=,//dHoTiO2lGEy89RyB4LzO6Lsms=
-11,14,P6Z7TpedwupRyg+iVgyv28Pjolk=,oOOKz1B+RMaB1XDcvOQg4Uqvw6g=
-10,13,P6Z7TpedwupRyg+iVgyv28Pjolk=,dZiBohF37C0gJy9GGScY8vuucgI=
-9,14,P6Z7TpedwupRyg+iVgyv28Pjolk=,2XFCpw3Che6JZSZ7R/BAwHj13eE=
-9,13,P6Z7TpedwupRyg+iVgyv28Pjolk=,dZiBohF37C0gJy9GGScY8vuucgI=
-10,14,P6Z7TpedwupRyg+iVgyv28Pjolk=,2XFCpw3Che6JZSZ7R/BAwHj13eE=
-8,13,P6Z7TpedwupRyg+iVgyv28Pjolk=,XPOV2s6EryAg+2NnyPpSMw0ql5Y=
-13,11,P6Z7TpedwupRyg+iVgyv28Pjolk=,fbQjKtYQBZQKR/awyYTDbcNm+xo=
-12,12,P6Z7TpedwupRyg+iVgyv28Pjolk=,//dHoTiO2lGEy89RyB4LzO6Lsms=
-12,11,P6Z7TpedwupRyg+iVgyv28Pjolk=,8BEBbMjOB9f2WKkqZdjKZ9sTp/s=
-13,12,P6Z7TpedwupRyg+iVgyv28Pjolk=,axzPQUm9OhEeLgyL9OcEJeq1I8A=
-12,13,P6Z7TpedwupRyg+iVgyv28Pjolk=,//dHoTiO2lGEy89RyB4LzO6Lsms=
-13,13,P6Z7TpedwupRyg+iVgyv28Pjolk=,axzPQUm9OhEeLgyL9OcEJeq1I8A=
-12,14,P6Z7TpedwupRyg+iVgyv28Pjolk=,oOOKz1B+RMaB1XDcvOQg4Uqvw6g=
-13,14,P6Z7TpedwupRyg+iVgyv28Pjolk=,028OdANOP46MuxOEvcin9vFPqM4=
-16,10,P6Z7TpedwupRyg+iVgyv28Pjolk=,uXz6cOWF2lhPqRaffabmjKJOjGo=
-16,9,P6Z7TpedwupRyg+iVgyv28Pjolk=,vDjYbrLXAG+1xnbxMHw35NEQsHs=
-16,8,P6Z7TpedwupRyg+iVgyv28Pjolk=,vDjYbrLXAG+1xnbxMHw35NEQsHs=
-16,7,P6Z7TpedwupRyg+iVgyv28Pjolk=,T3kvoF08dHrtAWhPWTkwfod9roI=
-15,11,P6Z7TpedwupRyg+iVgyv28Pjolk=,uXz6cOWF2lhPqRaffabmjKJOjGo=
-15,12,P6Z7TpedwupRyg+iVgyv28Pjolk=,DqtDibep31othGmnJm1Rl7GZlAk=
-16,11,P6Z7TpedwupRyg+iVgyv28Pjolk=,uXz6cOWF2lhPqRaffabmjKJOjGo=
-14,12,P6Z7TpedwupRyg+iVgyv28Pjolk=,axzPQUm9OhEeLgyL9OcEJeq1I8A=
-14,11,P6Z7TpedwupRyg+iVgyv28Pjolk=,fbQjKtYQBZQKR/awyYTDbcNm+xo=
-16,12,P6Z7TpedwupRyg+iVgyv28Pjolk=,DqtDibep31othGmnJm1Rl7GZlAk=
-14,15,P6Z7TpedwupRyg+iVgyv28Pjolk=,028OdANOP46MuxOEvcin9vFPqM4=
-16,13,P6Z7TpedwupRyg+iVgyv28Pjolk=,DqtDibep31othGmnJm1Rl7GZlAk=
-16,14,P6Z7TpedwupRyg+iVgyv28Pjolk=,LMRV5MafCzSdb3gzPPq557IpeDs=
-15,14,P6Z7TpedwupRyg+iVgyv28Pjolk=,LMRV5MafCzSdb3gzPPq557IpeDs=
-15,13,P6Z7TpedwupRyg+iVgyv28Pjolk=,DqtDibep31othGmnJm1Rl7GZlAk=
-14,14,P6Z7TpedwupRyg+iVgyv28Pjolk=,028OdANOP46MuxOEvcin9vFPqM4=
-15,15,P6Z7TpedwupRyg+iVgyv28Pjolk=,LMRV5MafCzSdb3gzPPq557IpeDs=
-14,13,P6Z7TpedwupRyg+iVgyv28Pjolk=,axzPQUm9OhEeLgyL9OcEJeq1I8A=
-12,0,P6Z7TpedwupRyg+iVgyv28Pjolk=,hTBrO+NuRzn7HMDCNVL4lqXhm9c=
-13,0,P6Z7TpedwupRyg+iVgyv28Pjolk=,UsaG7oyQNhdeABW6o0SzANjd2gM=
-10,0,P6Z7TpedwupRyg+iVgyv28Pjolk=,ljzQENLR1TI2aCIRaYvLQCRHouk=
-11,0,P6Z7TpedwupRyg+iVgyv28Pjolk=,hTBrO+NuRzn7HMDCNVL4lqXhm9c=
-9,0,P6Z7TpedwupRyg+iVgyv28Pjolk=,ljzQENLR1TI2aCIRaYvLQCRHouk=
-8,0,P6Z7TpedwupRyg+iVgyv28Pjolk=,hsBe2IzS7t3nGIbnjDuaaO6Mq1g=
-14,5,P6Z7TpedwupRyg+iVgyv28Pjolk=,mTXEvfxI5U1e8sVLfyjqiKSVU2E=
-16,5,P6Z7TpedwupRyg+iVgyv28Pjolk=,iAn2gzL1Rd3lhI8MTcSocJhTNY8=
-14,6,P6Z7TpedwupRyg+iVgyv28Pjolk=,OnmrLEzevL9503WOFQX8hg6XP+s=
-7,0,P6Z7TpedwupRyg+iVgyv28Pjolk=,hsBe2IzS7t3nGIbnjDuaaO6Mq1g=
-4,0,P6Z7TpedwupRyg+iVgyv28Pjolk=,ud5xdefQEZxZ/myEWG0OEKO6NLE=
-15,5,P6Z7TpedwupRyg+iVgyv28Pjolk=,iAn2gzL1Rd3lhI8MTcSocJhTNY8=
-6,0,P6Z7TpedwupRyg+iVgyv28Pjolk=,0lAreJMexE6X5RqfOAp9Yd8Vo2Q=
-15,6,P6Z7TpedwupRyg+iVgyv28Pjolk=,T3kvoF08dHrtAWhPWTkwfod9roI=
-16,6,P6Z7TpedwupRyg+iVgyv28Pjolk=,T3kvoF08dHrtAWhPWTkwfod9roI=
-5,0,P6Z7TpedwupRyg+iVgyv28Pjolk=,0lAreJMexE6X5RqfOAp9Yd8Vo2Q=
-14,4,P6Z7TpedwupRyg+iVgyv28Pjolk=,mTXEvfxI5U1e8sVLfyjqiKSVU2E=
-14,3,P6Z7TpedwupRyg+iVgyv28Pjolk=,VALHNk5n/SDQD2Vd2p8xr3QlGZU=
-16,3,P6Z7TpedwupRyg+iVgyv28Pjolk=,iWv84h/XGu2nZRJftZDQS6WInY0=
-1,15,P6Z7TpedwupRyg+iVgyv28Pjolk=,P+M9PrXNG+BgFv32EMAkluRR9HU=
-15,3,P6Z7TpedwupRyg+iVgyv28Pjolk=,iWv84h/XGu2nZRJftZDQS6WInY0=
-15,4,P6Z7TpedwupRyg+iVgyv28Pjolk=,iAn2gzL1Rd3lhI8MTcSocJhTNY8=
-16,4,P6Z7TpedwupRyg+iVgyv28Pjolk=,iAn2gzL1Rd3lhI8MTcSocJhTNY8=
-1,0,P6Z7TpedwupRyg+iVgyv28Pjolk=,UbgqEJNsf8x9wvM2OqFcckNBtYI=
-16,15,P6Z7TpedwupRyg+iVgyv28Pjolk=,LMRV5MafCzSdb3gzPPq557IpeDs=
-2,0,P6Z7TpedwupRyg+iVgyv28Pjolk=,UbgqEJNsf8x9wvM2OqFcckNBtYI=
-12,15,P6Z7TpedwupRyg+iVgyv28Pjolk=,oOOKz1B+RMaB1XDcvOQg4Uqvw6g=
-8,15,P6Z7TpedwupRyg+iVgyv28Pjolk=,HfW6qJilo3hRlNU7aXKB1Xc5jYY=
-9,15,P6Z7TpedwupRyg+iVgyv28Pjolk=,2XFCpw3Che6JZSZ7R/BAwHj13eE=
-3,0,P6Z7TpedwupRyg+iVgyv28Pjolk=,ud5xdefQEZxZ/myEWG0OEKO6NLE=
-10,15,P6Z7TpedwupRyg+iVgyv28Pjolk=,2XFCpw3Che6JZSZ7R/BAwHj13eE=
-13,15,P6Z7TpedwupRyg+iVgyv28Pjolk=,028OdANOP46MuxOEvcin9vFPqM4=
-11,15,P6Z7TpedwupRyg+iVgyv28Pjolk=,oOOKz1B+RMaB1XDcvOQg4Uqvw6g=
-16,1,P6Z7TpedwupRyg+iVgyv28Pjolk=,24e4KyB2KqXqjo8fTe0sgRUa6Z8=
-14,2,P6Z7TpedwupRyg+iVgyv28Pjolk=,VALHNk5n/SDQD2Vd2p8xr3QlGZU=
-14,1,P6Z7TpedwupRyg+iVgyv28Pjolk=,UsaG7oyQNhdeABW6o0SzANjd2gM=
-15,2,P6Z7TpedwupRyg+iVgyv28Pjolk=,iWv84h/XGu2nZRJftZDQS6WInY0=
-16,2,P6Z7TpedwupRyg+iVgyv28Pjolk=,iWv84h/XGu2nZRJftZDQS6WInY0=
-15,1,P6Z7TpedwupRyg+iVgyv28Pjolk=,24e4KyB2KqXqjo8fTe0sgRUa6Z8=
-14,0,P6Z7TpedwupRyg+iVgyv28Pjolk=,UsaG7oyQNhdeABW6o0SzANjd2gM=
-15,0,P6Z7TpedwupRyg+iVgyv28Pjolk=,24e4KyB2KqXqjo8fTe0sgRUa6Z8=
-16,0,P6Z7TpedwupRyg+iVgyv28Pjolk=,24e4KyB2KqXqjo8fTe0sgRUa6Z8=
