-13,-3,2xSeda5c4+WdcPTegtAtzhFayVE=,U6qBHRBOPMNP8bseX7BlW1YwcrQ=
-12,-2,2xSeda5c4+WdcPTegtAtzhFayVE=,BQuEEHsbLhp6Qa4lnxO3WF15QN8=
-13,-2,2xSeda5c4+WdcPTegtAtzhFayVE=,sDe369daFwuMePvxc5EEAC5joWU=
-12,-3,2xSeda5c4+WdcPTegtAtzhFayVE=,TfyuAGYr/PTWTP04gPzEHT4JFQA=
-12,-4,2xSeda5c4+WdcPTegtAtzhFayVE=,TfyuAGYr/PTWTP04gPzEHT4JFQA=
-13,-4,2xSeda5c4+WdcPTegtAtzhFayVE=,U6qBHRBOPMNP8bseX7BlW1YwcrQ=
-13,-5,2xSeda5c4+WdcPTegtAtzhFayVE=,SwnIIj2MrrWPLsOjsWp6ponQizo=
-12,-5,2xSeda5c4+WdcPTegtAtzhFayVE=,BN9PmQNhX8SXU4evg9E/XeLaLZY=
-12,-7,2xSeda5c4+WdcPTegtAtzhFayVE=,2JCcEVWBQ3QfItI4XB9OTdnHsgM=
-13,-7,2xSeda5c4+WdcPTegtAtzhFayVE=,HiO0RMxuxa9MldAh9U/XjuClBhU=
-13,-6,2xSeda5c4+WdcPTegtAtzhFayVE=,SwnIIj2MrrWPLsOjsWp6ponQizo=
-12,-6,2xSeda5c4+WdcPTegtAtzhFayVE=,BN9PmQNhX8SXU4evg9E/XeLaLZY=
-12,-8,2xSeda5c4+WdcPTegtAtzhFayVE=,2JCcEVWBQ3QfItI4XB9OTdnHsgM=
-12,-9,2xSeda5c4+WdcPTegtAtzhFayVE=,dkizxZj1tYG8ITNjtPuoTfzZd+w=
-13,-9,2xSeda5c4+WdcPTegtAtzhFayVE=,FvcMKVNNhWso8cr+xa6UzTkd8Qg=
-13,-8,2xSeda5c4+WdcPTegtAtzhFayVE=,HiO0RMxuxa9MldAh9U/XjuClBhU=
-13,-11,AT9mA+sa75ipiyL5R8AuE9z31G8=,aHzlvEnMP+82NgSpm8PosZmXNgE=
-13,-10,AT9mA+sa75ipiyL5R8AuE9z31G8=,FvcMKVNNhWso8cr+xa6UzTkd8Qg=
-12,-10,AT9mA+sa75ipiyL5R8AuE9z31G8=,dkizxZj1tYG8ITNjtPuoTfzZd+w=
-12,-11,AT9mA+sa75ipiyL5R8AuE9z31G8=,ASKLAWYyqEC2NVQRSfPvccVCL14=
-12,-12,AT9mA+sa75ipiyL5R8AuE9z31G8=,ASKLAWYyqEC2NVQRSfPvccVCL14=
-13,-13,AT9mA+sa75ipiyL5R8AuE9z31G8=,rd6MpucwtN9uNRK2b0xHb21jh0I=
-13,-12,AT9mA+sa75ipiyL5R8AuE9z31G8=,aHzlvEnMP+82NgSpm8PosZmXNgE=
-12,-13,AT9mA+sa75ipiyL5R8AuE9z31G8=,yTJNZS0MxAMowLkcbr1N4LXxWJo=
-13,-15,AT9mA+sa75ipiyL5R8AuE9z31G8=,YlC6bQ4DjHZAyrB9Sc6kkdmowLg=
-13,-14,AT9mA+sa75ipiyL5R8AuE9z31G8=,rd6MpucwtN9uNRK2b0xHb21jh0I=
-12,-14,AT9mA+sa75ipiyL5R8AuE9z31G8=,yTJNZS0MxAMowLkcbr1N4LXxWJo=
-12,-15,AT9mA+sa75ipiyL5R8AuE9z31G8=,O50ULUxrq6SwfYOW/9e7EptaIXA=
-15,-14,AT9mA+sa75ipiyL5R8AuE9z31G8=,yLuo/wsE4bv6BWI5QnpXBKjDr2w=
-14,-14,AT9mA+sa75ipiyL5R8AuE9z31G8=,rd6MpucwtN9uNRK2b0xHb21jh0I=
-14,-15,AT9mA+sa75ipiyL5R8AuE9z31G8=,YlC6bQ4DjHZAyrB9Sc6kkdmowLg=
-15,-15,AT9mA+sa75ipiyL5R8AuE9z31G8=,I1oAqL33Ga75V+BwQ7KpWcLAjkM=
-8,-14,AT9mA+sa75ipiyL5R8AuE9z31G8=,IQrBcyzD3Pa+DqglXtm+JkhdXp0=
-8,-15,AT9mA+sa75ipiyL5R8AuE9z31G8=,bkVN3r09t+fVNabGM6yETKVHwdw=
-11,-15,AT9mA+sa75ipiyL5R8AuE9z31G8=,O50ULUxrq6SwfYOW/9e7EptaIXA=
-11,-14,AT9mA+sa75ipiyL5R8AuE9z31G8=,yTJNZS0MxAMowLkcbr1N4LXxWJo=
-9,-14,AT9mA+sa75ipiyL5R8AuE9z31G8=,rl+aRR7UB7q/OepuW7H3HqaqjZQ=
-10,-15,AT9mA+sa75ipiyL5R8AuE9z31G8=,cVyEL12TCHW+wduOeRkZhB9FS8c=
-10,-14,AT9mA+sa75ipiyL5R8AuE9z31G8=,rl+aRR7UB7q/OepuW7H3HqaqjZQ=
-9,-15,AT9mA+sa75ipiyL5R8AuE9z31G8=,cVyEL12TCHW+wduOeRkZhB9FS8c=
-6,-14,AT9mA+sa75ipiyL5R8AuE9z31G8=,B7AUAsbVksr8W2z8vsBykpnWTmQ=
-6,-15,AT9mA+sa75ipiyL5R8AuE9z31G8=,gUCuxf/kNtfdlbLys/0+FmtTrL4=
-7,-14,AT9mA+sa75ipiyL5R8AuE9z31G8=,IQrBcyzD3Pa+DqglXtm+JkhdXp0=
-7,-15,AT9mA+sa75ipiyL5R8AuE9z31G8=,bkVN3r09t+fVNabGM6yETKVHwdw=
-4,-15,AT9mA+sa75ipiyL5R8AuE9z31G8=,83pyqoVPGp34C04WXM3fXu/g4vA=
-5,-15,AT9mA+sa75ipiyL5R8AuE9z31G8=,gUCuxf/kNtfdlbLys/0+FmtTrL4=
-5,-14,AT9mA+sa75ipiyL5R8AuE9z31G8=,B7AUAsbVksr8W2z8vsBykpnWTmQ=
-4,-14,AT9mA+sa75ipiyL5R8AuE9z31G8=,Fhre7NPJnlZTMIyUPHHIale3G+o=
-3,-12,xo3DisgWhL2zOIHJ5OMadCE/WQo=,GbChjh0cedkZNDb2SDaMRS/dU/M=
-2,-13,xo3DisgWhL2zOIHJ5OMadCE/WQo=,oD52JMbEC+anQc9cK/diT3O+y8E=
-2,-12,xo3DisgWhL2zOIHJ5OMadCE/WQo=,rGLVeHeLjJCCF9SBbr5fllQ/MtI=
-3,-13,xo3DisgWhL2zOIHJ5OMadCE/WQo=,Fhre7NPJnlZTMIyUPHHIale3G+o=
-2,-11,xo3DisgWhL2zOIHJ5OMadCE/WQo=,rGLVeHeLjJCCF9SBbr5fllQ/MtI=
-3,-11,xo3DisgWhL2zOIHJ5OMadCE/WQo=,GbChjh0cedkZNDb2SDaMRS/dU/M=
-2,-10,xo3DisgWhL2zOIHJ5OMadCE/WQo=,oz2e1cl2Fhba99dFdWA15i5hpec=
-3,-10,xo3DisgWhL2zOIHJ5OMadCE/WQo=,hqgVSBoim6HmEP3I0l9kfpvFEtI=
-2,-9,xo3DisgWhL2zOIHJ5OMadCE/WQo=,oz2e1cl2Fhba99dFdWA15i5hpec=
-3,-8,xo3DisgWhL2zOIHJ5OMadCE/WQo=,WLrsa0TCNf43O5WeveUD/3/S44w=
-2,-8,xo3DisgWhL2zOIHJ5OMadCE/WQo=,8oJTMP3pMuR1Vzz5hVIpaqjr6jI=
-3,-9,xo3DisgWhL2zOIHJ5OMadCE/WQo=,hqgVSBoim6HmEP3I0l9kfpvFEtI=
-5,-7,xo3DisgWhL2zOIHJ5OMadCE/WQo=,ELZl96A7JbC+HsnPkh9pl9osvCI=
-4,-6,xo3DisgWhL2zOIHJ5OMadCE/WQo=,wrTA4u9ysDTi6Ga1YJLVsvvibng=
-5,-6,xo3DisgWhL2zOIHJ5OMadCE/WQo=,fKoGtdvOdj54sdIT9+DXqcVxEwQ=
-4,-7,xo3DisgWhL2zOIHJ5OMadCE/WQo=,WLrsa0TCNf43O5WeveUD/3/S44w=
-5,-8,xo3DisgWhL2zOIHJ5OMadCE/WQo=,ELZl96A7JbC+HsnPkh9pl9osvCI=
-4,-8,xo3DisgWhL2zOIHJ5OMadCE/WQo=,WLrsa0TCNf43O5WeveUD/3/S44w=
-5,-9,xo3DisgWhL2zOIHJ5OMadCE/WQo=,eNnUYIak2kx5fCbWKd8sXb4FvEU=
-4,-9,xo3DisgWhL2zOIHJ5OMadCE/WQo=,hqgVSBoim6HmEP3I0l9kfpvFEtI=
-3,-6,xo3DisgWhL2zOIHJ5OMadCE/WQo=,wrTA4u9ysDTi6Ga1YJLVsvvibng=
-3,-7,xo3DisgWhL2zOIHJ5OMadCE/WQo=,WLrsa0TCNf43O5WeveUD/3/S44w=
-2,-6,xo3DisgWhL2zOIHJ5OMadCE/WQo=,7hQoMjTr8n6eQ5VfehEw0rwxnmA=
-2,-7,xo3DisgWhL2zOIHJ5OMadCE/WQo=,8oJTMP3pMuR1Vzz5hVIpaqjr6jI=
-10,-8,xo3DisgWhL2zOIHJ5OMadCE/WQo=,+LM3v4rYMRSMXoxyK2JGtJcpJ2I=
-11,-8,xo3DisgWhL2zOIHJ5OMadCE/WQo=,2JCcEVWBQ3QfItI4XB9OTdnHsgM=
-11,-9,xo3DisgWhL2zOIHJ5OMadCE/WQo=,dkizxZj1tYG8ITNjtPuoTfzZd+w=
-7,-9,xo3DisgWhL2zOIHJ5OMadCE/WQo=,Ce9YrdSLVvyMu9yS/P4n2DqP3fE=
-10,-9,xo3DisgWhL2zOIHJ5OMadCE/WQo=,63Omo87kb4qhQc0O8OI6iPIjPlo=
-7,-8,xo3DisgWhL2zOIHJ5OMadCE/WQo=,t1rcG+cOPsJ7E/aS2vWPRG/boME=
-9,-8,xo3DisgWhL2zOIHJ5OMadCE/WQo=,+LM3v4rYMRSMXoxyK2JGtJcpJ2I=
-6,-8,xo3DisgWhL2zOIHJ5OMadCE/WQo=,ELZl96A7JbC+HsnPkh9pl9osvCI=
-8,-8,xo3DisgWhL2zOIHJ5OMadCE/WQo=,t1rcG+cOPsJ7E/aS2vWPRG/boME=
-6,-9,xo3DisgWhL2zOIHJ5OMadCE/WQo=,eNnUYIak2kx5fCbWKd8sXb4FvEU=
-8,-9,xo3DisgWhL2zOIHJ5OMadCE/WQo=,Ce9YrdSLVvyMu9yS/P4n2DqP3fE=
-9,-9,xo3DisgWhL2zOIHJ5OMadCE/WQo=,63Omo87kb4qhQc0O8OI6iPIjPlo=
-7,-6,xo3DisgWhL2zOIHJ5OMadCE/WQo=,c4+69RU2FDGGQnPctEQLbaEN0Cw=
-7,-7,xo3DisgWhL2zOIHJ5OMadCE/WQo=,t1rcG+cOPsJ7E/aS2vWPRG/boME=
-6,-7,xo3DisgWhL2zOIHJ5OMadCE/WQo=,ELZl96A7JbC+HsnPkh9pl9osvCI=
-6,-6,xo3DisgWhL2zOIHJ5OMadCE/WQo=,fKoGtdvOdj54sdIT9+DXqcVxEwQ=
-9,-6,xo3DisgWhL2zOIHJ5OMadCE/WQo=,hkbJ9wEpUf/IpxWkLY/p8eJAFqo=
-8,-6,xo3DisgWhL2zOIHJ5OMadCE/WQo=,c4+69RU2FDGGQnPctEQLbaEN0Cw=
-11,-7,H1ZeKbGsxAUjF4PHaUItHR26r3U=,2JCcEVWBQ3QfItI4XB9OTdnHsgM=
-11,-6,H1ZeKbGsxAUjF4PHaUItHR26r3U=,BN9PmQNhX8SXU4evg9E/XeLaLZY=
-8,-7,H1ZeKbGsxAUjF4PHaUItHR26r3U=,t1rcG+cOPsJ7E/aS2vWPRG/boME=
-9,-7,H1ZeKbGsxAUjF4PHaUItHR26r3U=,+LM3v4rYMRSMXoxyK2JGtJcpJ2I=
-10,-7,H1ZeKbGsxAUjF4PHaUItHR26r3U=,+LM3v4rYMRSMXoxyK2JGtJcpJ2I=
-9,-5,H1ZeKbGsxAUjF4PHaUItHR26r3U=,hkbJ9wEpUf/IpxWkLY/p8eJAFqo=
-10,-6,H1ZeKbGsxAUjF4PHaUItHR26r3U=,hkbJ9wEpUf/IpxWkLY/p8eJAFqo=
-9,-4,H1ZeKbGsxAUjF4PHaUItHR26r3U=,UPyidj7TDVT512Xjcwk2YITFVLU=
-8,-5,H1ZeKbGsxAUjF4PHaUItHR26r3U=,c4+69RU2FDGGQnPctEQLbaEN0Cw=
-8,-4,H1ZeKbGsxAUjF4PHaUItHR26r3U=,TCcAKrGKF5lQsRTHexASMiSq5oc=
-10,-4,H1ZeKbGsxAUjF4PHaUItHR26r3U=,UPyidj7TDVT512Xjcwk2YITFVLU=
-10,-5,H1ZeKbGsxAUjF4PHaUItHR26r3U=,hkbJ9wEpUf/IpxWkLY/p8eJAFqo=
-11,-5,H1ZeKbGsxAUjF4PHaUItHR26r3U=,BN9PmQNhX8SXU4evg9E/XeLaLZY=
-11,-4,H1ZeKbGsxAUjF4PHaUItHR26r3U=,TfyuAGYr/PTWTP04gPzEHT4JFQA=
-11,-10,H1ZeKbGsxAUjF4PHaUItHR26r3U=,dkizxZj1tYG8ITNjtPuoTfzZd+w=
-11,-12,H1ZeKbGsxAUjF4PHaUItHR26r3U=,ASKLAWYyqEC2NVQRSfPvccVCL14=
-11,-13,H1ZeKbGsxAUjF4PHaUItHR26r3U=,yTJNZS0MxAMowLkcbr1N4LXxWJo=
-10,-10,H1ZeKbGsxAUjF4PHaUItHR26r3U=,63Omo87kb4qhQc0O8OI6iPIjPlo=
-10,-12,H1ZeKbGsxAUjF4PHaUItHR26r3U=,xZb/hcdmHmt2S+V5LR7m4vrWCbE=
-10,-11,H1ZeKbGsxAUjF4PHaUItHR26r3U=,xZb/hcdmHmt2S+V5LR7m4vrWCbE=
-11,-11,H1ZeKbGsxAUjF4PHaUItHR26r3U=,ASKLAWYyqEC2NVQRSfPvccVCL14=
-10,-13,H1ZeKbGsxAUjF4PHaUItHR26r3U=,rl+aRR7UB7q/OepuW7H3HqaqjZQ=
-10,-3,H1ZeKbGsxAUjF4PHaUItHR26r3U=,UPyidj7TDVT512Xjcwk2YITFVLU=
-11,-2,H1ZeKbGsxAUjF4PHaUItHR26r3U=,BQuEEHsbLhp6Qa4lnxO3WF15QN8=
-10,-2,H1ZeKbGsxAUjF4PHaUItHR26r3U=,KEwl3CsxTrXFthj1l+durnrmhhY=
-11,-3,H1ZeKbGsxAUjF4PHaUItHR26r3U=,TfyuAGYr/PTWTP04gPzEHT4JFQA=
-5,-11,H1ZeKbGsxAUjF4PHaUItHR26r3U=,utm19pXcd/BvypWAMRMTuYJZ2mw=
-4,-11,H1ZeKbGsxAUjF4PHaUItHR26r3U=,GbChjh0cedkZNDb2SDaMRS/dU/M=
-4,-10,H1ZeKbGsxAUjF4PHaUItHR26r3U=,hqgVSBoim6HmEP3I0l9kfpvFEtI=
-5,-10,H1ZeKbGsxAUjF4PHaUItHR26r3U=,eNnUYIak2kx5fCbWKd8sXb4FvEU=
-5,-12,H1ZeKbGsxAUjF4PHaUItHR26r3U=,utm19pXcd/BvypWAMRMTuYJZ2mw=
-4,-12,H1ZeKbGsxAUjF4PHaUItHR26r3U=,GbChjh0cedkZNDb2SDaMRS/dU/M=
-4,-13,H1ZeKbGsxAUjF4PHaUItHR26r3U=,Fhre7NPJnlZTMIyUPHHIale3G+o=
-5,-13,H1ZeKbGsxAUjF4PHaUItHR26r3U=,B7AUAsbVksr8W2z8vsBykpnWTmQ=
-6,-12,H1ZeKbGsxAUjF4PHaUItHR26r3U=,utm19pXcd/BvypWAMRMTuYJZ2mw=
-6,-13,H1ZeKbGsxAUjF4PHaUItHR26r3U=,B7AUAsbVksr8W2z8vsBykpnWTmQ=
-6,-11,H1ZeKbGsxAUjF4PHaUItHR26r3U=,utm19pXcd/BvypWAMRMTuYJZ2mw=
-6,-10,H1ZeKbGsxAUjF4PHaUItHR26r3U=,eNnUYIak2kx5fCbWKd8sXb4FvEU=
-7,-13,H1ZeKbGsxAUjF4PHaUItHR26r3U=,IQrBcyzD3Pa+DqglXtm+JkhdXp0=
-7,-11,H1ZeKbGsxAUjF4PHaUItHR26r3U=,VFL6kjdLk6UvVwCyau1E/2g/ujQ=
-7,-10,H1ZeKbGsxAUjF4PHaUItHR26r3U=,Ce9YrdSLVvyMu9yS/P4n2DqP3fE=
-8,-10,H1ZeKbGsxAUjF4PHaUItHR26r3U=,Ce9YrdSLVvyMu9yS/P4n2DqP3fE=
-8,-11,H1ZeKbGsxAUjF4PHaUItHR26r3U=,VFL6kjdLk6UvVwCyau1E/2g/ujQ=
-9,-13,H1ZeKbGsxAUjF4PHaUItHR26r3U=,rl+aRR7UB7q/OepuW7H3HqaqjZQ=
-8,-13,H1ZeKbGsxAUjF4PHaUItHR26r3U=,IQrBcyzD3Pa+DqglXtm+JkhdXp0=
-9,-12,H1ZeKbGsxAUjF4PHaUItHR26r3U=,xZb/hcdmHmt2S+V5LR7m4vrWCbE=
-9,-11,H1ZeKbGsxAUjF4PHaUItHR26r3U=,xZb/hcdmHmt2S+V5LR7m4vrWCbE=
-9,-10,H1ZeKbGsxAUjF4PHaUItHR26r3U=,63Omo87kb4qhQc0O8OI6iPIjPlo=
-7,-12,H1ZeKbGsxAUjF4PHaUItHR26r3U=,VFL6kjdLk6UvVwCyau1E/2g/ujQ=
-8,-12,H1ZeKbGsxAUjF4PHaUItHR26r3U=,VFL6kjdLk6UvVwCyau1E/2g/ujQ=
-9,-3,H1ZeKbGsxAUjF4PHaUItHR26r3U=,UPyidj7TDVT512Xjcwk2YITFVLU=
-8,-3,H1ZeKbGsxAUjF4PHaUItHR26r3U=,TCcAKrGKF5lQsRTHexASMiSq5oc=
-9,-2,H1ZeKbGsxAUjF4PHaUItHR26r3U=,KEwl3CsxTrXFthj1l+durnrmhhY=
-8,-2,H1ZeKbGsxAUjF4PHaUItHR26r3U=,N+IaQbGvDf5uSwpzznWjwkG7iNc=
-7,-5,H1ZeKbGsxAUjF4PHaUItHR26r3U=,c4+69RU2FDGGQnPctEQLbaEN0Cw=
-6,-4,H1ZeKbGsxAUjF4PHaUItHR26r3U=,tqNs8cvrr3IdD791VcMNubQR0Mg=
-6,-5,H1ZeKbGsxAUjF4PHaUItHR26r3U=,fKoGtdvOdj54sdIT9+DXqcVxEwQ=
-7,-4,H1ZeKbGsxAUjF4PHaUItHR26r3U=,TCcAKrGKF5lQsRTHexASMiSq5oc=
-7,-3,H1ZeKbGsxAUjF4PHaUItHR26r3U=,TCcAKrGKF5lQsRTHexASMiSq5oc=
-6,-2,H1ZeKbGsxAUjF4PHaUItHR26r3U=,aXb8QWI4B/F7KExho0Plibgx+vw=
-6,-3,H1ZeKbGsxAUjF4PHaUItHR26r3U=,tqNs8cvrr3IdD791VcMNubQR0Mg=
-7,-2,H1ZeKbGsxAUjF4PHaUItHR26r3U=,N+IaQbGvDf5uSwpzznWjwkG7iNc=
-5,-4,H1ZeKbGsxAUjF4PHaUItHR26r3U=,tqNs8cvrr3IdD791VcMNubQR0Mg=
-5,-5,H1ZeKbGsxAUjF4PHaUItHR26r3U=,fKoGtdvOdj54sdIT9+DXqcVxEwQ=
-4,-4,H1ZeKbGsxAUjF4PHaUItHR26r3U=,Jl7T26F7WXsq1CalIC7PLb+cBPI=
-5,-2,H1ZeKbGsxAUjF4PHaUItHR26r3U=,aXb8QWI4B/F7KExho0Plibgx+vw=
-4,-3,H1ZeKbGsxAUjF4PHaUItHR26r3U=,Jl7T26F7WXsq1CalIC7PLb+cBPI=
-4,-2,H1ZeKbGsxAUjF4PHaUItHR26r3U=,Z6z82zWGBabktxuGziAhuHewrb4=
-4,-1,H1ZeKbGsxAUjF4PHaUItHR26r3U=,Z6z82zWGBabktxuGziAhuHewrb4=
-4,-5,H1ZeKbGsxAUjF4PHaUItHR26r3U=,wrTA4u9ysDTi6Ga1YJLVsvvibng=
-5,-1,H1ZeKbGsxAUjF4PHaUItHR26r3U=,aXb8QWI4B/F7KExho0Plibgx+vw=
-5,-3,H1ZeKbGsxAUjF4PHaUItHR26r3U=,tqNs8cvrr3IdD791VcMNubQR0Mg=
-6,-1,H1ZeKbGsxAUjF4PHaUItHR26r3U=,aXb8QWI4B/F7KExho0Plibgx+vw=
-7,-1,H1ZeKbGsxAUjF4PHaUItHR26r3U=,N+IaQbGvDf5uSwpzznWjwkG7iNc=
-9,-1,H1ZeKbGsxAUjF4PHaUItHR26r3U=,KEwl3CsxTrXFthj1l+durnrmhhY=
-10,-1,H1ZeKbGsxAUjF4PHaUItHR26r3U=,KEwl3CsxTrXFthj1l+durnrmhhY=
-8,-1,axE7NyDiNp5bCeDCvFAAAECGoHY=,N+IaQbGvDf5uSwpzznWjwkG7iNc=
-11,-1,axE7NyDiNp5bCeDCvFAAAECGoHY=,BQuEEHsbLhp6Qa4lnxO3WF15QN8=
-12,-1,axE7NyDiNp5bCeDCvFAAAECGoHY=,BQuEEHsbLhp6Qa4lnxO3WF15QN8=
-13,-1,axE7NyDiNp5bCeDCvFAAAECGoHY=,sDe369daFwuMePvxc5EEAC5joWU=
-2,-4,axE7NyDiNp5bCeDCvFAAAECGoHY=,07le84+V+dzyFaueUJsor1QL7os=
-3,-4,axE7NyDiNp5bCeDCvFAAAECGoHY=,Jl7T26F7WXsq1CalIC7PLb+cBPI=
-2,-5,axE7NyDiNp5bCeDCvFAAAECGoHY=,7hQoMjTr8n6eQ5VfehEw0rwxnmA=
-3,-5,axE7NyDiNp5bCeDCvFAAAECGoHY=,wrTA4u9ysDTi6Ga1YJLVsvvibng=
-1,-3,axE7NyDiNp5bCeDCvFAAAECGoHY=,07le84+V+dzyFaueUJsor1QL7os=
-3,-3,axE7NyDiNp5bCeDCvFAAAECGoHY=,Jl7T26F7WXsq1CalIC7PLb+cBPI=
-2,-3,axE7NyDiNp5bCeDCvFAAAECGoHY=,07le84+V+dzyFaueUJsor1QL7os=
-1,-2,axE7NyDiNp5bCeDCvFAAAECGoHY=,tZSbrp2dJYbsaSLijoPdrlcmG1c=
-3,-2,axE7NyDiNp5bCeDCvFAAAECGoHY=,Z6z82zWGBabktxuGziAhuHewrb4=
-2,-2,axE7NyDiNp5bCeDCvFAAAECGoHY=,tZSbrp2dJYbsaSLijoPdrlcmG1c=
-2,-1,axE7NyDiNp5bCeDCvFAAAECGoHY=,tZSbrp2dJYbsaSLijoPdrlcmG1c=
-3,-1,axE7NyDiNp5bCeDCvFAAAECGoHY=,Z6z82zWGBabktxuGziAhuHewrb4=
-15,-2,axE7NyDiNp5bCeDCvFAAAECGoHY=,7I0ig1rbk9AD5J9U/bL8pz/ReZk=
-14,-3,axE7NyDiNp5bCeDCvFAAAECGoHY=,U6qBHRBOPMNP8bseX7BlW1YwcrQ=
-14,-2,axE7NyDiNp5bCeDCvFAAAECGoHY=,sDe369daFwuMePvxc5EEAC5joWU=
-15,-3,axE7NyDiNp5bCeDCvFAAAECGoHY=,vJJOF0D+Llot6zxghwJ8wtLXAek=
-14,-5,axE7NyDiNp5bCeDCvFAAAECGoHY=,SwnIIj2MrrWPLsOjsWp6ponQizo=
-14,-4,axE7NyDiNp5bCeDCvFAAAECGoHY=,U6qBHRBOPMNP8bseX7BlW1YwcrQ=
-15,-5,axE7NyDiNp5bCeDCvFAAAECGoHY=,DkFFIMPDP+URv94PuSAax0ZznQg=
-15,-4,axE7NyDiNp5bCeDCvFAAAECGoHY=,vJJOF0D+Llot6zxghwJ8wtLXAek=
-16,-7,axE7NyDiNp5bCeDCvFAAAECGoHY=,6DDU0PEV8Ns0UU8WnxjgF1zL49E=
-16,-6,axE7NyDiNp5bCeDCvFAAAECGoHY=,DkFFIMPDP+URv94PuSAax0ZznQg=
-15,-6,axE7NyDiNp5bCeDCvFAAAECGoHY=,DkFFIMPDP+URv94PuSAax0ZznQg=
-15,-7,axE7NyDiNp5bCeDCvFAAAECGoHY=,6DDU0PEV8Ns0UU8WnxjgF1zL49E=
-14,-7,axE7NyDiNp5bCeDCvFAAAECGoHY=,HiO0RMxuxa9MldAh9U/XjuClBhU=
-14,-6,axE7NyDiNp5bCeDCvFAAAECGoHY=,SwnIIj2MrrWPLsOjsWp6ponQizo=
-16,-15,axE7NyDiNp5bCeDCvFAAAECGoHY=,I1oAqL33Ga75V+BwQ7KpWcLAjkM=
-16,-14,axE7NyDiNp5bCeDCvFAAAECGoHY=,yLuo/wsE4bv6BWI5QnpXBKjDr2w=
-14,-16,axE7NyDiNp5bCeDCvFAAAECGoHY=,YlC6bQ4DjHZAyrB9Sc6kkdmowLg=
-13,-16,axE7NyDiNp5bCeDCvFAAAECGoHY=,YlC6bQ4DjHZAyrB9Sc6kkdmowLg=
-12,-16,axE7NyDiNp5bCeDCvFAAAECGoHY=,O50ULUxrq6SwfYOW/9e7EptaIXA=
-11,-16,axE7NyDiNp5bCeDCvFAAAECGoHY=,O50ULUxrq6SwfYOW/9e7EptaIXA=
-15,-16,axE7NyDiNp5bCeDCvFAAAECGoHY=,I1oAqL33Ga75V+BwQ7KpWcLAjkM=
-10,-16,axE7NyDiNp5bCeDCvFAAAECGoHY=,cVyEL12TCHW+wduOeRkZhB9FS8c=
-8,-16,axE7NyDiNp5bCeDCvFAAAECGoHY=,bkVN3r09t+fVNabGM6yETKVHwdw=
-4,-16,axE7NyDiNp5bCeDCvFAAAECGoHY=,83pyqoVPGp34C04WXM3fXu/g4vA=
-6,-16,axE7NyDiNp5bCeDCvFAAAECGoHY=,gUCuxf/kNtfdlbLys/0+FmtTrL4=
-9,-16,axE7NyDiNp5bCeDCvFAAAECGoHY=,cVyEL12TCHW+wduOeRkZhB9FS8c=
-7,-16,axE7NyDiNp5bCeDCvFAAAECGoHY=,bkVN3r09t+fVNabGM6yETKVHwdw=
-5,-16,axE7NyDiNp5bCeDCvFAAAECGoHY=,gUCuxf/kNtfdlbLys/0+FmtTrL4=
-16,-8,axE7NyDiNp5bCeDCvFAAAECGoHY=,6DDU0PEV8Ns0UU8WnxjgF1zL49E=
-16,-9,axE7NyDiNp5bCeDCvFAAAECGoHY=,2Qk8g4Cz3lOOP3nqtN5VwvlkwAY=
-14,-9,axE7NyDiNp5bCeDCvFAAAECGoHY=,FvcMKVNNhWso8cr+xa6UzTkd8Qg=
-14,-8,axE7NyDiNp5bCeDCvFAAAECGoHY=,HiO0RMxuxa9MldAh9U/XjuClBhU=
-15,-9,axE7NyDiNp5bCeDCvFAAAECGoHY=,2Qk8g4Cz3lOOP3nqtN5VwvlkwAY=
-15,-8,axE7NyDiNp5bCeDCvFAAAECGoHY=,6DDU0PEV8Ns0UU8WnxjgF1zL49E=
-1,-13,axE7NyDiNp5bCeDCvFAAAECGoHY=,oD52JMbEC+anQc9cK/diT3O+y8E=
-1,-12,axE7NyDiNp5bCeDCvFAAAECGoHY=,rGLVeHeLjJCCF9SBbr5fllQ/MtI=
-1,-11,axE7NyDiNp5bCeDCvFAAAECGoHY=,rGLVeHeLjJCCF9SBbr5fllQ/MtI=
-1,-10,axE7NyDiNp5bCeDCvFAAAECGoHY=,oz2e1cl2Fhba99dFdWA15i5hpec=
-1,-9,axE7NyDiNp5bCeDCvFAAAECGoHY=,oz2e1cl2Fhba99dFdWA15i5hpec=
-1,-8,axE7NyDiNp5bCeDCvFAAAECGoHY=,8oJTMP3pMuR1Vzz5hVIpaqjr6jI=
-1,-4,axE7NyDiNp5bCeDCvFAAAECGoHY=,07le84+V+dzyFaueUJsor1QL7os=
-1,-7,axE7NyDiNp5bCeDCvFAAAECGoHY=,8oJTMP3pMuR1Vzz5hVIpaqjr6jI=
-1,-5,axE7NyDiNp5bCeDCvFAAAECGoHY=,7hQoMjTr8n6eQ5VfehEw0rwxnmA=
-1,-6,axE7NyDiNp5bCeDCvFAAAECGoHY=,7hQoMjTr8n6eQ5VfehEw0rwxnmA=
-14,-1,axE7NyDiNp5bCeDCvFAAAECGoHY=,sDe369daFwuMePvxc5EEAC5joWU=
-15,-1,axE7NyDiNp5bCeDCvFAAAECGoHY=,7I0ig1rbk9AD5J9U/bL8pz/ReZk=
-16,-4,axE7NyDiNp5bCeDCvFAAAECGoHY=,vJJOF0D+Llot6zxghwJ8wtLXAek=
-16,-2,axE7NyDiNp5bCeDCvFAAAECGoHY=,7I0ig1rbk9AD5J9U/bL8pz/ReZk=
-16,-3,axE7NyDiNp5bCeDCvFAAAECGoHY=,vJJOF0D+Llot6zxghwJ8wtLXAek=
-16,-1,axE7NyDiNp5bCeDCvFAAAECGoHY=,7I0ig1rbk9AD5J9U/bL8pz/ReZk=
-16,-16,axE7NyDiNp5bCeDCvFAAAECGoHY=,I1oAqL33Ga75V+BwQ7KpWcLAjkM=
-1,-1,axE7NyDiNp5bCeDCvFAAAECGoHY=,tZSbrp2dJYbsaSLijoPdrlcmG1c=
-16,-5,axE7NyDiNp5bCeDCvFAAAECGoHY=,DkFFIMPDP+URv94PuSAax0ZznQg=
-15,-13,axE7NyDiNp5bCeDCvFAAAECGoHY=,yLuo/wsE4bv6BWI5QnpXBKjDr2w=
-14,-13,axE7NyDiNp5bCeDCvFAAAECGoHY=,rd6MpucwtN9uNRK2b0xHb21jh0I=
-16,-10,axE7NyDiNp5bCeDCvFAAAECGoHY=,2Qk8g4Cz3lOOP3nqtN5VwvlkwAY=
-16,-11,axE7NyDiNp5bCeDCvFAAAECGoHY=,zxGVpn+EX+ckrn2Vgu4rq8LDEjI=
-15,-10,axE7NyDiNp5bCeDCvFAAAECGoHY=,2Qk8g4Cz3lOOP3nqtN5VwvlkwAY=
-15,-12,axE7NyDiNp5bCeDCvFAAAECGoHY=,zxGVpn+EX+ckrn2Vgu4rq8LDEjI=
-15,-11,axE7NyDiNp5bCeDCvFAAAECGoHY=,zxGVpn+EX+ckrn2Vgu4rq8LDEjI=
-16,-12,axE7NyDiNp5bCeDCvFAAAECGoHY=,zxGVpn+EX+ckrn2Vgu4rq8LDEjI=
-14,-10,axE7NyDiNp5bCeDCvFAAAECGoHY=,FvcMKVNNhWso8cr+xa6UzTkd8Qg=
-3,-16,axE7NyDiNp5bCeDCvFAAAECGoHY=,83pyqoVPGp34C04WXM3fXu/g4vA=
-14,-11,axE7NyDiNp5bCeDCvFAAAECGoHY=,aHzlvEnMP+82NgSpm8PosZmXNgE=
-14,-12,axE7NyDiNp5bCeDCvFAAAECGoHY=,aHzlvEnMP+82NgSpm8PosZmXNgE=
-16,-13,axE7NyDiNp5bCeDCvFAAAECGoHY=,yLuo/wsE4bv6BWI5QnpXBKjDr2w=
-2,-16,axE7NyDiNp5bCeDCvFAAAECGoHY=,99es7/MhJ9SJ/RIV7f25JSNfCb8=
-1,-14,axE7NyDiNp5bCeDCvFAAAECGoHY=,oD52JMbEC+anQc9cK/diT3O+y8E=
-1,-15,axE7NyDiNp5bCeDCvFAAAECGoHY=,99es7/MhJ9SJ/RIV7f25JSNfCb8=
-3,-15,axE7NyDiNp5bCeDCvFAAAECGoHY=,83pyqoVPGp34C04WXM3fXu/g4vA=
-2,-15,axE7NyDiNp5bCeDCvFAAAECGoHY=,99es7/MhJ9SJ/RIV7f25JSNfCb8=
-1,-16,axE7NyDiNp5bCeDCvFAAAECGoHY=,99es7/MhJ9SJ/RIV7f25JSNfCb8=
-3,-14,axE7NyDiNp5bCeDCvFAAAECGoHY=,Fhre7NPJnlZTMIyUPHHIale3G+o=
-2,-14,axE7NyDiNp5bCeDCvFAAAECGoHY=,oD52JMbEC+anQc9cK/diT3O+y8E=
-5,-28,axE7NyDiNp5bCeDCvFAAAECGoHY=,kvGyMAmpgejf+Px0uWHwUJyo1GI=
-4,-28,axE7NyDiNp5bCeDCvFAAAECGoHY=,biJeSRfX9JcdlXAD5BrKMkmZE7o=
-5,-29,axE7NyDiNp5bCeDCvFAAAECGoHY=,sbvDZNQ4uS79SyQSU0+r6tqdZ10=
-4,-29,axE7NyDiNp5bCeDCvFAAAECGoHY=,oVA9O+bUUkzAy0QBQALuLYla4iY=
-3,-27,axE7NyDiNp5bCeDCvFAAAECGoHY=,biJeSRfX9JcdlXAD5BrKMkmZE7o=
-2,-26,axE7NyDiNp5bCeDCvFAAAECGoHY=,/si3Jt9IQghubJFZI+JSx6dAQDk=
-2,-27,axE7NyDiNp5bCeDCvFAAAECGoHY=,23vd90SIDyz7JRoi0NB92HScB70=
-3,-26,axE7NyDiNp5bCeDCvFAAAECGoHY=,BXdlgS1cELsW7+xBtSKnvVi+3FU=
-3,-25,axE7NyDiNp5bCeDCvFAAAECGoHY=,BXdlgS1cELsW7+xBtSKnvVi+3FU=
-3,-24,axE7NyDiNp5bCeDCvFAAAECGoHY=,ncRSUOIJP97LnqqKlhFiStAp4kI=
-2,-25,axE7NyDiNp5bCeDCvFAAAECGoHY=,/si3Jt9IQghubJFZI+JSx6dAQDk=
-2,-24,axE7NyDiNp5bCeDCvFAAAECGoHY=,pPvKxG22EIGP9IvDL7XXm6zqx3Q=
-2,-22,axE7NyDiNp5bCeDCvFAAAECGoHY=,16G32uD14NFtq4RWKb9M8AiyrW0=
-3,-23,axE7NyDiNp5bCeDCvFAAAECGoHY=,ncRSUOIJP97LnqqKlhFiStAp4kI=
-3,-22,axE7NyDiNp5bCeDCvFAAAECGoHY=,74DopJiQ3SYgzdiGtnCwPbPXigQ=
-2,-23,axE7NyDiNp5bCeDCvFAAAECGoHY=,pPvKxG22EIGP9IvDL7XXm6zqx3Q=
-4,-20,1avZsIW8nLlMW6aOYLtun3KxrIY=,bkarf59HaiojL8ZsCWD5rbIRCaE=
-5,-20,1avZsIW8nLlMW6aOYLtun3KxrIY=,AmhhlCObslrROGwUIbOdB4Tv1tM=
-4,-21,1avZsIW8nLlMW6aOYLtun3KxrIY=,74DopJiQ3SYgzdiGtnCwPbPXigQ=
-5,-21,1avZsIW8nLlMW6aOYLtun3KxrIY=,BNNcuApPrO0x/oTjdSct1wkTkS0=
-3,-20,1avZsIW8nLlMW6aOYLtun3KxrIY=,bkarf59HaiojL8ZsCWD5rbIRCaE=
-2,-20,1avZsIW8nLlMW6aOYLtun3KxrIY=,AbWxm8Sm1MyzMdYlmtsY1oU1eNg=
-2,-21,1avZsIW8nLlMW6aOYLtun3KxrIY=,16G32uD14NFtq4RWKb9M8AiyrW0=
-5,-18,1avZsIW8nLlMW6aOYLtun3KxrIY=,uX75tpnj1ZBGc38A3h+IRp5RAfw=
-3,-21,1avZsIW8nLlMW6aOYLtun3KxrIY=,74DopJiQ3SYgzdiGtnCwPbPXigQ=
-4,-18,1avZsIW8nLlMW6aOYLtun3KxrIY=,H5vOVoqzy+cyYmPvN9APcEXd+Bo=
-4,-19,1avZsIW8nLlMW6aOYLtun3KxrIY=,bkarf59HaiojL8ZsCWD5rbIRCaE=
-5,-19,1avZsIW8nLlMW6aOYLtun3KxrIY=,AmhhlCObslrROGwUIbOdB4Tv1tM=
-6,-18,1avZsIW8nLlMW6aOYLtun3KxrIY=,uX75tpnj1ZBGc38A3h+IRp5RAfw=
-7,-19,1avZsIW8nLlMW6aOYLtun3KxrIY=,1cEhhKg6PXMdrCLSw07MnJabr6g=
-6,-19,1avZsIW8nLlMW6aOYLtun3KxrIY=,AmhhlCObslrROGwUIbOdB4Tv1tM=
-6,-20,1avZsIW8nLlMW6aOYLtun3KxrIY=,AmhhlCObslrROGwUIbOdB4Tv1tM=
-7,-18,1avZsIW8nLlMW6aOYLtun3KxrIY=,0DeIJZ/gTNvzn4ylFpa50b8sBMs=
-7,-20,1avZsIW8nLlMW6aOYLtun3KxrIY=,1cEhhKg6PXMdrCLSw07MnJabr6g=
-6,-21,1avZsIW8nLlMW6aOYLtun3KxrIY=,BNNcuApPrO0x/oTjdSct1wkTkS0=
-7,-21,1avZsIW8nLlMW6aOYLtun3KxrIY=,rrq8oeEVW9ZYUoInBUbGCIDfkyI=
-5,-27,1avZsIW8nLlMW6aOYLtun3KxrIY=,kvGyMAmpgejf+Px0uWHwUJyo1GI=
-4,-27,1avZsIW8nLlMW6aOYLtun3KxrIY=,biJeSRfX9JcdlXAD5BrKMkmZE7o=
-5,-26,1avZsIW8nLlMW6aOYLtun3KxrIY=,QFF5Uc/jTlhOLGB42H6NC6acAiI=
-4,-26,1avZsIW8nLlMW6aOYLtun3KxrIY=,BXdlgS1cELsW7+xBtSKnvVi+3FU=
-4,-24,1avZsIW8nLlMW6aOYLtun3KxrIY=,ncRSUOIJP97LnqqKlhFiStAp4kI=
-4,-25,1avZsIW8nLlMW6aOYLtun3KxrIY=,BXdlgS1cELsW7+xBtSKnvVi+3FU=
-4,-22,1avZsIW8nLlMW6aOYLtun3KxrIY=,74DopJiQ3SYgzdiGtnCwPbPXigQ=
-4,-23,1avZsIW8nLlMW6aOYLtun3KxrIY=,ncRSUOIJP97LnqqKlhFiStAp4kI=
-5,-25,1avZsIW8nLlMW6aOYLtun3KxrIY=,QFF5Uc/jTlhOLGB42H6NC6acAiI=
-5,-23,1avZsIW8nLlMW6aOYLtun3KxrIY=,7O25Na0ljxB7gLbj7nS5PE+Yhms=
-5,-24,1avZsIW8nLlMW6aOYLtun3KxrIY=,7O25Na0ljxB7gLbj7nS5PE+Yhms=
-7,-23,1avZsIW8nLlMW6aOYLtun3KxrIY=,EzGwwCZ29qFoX2OUSgaLJeWBp6A=
-7,-22,1avZsIW8nLlMW6aOYLtun3KxrIY=,rrq8oeEVW9ZYUoInBUbGCIDfkyI=
-6,-22,1avZsIW8nLlMW6aOYLtun3KxrIY=,BNNcuApPrO0x/oTjdSct1wkTkS0=
-5,-22,1avZsIW8nLlMW6aOYLtun3KxrIY=,BNNcuApPrO0x/oTjdSct1wkTkS0=
-6,-23,1avZsIW8nLlMW6aOYLtun3KxrIY=,7O25Na0ljxB7gLbj7nS5PE+Yhms=
-7,-24,1avZsIW8nLlMW6aOYLtun3KxrIY=,EzGwwCZ29qFoX2OUSgaLJeWBp6A=
-6,-25,1avZsIW8nLlMW6aOYLtun3KxrIY=,QFF5Uc/jTlhOLGB42H6NC6acAiI=
-6,-24,1avZsIW8nLlMW6aOYLtun3KxrIY=,7O25Na0ljxB7gLbj7nS5PE+Yhms=
-6,-27,1avZsIW8nLlMW6aOYLtun3KxrIY=,kvGyMAmpgejf+Px0uWHwUJyo1GI=
-7,-25,1avZsIW8nLlMW6aOYLtun3KxrIY=,9hkJF7wTxaQMM0PeR6kd7ZllMCc=
-7,-27,1avZsIW8nLlMW6aOYLtun3KxrIY=,jFdDPO1X/zZkVSmIjeN6e9ZkzY8=
-9,-27,1avZsIW8nLlMW6aOYLtun3KxrIY=,u6lIDmGtEHOBSqxLO4LyV78dWXg=
-9,-26,1avZsIW8nLlMW6aOYLtun3KxrIY=,0OqtWdW4mxlE8Xry5bF9R+SFhKs=
-7,-26,1avZsIW8nLlMW6aOYLtun3KxrIY=,9hkJF7wTxaQMM0PeR6kd7ZllMCc=
-6,-26,1avZsIW8nLlMW6aOYLtun3KxrIY=,QFF5Uc/jTlhOLGB42H6NC6acAiI=
-8,-26,1avZsIW8nLlMW6aOYLtun3KxrIY=,9hkJF7wTxaQMM0PeR6kd7ZllMCc=
-8,-27,1avZsIW8nLlMW6aOYLtun3KxrIY=,jFdDPO1X/zZkVSmIjeN6e9ZkzY8=
-11,-27,1avZsIW8nLlMW6aOYLtun3KxrIY=,q7xEBMxoxhg3EMQzAOE6+Vf7Sps=
-10,-27,1avZsIW8nLlMW6aOYLtun3KxrIY=,u6lIDmGtEHOBSqxLO4LyV78dWXg=
-10,-26,1avZsIW8nLlMW6aOYLtun3KxrIY=,0OqtWdW4mxlE8Xry5bF9R+SFhKs=
-11,-26,1avZsIW8nLlMW6aOYLtun3KxrIY=,uf4COvFwO++JikblDB+iGt2Th9E=
-13,-26,1avZsIW8nLlMW6aOYLtun3KxrIY=,8X1mtx4G6QT/MKfri/CQz44u+nc=
-12,-27,Vh6WoKZoQttXAbzHjasIgIFe/OA=,q7xEBMxoxhg3EMQzAOE6+Vf7Sps=
-13,-27,Vh6WoKZoQttXAbzHjasIgIFe/OA=,GDuZ+mlBWPOpYao9OImH7fCOD1w=
-12,-26,Vh6WoKZoQttXAbzHjasIgIFe/OA=,uf4COvFwO++JikblDB+iGt2Th9E=
-12,-24,Vh6WoKZoQttXAbzHjasIgIFe/OA=,szfHvKnQDPH07WdZjODxk1Uahng=
-13,-24,Vh6WoKZoQttXAbzHjasIgIFe/OA=,V3tWYcD/IkGBnBD4gYk5K8Cx5T0=
-12,-25,Vh6WoKZoQttXAbzHjasIgIFe/OA=,uf4COvFwO++JikblDB+iGt2Th9E=
-13,-25,Vh6WoKZoQttXAbzHjasIgIFe/OA=,8X1mtx4G6QT/MKfri/CQz44u+nc=
-13,-22,Vh6WoKZoQttXAbzHjasIgIFe/OA=,531mYx2UWNxu2DPnt+Wh9p8nLmY=
-12,-22,Vh6WoKZoQttXAbzHjasIgIFe/OA=,9Jp0aD7ssWAYz+DYyXGuV2MSW+E=
-12,-23,Vh6WoKZoQttXAbzHjasIgIFe/OA=,szfHvKnQDPH07WdZjODxk1Uahng=
-13,-23,Vh6WoKZoQttXAbzHjasIgIFe/OA=,V3tWYcD/IkGBnBD4gYk5K8Cx5T0=
-13,-21,Vh6WoKZoQttXAbzHjasIgIFe/OA=,531mYx2UWNxu2DPnt+Wh9p8nLmY=
-12,-21,Vh6WoKZoQttXAbzHjasIgIFe/OA=,9Jp0aD7ssWAYz+DYyXGuV2MSW+E=
-13,-20,Vh6WoKZoQttXAbzHjasIgIFe/OA=,fS9zFGTlYlijJ+rhmGFLIQWgnEk=
-12,-20,Vh6WoKZoQttXAbzHjasIgIFe/OA=,83E0aux3qZxGivl7WFCirIib388=
-12,-18,Vh6WoKZoQttXAbzHjasIgIFe/OA=,4AP6zz5pXIIJYre592VwxCPxtEs=
-12,-19,Vh6WoKZoQttXAbzHjasIgIFe/OA=,83E0aux3qZxGivl7WFCirIib388=
-13,-19,Vh6WoKZoQttXAbzHjasIgIFe/OA=,fS9zFGTlYlijJ+rhmGFLIQWgnEk=
-14,-21,Vh6WoKZoQttXAbzHjasIgIFe/OA=,531mYx2UWNxu2DPnt+Wh9p8nLmY=
-13,-18,Vh6WoKZoQttXAbzHjasIgIFe/OA=,e1P86D+DtBFPbQZKwXE6jaLkJHs=
-15,-21,Vh6WoKZoQttXAbzHjasIgIFe/OA=,vPQfhF0PV0lwfXj4fdUL3rblmLU=
-14,-18,Vh6WoKZoQttXAbzHjasIgIFe/OA=,e1P86D+DtBFPbQZKwXE6jaLkJHs=
-15,-18,Vh6WoKZoQttXAbzHjasIgIFe/OA=,ZuMzKtNSfn1f3XlSq27EsIPYJc4=
-14,-20,Vh6WoKZoQttXAbzHjasIgIFe/OA=,fS9zFGTlYlijJ+rhmGFLIQWgnEk=
-15,-20,Vh6WoKZoQttXAbzHjasIgIFe/OA=,ZtaZKYsg3HB/mMT7KDn3/MIdxXg=
-15,-19,+LMv0m0zt1Ln2tugglYt8t7z50I=,ZtaZKYsg3HB/mMT7KDn3/MIdxXg=
-14,-19,+LMv0m0zt1Ln2tugglYt8t7z50I=,fS9zFGTlYlijJ+rhmGFLIQWgnEk=
-14,-22,+LMv0m0zt1Ln2tugglYt8t7z50I=,531mYx2UWNxu2DPnt+Wh9p8nLmY=
-15,-22,+LMv0m0zt1Ln2tugglYt8t7z50I=,vPQfhF0PV0lwfXj4fdUL3rblmLU=
-15,-23,+LMv0m0zt1Ln2tugglYt8t7z50I=,fjVToOTMyBdwcpN7uhc3Ys8LbnI=
-14,-23,+LMv0m0zt1Ln2tugglYt8t7z50I=,V3tWYcD/IkGBnBD4gYk5K8Cx5T0=
-15,-28,+LMv0m0zt1Ln2tugglYt8t7z50I=,DxhEuValuUjycd8dO519gWC3ma0=
-14,-28,+LMv0m0zt1Ln2tugglYt8t7z50I=,GDuZ+mlBWPOpYao9OImH7fCOD1w=
-15,-29,+LMv0m0zt1Ln2tugglYt8t7z50I=,JN5Y7M77VN3o0JAf3q/uWy5wBUY=
-7,-29,+LMv0m0zt1Ln2tugglYt8t7z50I=,tjaoWKgPEk6sBJdSYBwrugZcb+k=
-7,-28,+LMv0m0zt1Ln2tugglYt8t7z50I=,jFdDPO1X/zZkVSmIjeN6e9ZkzY8=
-8,-29,+LMv0m0zt1Ln2tugglYt8t7z50I=,tjaoWKgPEk6sBJdSYBwrugZcb+k=
-9,-28,+LMv0m0zt1Ln2tugglYt8t7z50I=,u6lIDmGtEHOBSqxLO4LyV78dWXg=
-8,-28,+LMv0m0zt1Ln2tugglYt8t7z50I=,jFdDPO1X/zZkVSmIjeN6e9ZkzY8=
-14,-29,+LMv0m0zt1Ln2tugglYt8t7z50I=,2xkLByGP4prx/GKel7TkxnrC1Lo=
-6,-29,+LMv0m0zt1Ln2tugglYt8t7z50I=,sbvDZNQ4uS79SyQSU0+r6tqdZ10=
-10,-28,+LMv0m0zt1Ln2tugglYt8t7z50I=,u6lIDmGtEHOBSqxLO4LyV78dWXg=
-12,-28,+LMv0m0zt1Ln2tugglYt8t7z50I=,q7xEBMxoxhg3EMQzAOE6+Vf7Sps=
-13,-28,+LMv0m0zt1Ln2tugglYt8t7z50I=,GDuZ+mlBWPOpYao9OImH7fCOD1w=
-11,-28,+LMv0m0zt1Ln2tugglYt8t7z50I=,q7xEBMxoxhg3EMQzAOE6+Vf7Sps=
-13,-29,+LMv0m0zt1Ln2tugglYt8t7z50I=,2xkLByGP4prx/GKel7TkxnrC1Lo=
-9,-29,+LMv0m0zt1Ln2tugglYt8t7z50I=,IBCAPrBv5RpDDkV6SeTD/CUyvN4=
-10,-29,+LMv0m0zt1Ln2tugglYt8t7z50I=,IBCAPrBv5RpDDkV6SeTD/CUyvN4=
-6,-28,+LMv0m0zt1Ln2tugglYt8t7z50I=,kvGyMAmpgejf+Px0uWHwUJyo1GI=
-12,-29,+LMv0m0zt1Ln2tugglYt8t7z50I=,CiJs6229qbdC2xQt0lCCzBn5f7Q=
-11,-29,+LMv0m0zt1Ln2tugglYt8t7z50I=,CiJs6229qbdC2xQt0lCCzBn5f7Q=
-16,-28,+LMv0m0zt1Ln2tugglYt8t7z50I=,DxhEuValuUjycd8dO519gWC3ma0=
-16,-21,+LMv0m0zt1Ln2tugglYt8t7z50I=,vPQfhF0PV0lwfXj4fdUL3rblmLU=
-16,-22,+LMv0m0zt1Ln2tugglYt8t7z50I=,vPQfhF0PV0lwfXj4fdUL3rblmLU=
-16,-23,+LMv0m0zt1Ln2tugglYt8t7z50I=,fjVToOTMyBdwcpN7uhc3Ys8LbnI=
-16,-29,+LMv0m0zt1Ln2tugglYt8t7z50I=,JN5Y7M77VN3o0JAf3q/uWy5wBUY=
-16,-20,+LMv0m0zt1Ln2tugglYt8t7z50I=,ZtaZKYsg3HB/mMT7KDn3/MIdxXg=
-16,-18,+LMv0m0zt1Ln2tugglYt8t7z50I=,ZuMzKtNSfn1f3XlSq27EsIPYJc4=
-16,-19,+LMv0m0zt1Ln2tugglYt8t7z50I=,ZtaZKYsg3HB/mMT7KDn3/MIdxXg=
-14,-17,+LMv0m0zt1Ln2tugglYt8t7z50I=,e1P86D+DtBFPbQZKwXE6jaLkJHs=
-13,-17,+LMv0m0zt1Ln2tugglYt8t7z50I=,e1P86D+DtBFPbQZKwXE6jaLkJHs=
-15,-17,+LMv0m0zt1Ln2tugglYt8t7z50I=,ZuMzKtNSfn1f3XlSq27EsIPYJc4=
-12,-17,+LMv0m0zt1Ln2tugglYt8t7z50I=,4AP6zz5pXIIJYre592VwxCPxtEs=
-14,-27,+LMv0m0zt1Ln2tugglYt8t7z50I=,GDuZ+mlBWPOpYao9OImH7fCOD1w=
-16,-27,+LMv0m0zt1Ln2tugglYt8t7z50I=,DxhEuValuUjycd8dO519gWC3ma0=
-15,-26,+LMv0m0zt1Ln2tugglYt8t7z50I=,EwcfDK2oFhHlhPAVRjmt4Ywo7XA=
-16,-26,+LMv0m0zt1Ln2tugglYt8t7z50I=,EwcfDK2oFhHlhPAVRjmt4Ywo7XA=
-15,-27,+LMv0m0zt1Ln2tugglYt8t7z50I=,DxhEuValuUjycd8dO519gWC3ma0=
-14,-26,+LMv0m0zt1Ln2tugglYt8t7z50I=,8X1mtx4G6QT/MKfri/CQz44u+nc=
-16,-24,+LMv0m0zt1Ln2tugglYt8t7z50I=,fjVToOTMyBdwcpN7uhc3Ys8LbnI=
-15,-24,+LMv0m0zt1Ln2tugglYt8t7z50I=,fjVToOTMyBdwcpN7uhc3Ys8LbnI=
-14,-24,+LMv0m0zt1Ln2tugglYt8t7z50I=,V3tWYcD/IkGBnBD4gYk5K8Cx5T0=
-15,-25,+LMv0m0zt1Ln2tugglYt8t7z50I=,EwcfDK2oFhHlhPAVRjmt4Ywo7XA=
-16,-25,+LMv0m0zt1Ln2tugglYt8t7z50I=,EwcfDK2oFhHlhPAVRjmt4Ywo7XA=
-14,-25,+LMv0m0zt1Ln2tugglYt8t7z50I=,8X1mtx4G6QT/MKfri/CQz44u+nc=
-6,-17,+LMv0m0zt1Ln2tugglYt8t7z50I=,uX75tpnj1ZBGc38A3h+IRp5RAfw=
-11,-21,+LMv0m0zt1Ln2tugglYt8t7z50I=,9Jp0aD7ssWAYz+DYyXGuV2MSW+E=
-7,-17,+LMv0m0zt1Ln2tugglYt8t7z50I=,0DeIJZ/gTNvzn4ylFpa50b8sBMs=
-4,-17,+LMv0m0zt1Ln2tugglYt8t7z50I=,H5vOVoqzy+cyYmPvN9APcEXd+Bo=
-10,-21,+LMv0m0zt1Ln2tugglYt8t7z50I=,IGCnkYvr0p8xda3iDPlDDozBDto=
-5,-17,+LMv0m0zt1Ln2tugglYt8t7z50I=,uX75tpnj1ZBGc38A3h+IRp5RAfw=
-11,-20,+LMv0m0zt1Ln2tugglYt8t7z50I=,83E0aux3qZxGivl7WFCirIib388=
-8,-20,+LMv0m0zt1Ln2tugglYt8t7z50I=,1cEhhKg6PXMdrCLSw07MnJabr6g=
-9,-21,+LMv0m0zt1Ln2tugglYt8t7z50I=,IGCnkYvr0p8xda3iDPlDDozBDto=
-9,-20,+LMv0m0zt1Ln2tugglYt8t7z50I=,zRjpobD7Qg8RoR8DN/lRcLbMbhc=
-10,-20,+LMv0m0zt1Ln2tugglYt8t7z50I=,zRjpobD7Qg8RoR8DN/lRcLbMbhc=
-8,-21,+LMv0m0zt1Ln2tugglYt8t7z50I=,rrq8oeEVW9ZYUoInBUbGCIDfkyI=
-1,-20,+LMv0m0zt1Ln2tugglYt8t7z50I=,AbWxm8Sm1MyzMdYlmtsY1oU1eNg=
-1,-21,+LMv0m0zt1Ln2tugglYt8t7z50I=,16G32uD14NFtq4RWKb9M8AiyrW0=
-1,-22,+LMv0m0zt1Ln2tugglYt8t7z50I=,16G32uD14NFtq4RWKb9M8AiyrW0=
-1,-27,+LMv0m0zt1Ln2tugglYt8t7z50I=,23vd90SIDyz7JRoi0NB92HScB70=
-1,-26,+LMv0m0zt1Ln2tugglYt8t7z50I=,/si3Jt9IQghubJFZI+JSx6dAQDk=
-1,-23,+LMv0m0zt1Ln2tugglYt8t7z50I=,pPvKxG22EIGP9IvDL7XXm6zqx3Q=
-6,-30,+LMv0m0zt1Ln2tugglYt8t7z50I=,sbvDZNQ4uS79SyQSU0+r6tqdZ10=
-4,-30,+LMv0m0zt1Ln2tugglYt8t7z50I=,oVA9O+bUUkzAy0QBQALuLYla4iY=
-5,-30,+LMv0m0zt1Ln2tugglYt8t7z50I=,sbvDZNQ4uS79SyQSU0+r6tqdZ10=
-7,-30,+LMv0m0zt1Ln2tugglYt8t7z50I=,tjaoWKgPEk6sBJdSYBwrugZcb+k=
-1,-25,+LMv0m0zt1Ln2tugglYt8t7z50I=,/si3Jt9IQghubJFZI+JSx6dAQDk=
-11,-24,+LMv0m0zt1Ln2tugglYt8t7z50I=,szfHvKnQDPH07WdZjODxk1Uahng=
-1,-24,+LMv0m0zt1Ln2tugglYt8t7z50I=,pPvKxG22EIGP9IvDL7XXm6zqx3Q=
-11,-23,+LMv0m0zt1Ln2tugglYt8t7z50I=,szfHvKnQDPH07WdZjODxk1Uahng=
-10,-23,+LMv0m0zt1Ln2tugglYt8t7z50I=,IcMCNQR6ieNg1LzgzX7dny9W4o4=
-1,-29,+LMv0m0zt1Ln2tugglYt8t7z50I=,v4c97/08sYqP1q5iENp+mEYRLIU=
-1,-28,+LMv0m0zt1Ln2tugglYt8t7z50I=,23vd90SIDyz7JRoi0NB92HScB70=
-2,-30,+LMv0m0zt1Ln2tugglYt8t7z50I=,v4c97/08sYqP1q5iENp+mEYRLIU=
-1,-30,+LMv0m0zt1Ln2tugglYt8t7z50I=,v4c97/08sYqP1q5iENp+mEYRLIU=
-9,-24,+LMv0m0zt1Ln2tugglYt8t7z50I=,IcMCNQR6ieNg1LzgzX7dny9W4o4=
-10,-22,+LMv0m0zt1Ln2tugglYt8t7z50I=,IGCnkYvr0p8xda3iDPlDDozBDto=
-3,-30,+LMv0m0zt1Ln2tugglYt8t7z50I=,oVA9O+bUUkzAy0QBQALuLYla4iY=
-2,-28,+LMv0m0zt1Ln2tugglYt8t7z50I=,23vd90SIDyz7JRoi0NB92HScB70=
-11,-22,+LMv0m0zt1Ln2tugglYt8t7z50I=,9Jp0aD7ssWAYz+DYyXGuV2MSW+E=
-10,-24,+LMv0m0zt1Ln2tugglYt8t7z50I=,IcMCNQR6ieNg1LzgzX7dny9W4o4=
-8,-25,+LMv0m0zt1Ln2tugglYt8t7z50I=,9hkJF7wTxaQMM0PeR6kd7ZllMCc=
-2,-29,+LMv0m0zt1Ln2tugglYt8t7z50I=,v4c97/08sYqP1q5iENp+mEYRLIU=
-8,-30,+LMv0m0zt1Ln2tugglYt8t7z50I=,tjaoWKgPEk6sBJdSYBwrugZcb+k=
-10,-30,+LMv0m0zt1Ln2tugglYt8t7z50I=,IBCAPrBv5RpDDkV6SeTD/CUyvN4=
-9,-22,+LMv0m0zt1Ln2tugglYt8t7z50I=,IGCnkYvr0p8xda3iDPlDDozBDto=
-9,-30,+LMv0m0zt1Ln2tugglYt8t7z50I=,IBCAPrBv5RpDDkV6SeTD/CUyvN4=
-12,-30,+LMv0m0zt1Ln2tugglYt8t7z50I=,CiJs6229qbdC2xQt0lCCzBn5f7Q=
-10,-25,+LMv0m0zt1Ln2tugglYt8t7z50I=,0OqtWdW4mxlE8Xry5bF9R+SFhKs=
-13,-30,+LMv0m0zt1Ln2tugglYt8t7z50I=,2xkLByGP4prx/GKel7TkxnrC1Lo=
-8,-23,+LMv0m0zt1Ln2tugglYt8t7z50I=,EzGwwCZ29qFoX2OUSgaLJeWBp6A=
-9,-25,+LMv0m0zt1Ln2tugglYt8t7z50I=,0OqtWdW4mxlE8Xry5bF9R+SFhKs=
-8,-22,+LMv0m0zt1Ln2tugglYt8t7z50I=,rrq8oeEVW9ZYUoInBUbGCIDfkyI=
-11,-30,+LMv0m0zt1Ln2tugglYt8t7z50I=,CiJs6229qbdC2xQt0lCCzBn5f7Q=
-9,-23,+LMv0m0zt1Ln2tugglYt8t7z50I=,IcMCNQR6ieNg1LzgzX7dny9W4o4=
-8,-24,+LMv0m0zt1Ln2tugglYt8t7z50I=,EzGwwCZ29qFoX2OUSgaLJeWBp6A=
-14,-30,+LMv0m0zt1Ln2tugglYt8t7z50I=,2xkLByGP4prx/GKel7TkxnrC1Lo=
-15,-30,+LMv0m0zt1Ln2tugglYt8t7z50I=,JN5Y7M77VN3o0JAf3q/uWy5wBUY=
-3,-29,+LMv0m0zt1Ln2tugglYt8t7z50I=,oVA9O+bUUkzAy0QBQALuLYla4iY=
-3,-28,+LMv0m0zt1Ln2tugglYt8t7z50I=,biJeSRfX9JcdlXAD5BrKMkmZE7o=
-16,-17,+LMv0m0zt1Ln2tugglYt8t7z50I=,ZuMzKtNSfn1f3XlSq27EsIPYJc4=
-11,-25,+LMv0m0zt1Ln2tugglYt8t7z50I=,uf4COvFwO++JikblDB+iGt2Th9E=
-16,-30,+LMv0m0zt1Ln2tugglYt8t7z50I=,JN5Y7M77VN3o0JAf3q/uWy5wBUY=
-11,-19,+LMv0m0zt1Ln2tugglYt8t7z50I=,83E0aux3qZxGivl7WFCirIib388=
-11,-17,+LMv0m0zt1Ln2tugglYt8t7z50I=,4AP6zz5pXIIJYre592VwxCPxtEs=
-9,-19,+LMv0m0zt1Ln2tugglYt8t7z50I=,zRjpobD7Qg8RoR8DN/lRcLbMbhc=
-10,-19,+LMv0m0zt1Ln2tugglYt8t7z50I=,zRjpobD7Qg8RoR8DN/lRcLbMbhc=
-11,-18,+LMv0m0zt1Ln2tugglYt8t7z50I=,4AP6zz5pXIIJYre592VwxCPxtEs=
-9,-17,+LMv0m0zt1Ln2tugglYt8t7z50I=,0lYKMx0UwI61/789304TRdnrtLg=
-9,-18,+LMv0m0zt1Ln2tugglYt8t7z50I=,0lYKMx0UwI61/789304TRdnrtLg=
-8,-19,+LMv0m0zt1Ln2tugglYt8t7z50I=,1cEhhKg6PXMdrCLSw07MnJabr6g=
-8,-18,+LMv0m0zt1Ln2tugglYt8t7z50I=,0DeIJZ/gTNvzn4ylFpa50b8sBMs=
-10,-17,+LMv0m0zt1Ln2tugglYt8t7z50I=,0lYKMx0UwI61/789304TRdnrtLg=
-10,-18,+LMv0m0zt1Ln2tugglYt8t7z50I=,0lYKMx0UwI61/789304TRdnrtLg=
-8,-17,+LMv0m0zt1Ln2tugglYt8t7z50I=,0DeIJZ/gTNvzn4ylFpa50b8sBMs=
-3,-17,+LMv0m0zt1Ln2tugglYt8t7z50I=,H5vOVoqzy+cyYmPvN9APcEXd+Bo=
-2,-17,+LMv0m0zt1Ln2tugglYt8t7z50I=,Q8AA2IPH+YWSTt/k9s8xB8dBxIo=
-2,-18,+LMv0m0zt1Ln2tugglYt8t7z50I=,Q8AA2IPH+YWSTt/k9s8xB8dBxIo=
-3,-18,+LMv0m0zt1Ln2tugglYt8t7z50I=,H5vOVoqzy+cyYmPvN9APcEXd+Bo=
-1,-17,+LMv0m0zt1Ln2tugglYt8t7z50I=,Q8AA2IPH+YWSTt/k9s8xB8dBxIo=
-1,-18,+LMv0m0zt1Ln2tugglYt8t7z50I=,Q8AA2IPH+YWSTt/k9s8xB8dBxIo=
-3,-19,+LMv0m0zt1Ln2tugglYt8t7z50I=,bkarf59HaiojL8ZsCWD5rbIRCaE=
-1,-19,+LMv0m0zt1Ln2tugglYt8t7z50I=,AbWxm8Sm1MyzMdYlmtsY1oU1eNg=
-2,-19,+LMv0m0zt1Ln2tugglYt8t7z50I=,AbWxm8Sm1MyzMdYlmtsY1oU1eNg=
-29,-26,hhvSfmWWg1juXo01xBAt2k2w5cs=,4m3/17Ml7yt8ZLeUYt6LQdxe36s=
-28,-27,hhvSfmWWg1juXo01xBAt2k2w5cs=,i4iLfyvuVL5Y/f0bdlGMtHUfAEM=
-29,-27,hhvSfmWWg1juXo01xBAt2k2w5cs=,CkIDmQt3NBiGuOnSqHiIvZyScP4=
-28,-26,hhvSfmWWg1juXo01xBAt2k2w5cs=,w4H5uz4JNDA/urwL7/ycghiArzE=
-29,-29,hhvSfmWWg1juXo01xBAt2k2w5cs=,FlTSDwItDjSE570wMp5MlRCOnHY=
-28,-28,hhvSfmWWg1juXo01xBAt2k2w5cs=,i4iLfyvuVL5Y/f0bdlGMtHUfAEM=
-28,-29,hhvSfmWWg1juXo01xBAt2k2w5cs=,0VUha4u30xMQ41Ylh1ux2yW0njI=
-29,-28,hhvSfmWWg1juXo01xBAt2k2w5cs=,CkIDmQt3NBiGuOnSqHiIvZyScP4=
-29,-22,hhvSfmWWg1juXo01xBAt2k2w5cs=,RFLA60xfeKCir+Yqf1CjLVOzqRk=
-28,-22,hhvSfmWWg1juXo01xBAt2k2w5cs=,zwIzW3By+wr8ieEqRnFnTXLsne8=
-29,-25,hhvSfmWWg1juXo01xBAt2k2w5cs=,4m3/17Ml7yt8ZLeUYt6LQdxe36s=
-28,-23,hhvSfmWWg1juXo01xBAt2k2w5cs=,vcY1XCNdOrsfu6BMXsL5+2lf9tk=
-28,-25,hhvSfmWWg1juXo01xBAt2k2w5cs=,w4H5uz4JNDA/urwL7/ycghiArzE=
-29,-24,hhvSfmWWg1juXo01xBAt2k2w5cs=,VQw7jn8lUb2aHyHkqC/qygpYVM0=
-29,-23,hhvSfmWWg1juXo01xBAt2k2w5cs=,VQw7jn8lUb2aHyHkqC/qygpYVM0=
-28,-24,hhvSfmWWg1juXo01xBAt2k2w5cs=,vcY1XCNdOrsfu6BMXsL5+2lf9tk=
-28,-20,hhvSfmWWg1juXo01xBAt2k2w5cs=,iiNmgfdbxzpIlz4esRP7wDSPUGg=
-28,-21,hhvSfmWWg1juXo01xBAt2k2w5cs=,zwIzW3By+wr8ieEqRnFnTXLsne8=
-29,-20,hhvSfmWWg1juXo01xBAt2k2w5cs=,D+tFIyupH2F4VmPqXQMkwkiFqeg=
-29,-21,hhvSfmWWg1juXo01xBAt2k2w5cs=,RFLA60xfeKCir+Yqf1CjLVOzqRk=
-26,-27,hhvSfmWWg1juXo01xBAt2k2w5cs=,y6NQnlD4q2f9+iD5JesL3ejb4UM=
-27,-27,hhvSfmWWg1juXo01xBAt2k2w5cs=,i4iLfyvuVL5Y/f0bdlGMtHUfAEM=
-26,-26,hhvSfmWWg1juXo01xBAt2k2w5cs=,iQBJQcg2FyaO1JezJIt7Rkq4jq8=
-27,-26,hhvSfmWWg1juXo01xBAt2k2w5cs=,w4H5uz4JNDA/urwL7/ycghiArzE=
-27,-28,hhvSfmWWg1juXo01xBAt2k2w5cs=,i4iLfyvuVL5Y/f0bdlGMtHUfAEM=
-26,-28,hhvSfmWWg1juXo01xBAt2k2w5cs=,y6NQnlD4q2f9+iD5JesL3ejb4UM=
-27,-29,hhvSfmWWg1juXo01xBAt2k2w5cs=,0VUha4u30xMQ41Ylh1ux2yW0njI=
-26,-29,hhvSfmWWg1juXo01xBAt2k2w5cs=,wIAmxgHJ4Jd2NquGZIgfwnJTTgs=
-27,-25,hhvSfmWWg1juXo01xBAt2k2w5cs=,w4H5uz4JNDA/urwL7/ycghiArzE=
-26,-25,hhvSfmWWg1juXo01xBAt2k2w5cs=,iQBJQcg2FyaO1JezJIt7Rkq4jq8=
-26,-24,hhvSfmWWg1juXo01xBAt2k2w5cs=,GMV5aJ7oWDkoXIBoNTSYEP0f7z8=
-27,-24,hhvSfmWWg1juXo01xBAt2k2w5cs=,vcY1XCNdOrsfu6BMXsL5+2lf9tk=
-24,-27,hhvSfmWWg1juXo01xBAt2k2w5cs=,TkaqftODWSwDRdahc/KbxuXBR8k=
-25,-27,hhvSfmWWg1juXo01xBAt2k2w5cs=,y6NQnlD4q2f9+iD5JesL3ejb4UM=
-24,-26,hhvSfmWWg1juXo01xBAt2k2w5cs=,cLLj1g4ZF7IvVvEThVXsmG6xSyE=
-25,-26,hhvSfmWWg1juXo01xBAt2k2w5cs=,iQBJQcg2FyaO1JezJIt7Rkq4jq8=
-23,-27,hhvSfmWWg1juXo01xBAt2k2w5cs=,TkaqftODWSwDRdahc/KbxuXBR8k=
-22,-27,hhvSfmWWg1juXo01xBAt2k2w5cs=,FoJUU17AQZ7dtEZXjWEAC4/qXXw=
-22,-26,hhvSfmWWg1juXo01xBAt2k2w5cs=,4rFcjdYf5PZcAJMntYfNsActH9k=
-23,-26,hhvSfmWWg1juXo01xBAt2k2w5cs=,cLLj1g4ZF7IvVvEThVXsmG6xSyE=
-25,-25,hhvSfmWWg1juXo01xBAt2k2w5cs=,iQBJQcg2FyaO1JezJIt7Rkq4jq8=
-24,-24,hhvSfmWWg1juXo01xBAt2k2w5cs=,BJ8/24ZW2d9kqkdxJVLFzH03PG8=
-23,-24,hhvSfmWWg1juXo01xBAt2k2w5cs=,BJ8/24ZW2d9kqkdxJVLFzH03PG8=
-24,-25,hhvSfmWWg1juXo01xBAt2k2w5cs=,cLLj1g4ZF7IvVvEThVXsmG6xSyE=
-25,-24,hhvSfmWWg1juXo01xBAt2k2w5cs=,GMV5aJ7oWDkoXIBoNTSYEP0f7z8=
-22,-24,hhvSfmWWg1juXo01xBAt2k2w5cs=,PjPJEz8rpWQfXOIDiu12yoZTHi4=
-22,-25,hhvSfmWWg1juXo01xBAt2k2w5cs=,4rFcjdYf5PZcAJMntYfNsActH9k=
-23,-25,hhvSfmWWg1juXo01xBAt2k2w5cs=,cLLj1g4ZF7IvVvEThVXsmG6xSyE=
-20,-29,hhvSfmWWg1juXo01xBAt2k2w5cs=,a8bHa9XzFj53UyW0v4AmMxcinZo=
-20,-28,hhvSfmWWg1juXo01xBAt2k2w5cs=,UEOBHZ46U4L4mhDw7BWtWS/ODtc=
-21,-28,hhvSfmWWg1juXo01xBAt2k2w5cs=,FoJUU17AQZ7dtEZXjWEAC4/qXXw=
-21,-29,hhvSfmWWg1juXo01xBAt2k2w5cs=,3HDpxeAxQvebXc9o7NlX7g2ie20=
-20,-27,hhvSfmWWg1juXo01xBAt2k2w5cs=,UEOBHZ46U4L4mhDw7BWtWS/ODtc=
-21,-27,hhvSfmWWg1juXo01xBAt2k2w5cs=,FoJUU17AQZ7dtEZXjWEAC4/qXXw=
-21,-26,hhvSfmWWg1juXo01xBAt2k2w5cs=,4rFcjdYf5PZcAJMntYfNsActH9k=
-20,-26,hhvSfmWWg1juXo01xBAt2k2w5cs=,s8w3Z460RRzLAL3vVvum5eMcMyw=
-21,-24,hhvSfmWWg1juXo01xBAt2k2w5cs=,PjPJEz8rpWQfXOIDiu12yoZTHi4=
-20,-25,hhvSfmWWg1juXo01xBAt2k2w5cs=,s8w3Z460RRzLAL3vVvum5eMcMyw=
-20,-24,hhvSfmWWg1juXo01xBAt2k2w5cs=,nZHr2+aBWRqEgeb1cl1p6NtJ2w4=
-21,-25,hhvSfmWWg1juXo01xBAt2k2w5cs=,4rFcjdYf5PZcAJMntYfNsActH9k=
-20,-23,hhvSfmWWg1juXo01xBAt2k2w5cs=,nZHr2+aBWRqEgeb1cl1p6NtJ2w4=
-20,-22,hhvSfmWWg1juXo01xBAt2k2w5cs=,vfUcbMuV4LaIXG8eaF2/JW4JSeA=
-21,-23,hhvSfmWWg1juXo01xBAt2k2w5cs=,PjPJEz8rpWQfXOIDiu12yoZTHi4=
-21,-22,hhvSfmWWg1juXo01xBAt2k2w5cs=,wWgMNfJbfQ4Y8oiZtFWlb4TaOnU=
-20,-20,tUU9rhxAUfJkiHHWlGiAiOAEuak=,K68uKik/hJ7J/X/q1B713LidscA=
-20,-21,tUU9rhxAUfJkiHHWlGiAiOAEuak=,vfUcbMuV4LaIXG8eaF2/JW4JSeA=
-21,-20,tUU9rhxAUfJkiHHWlGiAiOAEuak=,boDuvjaxLfGUVxO6JgxYNVeiXm8=
-21,-21,tUU9rhxAUfJkiHHWlGiAiOAEuak=,wWgMNfJbfQ4Y8oiZtFWlb4TaOnU=
-22,-22,tUU9rhxAUfJkiHHWlGiAiOAEuak=,wWgMNfJbfQ4Y8oiZtFWlb4TaOnU=
-23,-22,tUU9rhxAUfJkiHHWlGiAiOAEuak=,vXlFmUQSw0CF77xJbLZpM6UtzlM=
-23,-23,tUU9rhxAUfJkiHHWlGiAiOAEuak=,BJ8/24ZW2d9kqkdxJVLFzH03PG8=
-22,-23,tUU9rhxAUfJkiHHWlGiAiOAEuak=,PjPJEz8rpWQfXOIDiu12yoZTHi4=
-21,-18,tUU9rhxAUfJkiHHWlGiAiOAEuak=,KpZK2JsH3+dQP6jTGEMsnel8cyk=
-22,-21,tUU9rhxAUfJkiHHWlGiAiOAEuak=,wWgMNfJbfQ4Y8oiZtFWlb4TaOnU=
-21,-19,tUU9rhxAUfJkiHHWlGiAiOAEuak=,boDuvjaxLfGUVxO6JgxYNVeiXm8=
-22,-20,tUU9rhxAUfJkiHHWlGiAiOAEuak=,boDuvjaxLfGUVxO6JgxYNVeiXm8=
-20,-18,tUU9rhxAUfJkiHHWlGiAiOAEuak=,JkxQQSfc9bcVED14nEJ0ugf/HlE=
-20,-19,tUU9rhxAUfJkiHHWlGiAiOAEuak=,K68uKik/hJ7J/X/q1B713LidscA=
-23,-21,tUU9rhxAUfJkiHHWlGiAiOAEuak=,vXlFmUQSw0CF77xJbLZpM6UtzlM=
-23,-20,tUU9rhxAUfJkiHHWlGiAiOAEuak=,RUujcA7uXK4zGmCsqZEabLklLwY=
-27,-21,tUU9rhxAUfJkiHHWlGiAiOAEuak=,zwIzW3By+wr8ieEqRnFnTXLsne8=
-27,-20,tUU9rhxAUfJkiHHWlGiAiOAEuak=,iiNmgfdbxzpIlz4esRP7wDSPUGg=
-27,-22,tUU9rhxAUfJkiHHWlGiAiOAEuak=,zwIzW3By+wr8ieEqRnFnTXLsne8=
-26,-22,tUU9rhxAUfJkiHHWlGiAiOAEuak=,NVMw/1RHjcMqOGDgYLkIzmc2HNg=
-26,-23,tUU9rhxAUfJkiHHWlGiAiOAEuak=,GMV5aJ7oWDkoXIBoNTSYEP0f7z8=
-26,-21,tUU9rhxAUfJkiHHWlGiAiOAEuak=,NVMw/1RHjcMqOGDgYLkIzmc2HNg=
-24,-20,tUU9rhxAUfJkiHHWlGiAiOAEuak=,RUujcA7uXK4zGmCsqZEabLklLwY=
-26,-20,tUU9rhxAUfJkiHHWlGiAiOAEuak=,iG7f8VvUQ5liNd3uDFBOjQzKeIo=
-24,-21,tUU9rhxAUfJkiHHWlGiAiOAEuak=,vXlFmUQSw0CF77xJbLZpM6UtzlM=
-24,-22,tUU9rhxAUfJkiHHWlGiAiOAEuak=,vXlFmUQSw0CF77xJbLZpM6UtzlM=
-27,-23,tUU9rhxAUfJkiHHWlGiAiOAEuak=,vcY1XCNdOrsfu6BMXsL5+2lf9tk=
-25,-20,tUU9rhxAUfJkiHHWlGiAiOAEuak=,iG7f8VvUQ5liNd3uDFBOjQzKeIo=
-25,-22,pkjslm/QdDRfGhT4gzIHdXSOf1A=,NVMw/1RHjcMqOGDgYLkIzmc2HNg=
-25,-21,pkjslm/QdDRfGhT4gzIHdXSOf1A=,NVMw/1RHjcMqOGDgYLkIzmc2HNg=
-24,-23,pkjslm/QdDRfGhT4gzIHdXSOf1A=,BJ8/24ZW2d9kqkdxJVLFzH03PG8=
-25,-23,pkjslm/QdDRfGhT4gzIHdXSOf1A=,GMV5aJ7oWDkoXIBoNTSYEP0f7z8=
-21,-17,pkjslm/QdDRfGhT4gzIHdXSOf1A=,KpZK2JsH3+dQP6jTGEMsnel8cyk=
-20,-17,pkjslm/QdDRfGhT4gzIHdXSOf1A=,JkxQQSfc9bcVED14nEJ0ugf/HlE=
-27,-19,pkjslm/QdDRfGhT4gzIHdXSOf1A=,iiNmgfdbxzpIlz4esRP7wDSPUGg=
-26,-18,pkjslm/QdDRfGhT4gzIHdXSOf1A=,njKl8uAE0VogLJNYyIxr/x1Rg38=
-18,-19,pkjslm/QdDRfGhT4gzIHdXSOf1A=,V/VQqn0vMw2wGVyap81mnuRgXDU=
-17,-19,pkjslm/QdDRfGhT4gzIHdXSOf1A=,V/VQqn0vMw2wGVyap81mnuRgXDU=
-26,-19,pkjslm/QdDRfGhT4gzIHdXSOf1A=,iG7f8VvUQ5liNd3uDFBOjQzKeIo=
-19,-18,pkjslm/QdDRfGhT4gzIHdXSOf1A=,JkxQQSfc9bcVED14nEJ0ugf/HlE=
-19,-19,pkjslm/QdDRfGhT4gzIHdXSOf1A=,K68uKik/hJ7J/X/q1B713LidscA=
-17,-18,pkjslm/QdDRfGhT4gzIHdXSOf1A=,o1jcTfB4tQ7ZoAAtIFChWey1cCA=
-18,-18,pkjslm/QdDRfGhT4gzIHdXSOf1A=,o1jcTfB4tQ7ZoAAtIFChWey1cCA=
-18,-17,pkjslm/QdDRfGhT4gzIHdXSOf1A=,o1jcTfB4tQ7ZoAAtIFChWey1cCA=
-19,-17,pkjslm/QdDRfGhT4gzIHdXSOf1A=,JkxQQSfc9bcVED14nEJ0ugf/HlE=
-22,-19,pkjslm/QdDRfGhT4gzIHdXSOf1A=,boDuvjaxLfGUVxO6JgxYNVeiXm8=
-22,-18,pkjslm/QdDRfGhT4gzIHdXSOf1A=,KpZK2JsH3+dQP6jTGEMsnel8cyk=
-23,-19,pkjslm/QdDRfGhT4gzIHdXSOf1A=,RUujcA7uXK4zGmCsqZEabLklLwY=
-23,-17,pkjslm/QdDRfGhT4gzIHdXSOf1A=,NOdj8S1hHE9tUmIiI6YkpBfUy+E=
-23,-18,pkjslm/QdDRfGhT4gzIHdXSOf1A=,NOdj8S1hHE9tUmIiI6YkpBfUy+E=
-22,-17,pkjslm/QdDRfGhT4gzIHdXSOf1A=,KpZK2JsH3+dQP6jTGEMsnel8cyk=
-24,-18,pkjslm/QdDRfGhT4gzIHdXSOf1A=,NOdj8S1hHE9tUmIiI6YkpBfUy+E=
-24,-19,pkjslm/QdDRfGhT4gzIHdXSOf1A=,RUujcA7uXK4zGmCsqZEabLklLwY=
-25,-19,pkjslm/QdDRfGhT4gzIHdXSOf1A=,iG7f8VvUQ5liNd3uDFBOjQzKeIo=
-25,-17,pkjslm/QdDRfGhT4gzIHdXSOf1A=,njKl8uAE0VogLJNYyIxr/x1Rg38=
-25,-18,pkjslm/QdDRfGhT4gzIHdXSOf1A=,njKl8uAE0VogLJNYyIxr/x1Rg38=
-24,-17,pkjslm/QdDRfGhT4gzIHdXSOf1A=,NOdj8S1hHE9tUmIiI6YkpBfUy+E=
-18,-21,pkjslm/QdDRfGhT4gzIHdXSOf1A=,2uqo+UDFetAw98pU5REw09VQ+4E=
-19,-20,pkjslm/QdDRfGhT4gzIHdXSOf1A=,K68uKik/hJ7J/X/q1B713LidscA=
-19,-21,pkjslm/QdDRfGhT4gzIHdXSOf1A=,vfUcbMuV4LaIXG8eaF2/JW4JSeA=
-18,-20,pkjslm/QdDRfGhT4gzIHdXSOf1A=,V/VQqn0vMw2wGVyap81mnuRgXDU=
-18,-29,pkjslm/QdDRfGhT4gzIHdXSOf1A=,WY4QEdStzQC27KfnVvBUMJY9vvA=
-19,-28,pkjslm/QdDRfGhT4gzIHdXSOf1A=,UEOBHZ46U4L4mhDw7BWtWS/ODtc=
-19,-29,pkjslm/QdDRfGhT4gzIHdXSOf1A=,a8bHa9XzFj53UyW0v4AmMxcinZo=
-30,-22,pkjslm/QdDRfGhT4gzIHdXSOf1A=,RFLA60xfeKCir+Yqf1CjLVOzqRk=
-18,-28,pkjslm/QdDRfGhT4gzIHdXSOf1A=,aBgNne51S7GHEZt9Yj+XK4zqr54=
-30,-23,pkjslm/QdDRfGhT4gzIHdXSOf1A=,VQw7jn8lUb2aHyHkqC/qygpYVM0=
-19,-30,pkjslm/QdDRfGhT4gzIHdXSOf1A=,a8bHa9XzFj53UyW0v4AmMxcinZo=
-20,-30,pkjslm/QdDRfGhT4gzIHdXSOf1A=,a8bHa9XzFj53UyW0v4AmMxcinZo=
-30,-25,pkjslm/QdDRfGhT4gzIHdXSOf1A=,4m3/17Ml7yt8ZLeUYt6LQdxe36s=
-30,-24,pkjslm/QdDRfGhT4gzIHdXSOf1A=,VQw7jn8lUb2aHyHkqC/qygpYVM0=
-21,-30,pkjslm/QdDRfGhT4gzIHdXSOf1A=,3HDpxeAxQvebXc9o7NlX7g2ie20=
-18,-30,pkjslm/QdDRfGhT4gzIHdXSOf1A=,WY4QEdStzQC27KfnVvBUMJY9vvA=
-18,-23,pkjslm/QdDRfGhT4gzIHdXSOf1A=,J3cjDsocBM88xCgafMoXnrO2DMc=
-19,-23,pkjslm/QdDRfGhT4gzIHdXSOf1A=,nZHr2+aBWRqEgeb1cl1p6NtJ2w4=
-18,-22,pkjslm/QdDRfGhT4gzIHdXSOf1A=,2uqo+UDFetAw98pU5REw09VQ+4E=
-30,-21,pkjslm/QdDRfGhT4gzIHdXSOf1A=,RFLA60xfeKCir+Yqf1CjLVOzqRk=
-17,-21,pkjslm/QdDRfGhT4gzIHdXSOf1A=,2uqo+UDFetAw98pU5REw09VQ+4E=
-19,-22,pkjslm/QdDRfGhT4gzIHdXSOf1A=,vfUcbMuV4LaIXG8eaF2/JW4JSeA=
-26,-17,pkjslm/QdDRfGhT4gzIHdXSOf1A=,njKl8uAE0VogLJNYyIxr/x1Rg38=
-30,-20,pkjslm/QdDRfGhT4gzIHdXSOf1A=,D+tFIyupH2F4VmPqXQMkwkiFqeg=
-17,-22,pkjslm/QdDRfGhT4gzIHdXSOf1A=,2uqo+UDFetAw98pU5REw09VQ+4E=
-17,-23,pkjslm/QdDRfGhT4gzIHdXSOf1A=,J3cjDsocBM88xCgafMoXnrO2DMc=
-17,-20,pkjslm/QdDRfGhT4gzIHdXSOf1A=,V/VQqn0vMw2wGVyap81mnuRgXDU=
-30,-29,pkjslm/QdDRfGhT4gzIHdXSOf1A=,FlTSDwItDjSE570wMp5MlRCOnHY=
-27,-30,pkjslm/QdDRfGhT4gzIHdXSOf1A=,0VUha4u30xMQ41Ylh1ux2yW0njI=
-26,-30,pkjslm/QdDRfGhT4gzIHdXSOf1A=,wIAmxgHJ4Jd2NquGZIgfwnJTTgs=
-30,-28,pkjslm/QdDRfGhT4gzIHdXSOf1A=,CkIDmQt3NBiGuOnSqHiIvZyScP4=
-30,-26,pkjslm/QdDRfGhT4gzIHdXSOf1A=,4m3/17Ml7yt8ZLeUYt6LQdxe36s=
-30,-27,pkjslm/QdDRfGhT4gzIHdXSOf1A=,CkIDmQt3NBiGuOnSqHiIvZyScP4=
-17,-28,pkjslm/QdDRfGhT4gzIHdXSOf1A=,aBgNne51S7GHEZt9Yj+XK4zqr54=
-17,-29,pkjslm/QdDRfGhT4gzIHdXSOf1A=,WY4QEdStzQC27KfnVvBUMJY9vvA=
-30,-30,pkjslm/QdDRfGhT4gzIHdXSOf1A=,FlTSDwItDjSE570wMp5MlRCOnHY=
-29,-30,pkjslm/QdDRfGhT4gzIHdXSOf1A=,FlTSDwItDjSE570wMp5MlRCOnHY=
-17,-30,pkjslm/QdDRfGhT4gzIHdXSOf1A=,WY4QEdStzQC27KfnVvBUMJY9vvA=
-28,-30,pkjslm/QdDRfGhT4gzIHdXSOf1A=,0VUha4u30xMQ41Ylh1ux2yW0njI=
-17,-17,pkjslm/QdDRfGhT4gzIHdXSOf1A=,o1jcTfB4tQ7ZoAAtIFChWey1cCA=
-28,-19,pkjslm/QdDRfGhT4gzIHdXSOf1A=,iiNmgfdbxzpIlz4esRP7wDSPUGg=
-29,-17,pkjslm/QdDRfGhT4gzIHdXSOf1A=,uw09Hi0rT/0PGG+MHAXQQG6k4Z8=
-29,-18,pkjslm/QdDRfGhT4gzIHdXSOf1A=,uw09Hi0rT/0PGG+MHAXQQG6k4Z8=
-30,-18,pkjslm/QdDRfGhT4gzIHdXSOf1A=,uw09Hi0rT/0PGG+MHAXQQG6k4Z8=
-30,-17,pkjslm/QdDRfGhT4gzIHdXSOf1A=,uw09Hi0rT/0PGG+MHAXQQG6k4Z8=
-29,-19,pkjslm/QdDRfGhT4gzIHdXSOf1A=,D+tFIyupH2F4VmPqXQMkwkiFqeg=
-19,-27,pkjslm/QdDRfGhT4gzIHdXSOf1A=,UEOBHZ46U4L4mhDw7BWtWS/ODtc=
-30,-19,pkjslm/QdDRfGhT4gzIHdXSOf1A=,D+tFIyupH2F4VmPqXQMkwkiFqeg=
-18,-27,pkjslm/QdDRfGhT4gzIHdXSOf1A=,aBgNne51S7GHEZt9Yj+XK4zqr54=
-18,-26,pkjslm/QdDRfGhT4gzIHdXSOf1A=,wBBp1xVcntCmBp+jVpoS8wEVWec=
-17,-26,pkjslm/QdDRfGhT4gzIHdXSOf1A=,wBBp1xVcntCmBp+jVpoS8wEVWec=
-19,-25,pkjslm/QdDRfGhT4gzIHdXSOf1A=,s8w3Z460RRzLAL3vVvum5eMcMyw=
-19,-26,pkjslm/QdDRfGhT4gzIHdXSOf1A=,s8w3Z460RRzLAL3vVvum5eMcMyw=
-17,-27,pkjslm/QdDRfGhT4gzIHdXSOf1A=,aBgNne51S7GHEZt9Yj+XK4zqr54=
-18,-24,pkjslm/QdDRfGhT4gzIHdXSOf1A=,J3cjDsocBM88xCgafMoXnrO2DMc=
-18,-25,pkjslm/QdDRfGhT4gzIHdXSOf1A=,wBBp1xVcntCmBp+jVpoS8wEVWec=
-17,-24,pkjslm/QdDRfGhT4gzIHdXSOf1A=,J3cjDsocBM88xCgafMoXnrO2DMc=
-19,-24,pkjslm/QdDRfGhT4gzIHdXSOf1A=,nZHr2+aBWRqEgeb1cl1p6NtJ2w4=
-17,-25,pkjslm/QdDRfGhT4gzIHdXSOf1A=,wBBp1xVcntCmBp+jVpoS8wEVWec=
-24,-29,pkjslm/QdDRfGhT4gzIHdXSOf1A=,OGTqRBFjoOBQVrYlqKZlJThCKQc=
-22,-29,pkjslm/QdDRfGhT4gzIHdXSOf1A=,3HDpxeAxQvebXc9o7NlX7g2ie20=
-25,-29,pkjslm/QdDRfGhT4gzIHdXSOf1A=,wIAmxgHJ4Jd2NquGZIgfwnJTTgs=
-23,-29,pkjslm/QdDRfGhT4gzIHdXSOf1A=,OGTqRBFjoOBQVrYlqKZlJThCKQc=
-25,-28,pkjslm/QdDRfGhT4gzIHdXSOf1A=,y6NQnlD4q2f9+iD5JesL3ejb4UM=
-22,-28,pkjslm/QdDRfGhT4gzIHdXSOf1A=,FoJUU17AQZ7dtEZXjWEAC4/qXXw=
-23,-28,pkjslm/QdDRfGhT4gzIHdXSOf1A=,TkaqftODWSwDRdahc/KbxuXBR8k=
-25,-30,pkjslm/QdDRfGhT4gzIHdXSOf1A=,wIAmxgHJ4Jd2NquGZIgfwnJTTgs=
-24,-28,pkjslm/QdDRfGhT4gzIHdXSOf1A=,TkaqftODWSwDRdahc/KbxuXBR8k=
-22,-30,pkjslm/QdDRfGhT4gzIHdXSOf1A=,3HDpxeAxQvebXc9o7NlX7g2ie20=
-23,-30,pkjslm/QdDRfGhT4gzIHdXSOf1A=,OGTqRBFjoOBQVrYlqKZlJThCKQc=
-24,-30,pkjslm/QdDRfGhT4gzIHdXSOf1A=,OGTqRBFjoOBQVrYlqKZlJThCKQc=
-31,-10,pkjslm/QdDRfGhT4gzIHdXSOf1A=,N4vbRBczWaxQBGNofLVveE+dnH4=
-31,-11,pkjslm/QdDRfGhT4gzIHdXSOf1A=,sUFC7JxZ4tvk+E3O83gLH267qbI=
-30,-11,pkjslm/QdDRfGhT4gzIHdXSOf1A=,jtem0Jdb/PhsVbv0k5VEAyczXSY=
-30,-10,pkjslm/QdDRfGhT4gzIHdXSOf1A=,kLnYCbPhjx01PMCZVrirXNBGvGg=
-29,-11,pkjslm/QdDRfGhT4gzIHdXSOf1A=,jtem0Jdb/PhsVbv0k5VEAyczXSY=
-29,-10,pkjslm/QdDRfGhT4gzIHdXSOf1A=,kLnYCbPhjx01PMCZVrirXNBGvGg=
-28,-10,pkjslm/QdDRfGhT4gzIHdXSOf1A=,kMOnPTMAT9orX6MsLop/MpZ497k=
-28,-11,pkjslm/QdDRfGhT4gzIHdXSOf1A=,NgE6LTzMXHhhg4ufbKAv+IU+K+s=
-27,-10,pkjslm/QdDRfGhT4gzIHdXSOf1A=,kMOnPTMAT9orX6MsLop/MpZ497k=
-27,-11,pkjslm/QdDRfGhT4gzIHdXSOf1A=,NgE6LTzMXHhhg4ufbKAv+IU+K+s=
-26,-11,pkjslm/QdDRfGhT4gzIHdXSOf1A=,wnjEYipmittlhlULk945VlzCLx4=
-26,-10,pkjslm/QdDRfGhT4gzIHdXSOf1A=,RIRRIjr3DsJFPnZ58mpKGYBiW4Y=
-25,-10,pkjslm/QdDRfGhT4gzIHdXSOf1A=,RIRRIjr3DsJFPnZ58mpKGYBiW4Y=
-24,-10,pkjslm/QdDRfGhT4gzIHdXSOf1A=,bkACBi/mAjVTlF57TSI1pDHaIqw=
-24,-11,pkjslm/QdDRfGhT4gzIHdXSOf1A=,t7boszS0LZqapG35Arh549koQX8=
-25,-11,pkjslm/QdDRfGhT4gzIHdXSOf1A=,wnjEYipmittlhlULk945VlzCLx4=
-25,-13,pkjslm/QdDRfGhT4gzIHdXSOf1A=,+FiXjUK3LnKW8sU7/9p2dGNeukk=
-24,-13,pkjslm/QdDRfGhT4gzIHdXSOf1A=,u9+0wOH87IFpc+X7rvYMftJOgFE=
-25,-12,pkjslm/QdDRfGhT4gzIHdXSOf1A=,wnjEYipmittlhlULk945VlzCLx4=
-24,-12,pkjslm/QdDRfGhT4gzIHdXSOf1A=,t7boszS0LZqapG35Arh549koQX8=
-25,-15,pkjslm/QdDRfGhT4gzIHdXSOf1A=,fyqiBH7+BEXbcPRAhOgi8cShACE=
-24,-14,pkjslm/QdDRfGhT4gzIHdXSOf1A=,u9+0wOH87IFpc+X7rvYMftJOgFE=
-25,-14,pkjslm/QdDRfGhT4gzIHdXSOf1A=,+FiXjUK3LnKW8sU7/9p2dGNeukk=
-24,-15,pkjslm/QdDRfGhT4gzIHdXSOf1A=,RVKLAIiYWDvwcepwfrqybogtx+Y=
-22,-10,pkjslm/QdDRfGhT4gzIHdXSOf1A=,lcWXJq6z0IwrFbsHVDbh0PP+A5s=
-22,-11,pkjslm/QdDRfGhT4gzIHdXSOf1A=,R8rK7cx2acKj4YCH1Bp/aaGWHZQ=
-23,-10,8+7ftBPO/zFMUIU5Ry1Dv6dxAAM=,bkACBi/mAjVTlF57TSI1pDHaIqw=
-23,-11,8+7ftBPO/zFMUIU5Ry1Dv6dxAAM=,t7boszS0LZqapG35Arh549koQX8=
-23,-13,8+7ftBPO/zFMUIU5Ry1Dv6dxAAM=,u9+0wOH87IFpc+X7rvYMftJOgFE=
-22,-15,8+7ftBPO/zFMUIU5Ry1Dv6dxAAM=,Y7S1oLLUM82zgkFM9/XioCq7IhY=
-23,-12,8+7ftBPO/zFMUIU5Ry1Dv6dxAAM=,t7boszS0LZqapG35Arh549koQX8=
-22,-12,8+7ftBPO/zFMUIU5Ry1Dv6dxAAM=,R8rK7cx2acKj4YCH1Bp/aaGWHZQ=
-23,-15,8+7ftBPO/zFMUIU5Ry1Dv6dxAAM=,RVKLAIiYWDvwcepwfrqybogtx+Y=
-22,-13,8+7ftBPO/zFMUIU5Ry1Dv6dxAAM=,dhQL/rk0TYYzEmwhzy3B1dKttKc=
-22,-14,8+7ftBPO/zFMUIU5Ry1Dv6dxAAM=,dhQL/rk0TYYzEmwhzy3B1dKttKc=
-23,-14,8+7ftBPO/zFMUIU5Ry1Dv6dxAAM=,u9+0wOH87IFpc+X7rvYMftJOgFE=
-21,-11,8+7ftBPO/zFMUIU5Ry1Dv6dxAAM=,R8rK7cx2acKj4YCH1Bp/aaGWHZQ=
-20,-10,8+7ftBPO/zFMUIU5Ry1Dv6dxAAM=,RzAU2EsJ84z8Gew0SyxeifMNhjo=
-21,-10,8+7ftBPO/zFMUIU5Ry1Dv6dxAAM=,lcWXJq6z0IwrFbsHVDbh0PP+A5s=
-20,-11,8+7ftBPO/zFMUIU5Ry1Dv6dxAAM=,7pKBHurASUHJJ0xr9mzvLL1j1NM=
-21,-12,8+7ftBPO/zFMUIU5Ry1Dv6dxAAM=,R8rK7cx2acKj4YCH1Bp/aaGWHZQ=
-20,-12,8+7ftBPO/zFMUIU5Ry1Dv6dxAAM=,7pKBHurASUHJJ0xr9mzvLL1j1NM=
-20,-13,8+7ftBPO/zFMUIU5Ry1Dv6dxAAM=,/G19YigkhRT52O8dCCOGxykGC18=
-21,-13,8+7ftBPO/zFMUIU5Ry1Dv6dxAAM=,dhQL/rk0TYYzEmwhzy3B1dKttKc=
-21,-9,8+7ftBPO/zFMUIU5Ry1Dv6dxAAM=,lcWXJq6z0IwrFbsHVDbh0PP+A5s=
-20,-9,8+7ftBPO/zFMUIU5Ry1Dv6dxAAM=,RzAU2EsJ84z8Gew0SyxeifMNhjo=
-21,-8,8+7ftBPO/zFMUIU5Ry1Dv6dxAAM=,+gjd3n1eBgdTTKjeoI3KLX3ThZA=
-20,-8,8+7ftBPO/zFMUIU5Ry1Dv6dxAAM=,ZJFk79i3W7ArhtVXoPuh40Q2km8=
-22,-9,8+7ftBPO/zFMUIU5Ry1Dv6dxAAM=,lcWXJq6z0IwrFbsHVDbh0PP+A5s=
-24,-9,8+7ftBPO/zFMUIU5Ry1Dv6dxAAM=,bkACBi/mAjVTlF57TSI1pDHaIqw=
-22,-8,8+7ftBPO/zFMUIU5Ry1Dv6dxAAM=,+gjd3n1eBgdTTKjeoI3KLX3ThZA=
-23,-9,8+7ftBPO/zFMUIU5Ry1Dv6dxAAM=,bkACBi/mAjVTlF57TSI1pDHaIqw=
-25,-8,8+7ftBPO/zFMUIU5Ry1Dv6dxAAM=,eFH+335SbkBygwBd5Ruj1JYep6s=
-25,-9,8+7ftBPO/zFMUIU5Ry1Dv6dxAAM=,RIRRIjr3DsJFPnZ58mpKGYBiW4Y=
-23,-8,8+7ftBPO/zFMUIU5Ry1Dv6dxAAM=,S64jPypmHdS2V+uSF3Eo7FsVbnk=
-24,-8,8+7ftBPO/zFMUIU5Ry1Dv6dxAAM=,S64jPypmHdS2V+uSF3Eo7FsVbnk=
-21,-6,8+7ftBPO/zFMUIU5Ry1Dv6dxAAM=,5VG95wpb1qbU34MXxOBwnubfF4A=
-21,-7,8+7ftBPO/zFMUIU5Ry1Dv6dxAAM=,+gjd3n1eBgdTTKjeoI3KLX3ThZA=
-20,-6,8+7ftBPO/zFMUIU5Ry1Dv6dxAAM=,Lx4gbOb8O6c0N3FvvsQ1GEtkhkM=
-20,-7,8+7ftBPO/zFMUIU5Ry1Dv6dxAAM=,ZJFk79i3W7ArhtVXoPuh40Q2km8=
-21,-5,8+7ftBPO/zFMUIU5Ry1Dv6dxAAM=,5VG95wpb1qbU34MXxOBwnubfF4A=
-21,-4,8+7ftBPO/zFMUIU5Ry1Dv6dxAAM=,BdZlN5uf8WFsndWcKJiq6uPKvj0=
-20,-4,8+7ftBPO/zFMUIU5Ry1Dv6dxAAM=,ZhAphgllYOUGnlK60CmY636udlA=
-20,-5,8+7ftBPO/zFMUIU5Ry1Dv6dxAAM=,Lx4gbOb8O6c0N3FvvsQ1GEtkhkM=
-21,-3,8+7ftBPO/zFMUIU5Ry1Dv6dxAAM=,BdZlN5uf8WFsndWcKJiq6uPKvj0=
-20,-3,8+7ftBPO/zFMUIU5Ry1Dv6dxAAM=,ZhAphgllYOUGnlK60CmY636udlA=
-20,-2,8+7ftBPO/zFMUIU5Ry1Dv6dxAAM=,fdP4OI6aF7UGpGCTvz6lkUqrLvs=
-21,-2,8+7ftBPO/zFMUIU5Ry1Dv6dxAAM=,vh5aKr9yamWzKRMtJkwyFKfdQ0Q=
-18,-5,8+7ftBPO/zFMUIU5Ry1Dv6dxAAM=,YPm3/zWV2vyeh4I0whF1T3uw4mY=
-18,-4,8+7ftBPO/zFMUIU5Ry1Dv6dxAAM=,xTu5ogJGAyFKThsni93myAu4ZyQ=
-19,-5,8+7ftBPO/zFMUIU5Ry1Dv6dxAAM=,Lx4gbOb8O6c0N3FvvsQ1GEtkhkM=
-19,-4,8+7ftBPO/zFMUIU5Ry1Dv6dxAAM=,ZhAphgllYOUGnlK60CmY636udlA=
-18,-3,8+7ftBPO/zFMUIU5Ry1Dv6dxAAM=,xTu5ogJGAyFKThsni93myAu4ZyQ=
-18,-2,8+7ftBPO/zFMUIU5Ry1Dv6dxAAM=,4WSmtZDq9IEkHZBXHR5Glznd63w=
-19,-3,8+7ftBPO/zFMUIU5Ry1Dv6dxAAM=,ZhAphgllYOUGnlK60CmY636udlA=
-19,-2,8+7ftBPO/zFMUIU5Ry1Dv6dxAAM=,fdP4OI6aF7UGpGCTvz6lkUqrLvs=
-19,-6,8+7ftBPO/zFMUIU5Ry1Dv6dxAAM=,Lx4gbOb8O6c0N3FvvsQ1GEtkhkM=
-18,-6,8+7ftBPO/zFMUIU5Ry1Dv6dxAAM=,YPm3/zWV2vyeh4I0whF1T3uw4mY=
-18,-7,8+7ftBPO/zFMUIU5Ry1Dv6dxAAM=,9lrSLgmkOGDxd0XfelM2nw6tqmQ=
-19,-7,8+7ftBPO/zFMUIU5Ry1Dv6dxAAM=,ZJFk79i3W7ArhtVXoPuh40Q2km8=
-19,-9,8+7ftBPO/zFMUIU5Ry1Dv6dxAAM=,RzAU2EsJ84z8Gew0SyxeifMNhjo=
-18,-9,8+7ftBPO/zFMUIU5Ry1Dv6dxAAM=,VwUgOwbY0hv9ZFa5vgUKlBACXtc=
-19,-8,8+7ftBPO/zFMUIU5Ry1Dv6dxAAM=,ZJFk79i3W7ArhtVXoPuh40Q2km8=
-18,-8,8+7ftBPO/zFMUIU5Ry1Dv6dxAAM=,9lrSLgmkOGDxd0XfelM2nw6tqmQ=
-19,-10,8+7ftBPO/zFMUIU5Ry1Dv6dxAAM=,RzAU2EsJ84z8Gew0SyxeifMNhjo=
-19,-13,8+7ftBPO/zFMUIU5Ry1Dv6dxAAM=,/G19YigkhRT52O8dCCOGxykGC18=
-22,-16,8+7ftBPO/zFMUIU5Ry1Dv6dxAAM=,Y7S1oLLUM82zgkFM9/XioCq7IhY=
-18,-10,8+7ftBPO/zFMUIU5Ry1Dv6dxAAM=,VwUgOwbY0hv9ZFa5vgUKlBACXtc=
-17,-13,8+7ftBPO/zFMUIU5Ry1Dv6dxAAM=,8R3OCR6y17Q6+sWJVtY5nPC0iBI=
-23,-16,8+7ftBPO/zFMUIU5Ry1Dv6dxAAM=,RVKLAIiYWDvwcepwfrqybogtx+Y=
-19,-12,8+7ftBPO/zFMUIU5Ry1Dv6dxAAM=,7pKBHurASUHJJ0xr9mzvLL1j1NM=
-18,-11,8+7ftBPO/zFMUIU5Ry1Dv6dxAAM=,l1lw+2JLPU/jaKWgOe4lgBfhyiw=
-19,-11,8+7ftBPO/zFMUIU5Ry1Dv6dxAAM=,7pKBHurASUHJJ0xr9mzvLL1j1NM=
-17,-12,nSrHJzMj6ekGNShmdO777IubF3s=,l1lw+2JLPU/jaKWgOe4lgBfhyiw=
-18,-13,nSrHJzMj6ekGNShmdO777IubF3s=,8R3OCR6y17Q6+sWJVtY5nPC0iBI=
-24,-16,nSrHJzMj6ekGNShmdO777IubF3s=,RVKLAIiYWDvwcepwfrqybogtx+Y=
-18,-12,nSrHJzMj6ekGNShmdO777IubF3s=,l1lw+2JLPU/jaKWgOe4lgBfhyiw=
-25,-16,nSrHJzMj6ekGNShmdO777IubF3s=,fyqiBH7+BEXbcPRAhOgi8cShACE=
-31,-12,nSrHJzMj6ekGNShmdO777IubF3s=,sUFC7JxZ4tvk+E3O83gLH267qbI=
-30,-12,nSrHJzMj6ekGNShmdO777IubF3s=,jtem0Jdb/PhsVbv0k5VEAyczXSY=
-30,-13,nSrHJzMj6ekGNShmdO777IubF3s=,Ce0gjF+H5N9ZA8F8OAlDHfLFZT8=
-29,-9,nSrHJzMj6ekGNShmdO777IubF3s=,kLnYCbPhjx01PMCZVrirXNBGvGg=
-27,-9,nSrHJzMj6ekGNShmdO777IubF3s=,kMOnPTMAT9orX6MsLop/MpZ497k=
-27,-16,nSrHJzMj6ekGNShmdO777IubF3s=,9LK8QZmAsvtaZNfkUpnxXiG1NkE=
-28,-9,nSrHJzMj6ekGNShmdO777IubF3s=,kMOnPTMAT9orX6MsLop/MpZ497k=
-26,-16,nSrHJzMj6ekGNShmdO777IubF3s=,fyqiBH7+BEXbcPRAhOgi8cShACE=
-26,-8,nSrHJzMj6ekGNShmdO777IubF3s=,eFH+335SbkBygwBd5Ruj1JYep6s=
-26,-9,nSrHJzMj6ekGNShmdO777IubF3s=,RIRRIjr3DsJFPnZ58mpKGYBiW4Y=
-28,-16,nSrHJzMj6ekGNShmdO777IubF3s=,9LK8QZmAsvtaZNfkUpnxXiG1NkE=
-30,-15,nSrHJzMj6ekGNShmdO777IubF3s=,qy0WnIWOpxfKRNK1q2+PROC+99c=
-30,-16,nSrHJzMj6ekGNShmdO777IubF3s=,qy0WnIWOpxfKRNK1q2+PROC+99c=
-30,-14,nSrHJzMj6ekGNShmdO777IubF3s=,Ce0gjF+H5N9ZA8F8OAlDHfLFZT8=
-28,-13,nSrHJzMj6ekGNShmdO777IubF3s=,x7fFLZMJvKVpp+rGBGP8hXVAlrc=
-27,-15,nSrHJzMj6ekGNShmdO777IubF3s=,9LK8QZmAsvtaZNfkUpnxXiG1NkE=
-29,-16,nSrHJzMj6ekGNShmdO777IubF3s=,qy0WnIWOpxfKRNK1q2+PROC+99c=
-29,-13,nSrHJzMj6ekGNShmdO777IubF3s=,Ce0gjF+H5N9ZA8F8OAlDHfLFZT8=
-26,-14,nSrHJzMj6ekGNShmdO777IubF3s=,+FiXjUK3LnKW8sU7/9p2dGNeukk=
-26,-12,nSrHJzMj6ekGNShmdO777IubF3s=,wnjEYipmittlhlULk945VlzCLx4=
-26,-13,nSrHJzMj6ekGNShmdO777IubF3s=,+FiXjUK3LnKW8sU7/9p2dGNeukk=
-29,-14,nSrHJzMj6ekGNShmdO777IubF3s=,Ce0gjF+H5N9ZA8F8OAlDHfLFZT8=
-28,-12,nSrHJzMj6ekGNShmdO777IubF3s=,NgE6LTzMXHhhg4ufbKAv+IU+K+s=
-26,-15,nSrHJzMj6ekGNShmdO777IubF3s=,fyqiBH7+BEXbcPRAhOgi8cShACE=
-28,-15,nSrHJzMj6ekGNShmdO777IubF3s=,9LK8QZmAsvtaZNfkUpnxXiG1NkE=
-29,-12,nSrHJzMj6ekGNShmdO777IubF3s=,jtem0Jdb/PhsVbv0k5VEAyczXSY=
-29,-15,nSrHJzMj6ekGNShmdO777IubF3s=,qy0WnIWOpxfKRNK1q2+PROC+99c=
-28,-14,nSrHJzMj6ekGNShmdO777IubF3s=,x7fFLZMJvKVpp+rGBGP8hXVAlrc=
-27,-14,nSrHJzMj6ekGNShmdO777IubF3s=,x7fFLZMJvKVpp+rGBGP8hXVAlrc=
-27,-13,nSrHJzMj6ekGNShmdO777IubF3s=,x7fFLZMJvKVpp+rGBGP8hXVAlrc=
-27,-12,nSrHJzMj6ekGNShmdO777IubF3s=,NgE6LTzMXHhhg4ufbKAv+IU+K+s=
-19,-15,nSrHJzMj6ekGNShmdO777IubF3s=,rNBOlR63huVaoCEPyMir2552Fng=
-19,-14,nSrHJzMj6ekGNShmdO777IubF3s=,/G19YigkhRT52O8dCCOGxykGC18=
-18,-15,nSrHJzMj6ekGNShmdO777IubF3s=,tTD0LipO7ubWt7UeYuTPgJcaEXo=
-19,-16,nSrHJzMj6ekGNShmdO777IubF3s=,rNBOlR63huVaoCEPyMir2552Fng=
-18,-14,nSrHJzMj6ekGNShmdO777IubF3s=,8R3OCR6y17Q6+sWJVtY5nPC0iBI=
-20,-15,nSrHJzMj6ekGNShmdO777IubF3s=,rNBOlR63huVaoCEPyMir2552Fng=
-21,-15,nSrHJzMj6ekGNShmdO777IubF3s=,Y7S1oLLUM82zgkFM9/XioCq7IhY=
-18,-16,nSrHJzMj6ekGNShmdO777IubF3s=,tTD0LipO7ubWt7UeYuTPgJcaEXo=
-21,-16,nSrHJzMj6ekGNShmdO777IubF3s=,Y7S1oLLUM82zgkFM9/XioCq7IhY=
-20,-16,nSrHJzMj6ekGNShmdO777IubF3s=,rNBOlR63huVaoCEPyMir2552Fng=
-20,-14,nSrHJzMj6ekGNShmdO777IubF3s=,/G19YigkhRT52O8dCCOGxykGC18=
-21,-14,nSrHJzMj6ekGNShmdO777IubF3s=,dhQL/rk0TYYzEmwhzy3B1dKttKc=
-22,-6,nSrHJzMj6ekGNShmdO777IubF3s=,5VG95wpb1qbU34MXxOBwnubfF4A=
-23,-6,nSrHJzMj6ekGNShmdO777IubF3s=,5JERsRhgoVf2Vt2pDE5r+FYhZjA=
-23,-7,nSrHJzMj6ekGNShmdO777IubF3s=,S64jPypmHdS2V+uSF3Eo7FsVbnk=
-24,-6,nSrHJzMj6ekGNShmdO777IubF3s=,5JERsRhgoVf2Vt2pDE5r+FYhZjA=
-25,-6,nSrHJzMj6ekGNShmdO777IubF3s=,+5ebyOQrAY38NQFe0A+ilxZpz5E=
-22,-7,nSrHJzMj6ekGNShmdO777IubF3s=,+gjd3n1eBgdTTKjeoI3KLX3ThZA=
-24,-7,nSrHJzMj6ekGNShmdO777IubF3s=,S64jPypmHdS2V+uSF3Eo7FsVbnk=
-25,-7,nSrHJzMj6ekGNShmdO777IubF3s=,eFH+335SbkBygwBd5Ruj1JYep6s=
-30,-9,nSrHJzMj6ekGNShmdO777IubF3s=,kLnYCbPhjx01PMCZVrirXNBGvGg=
-31,-9,nSrHJzMj6ekGNShmdO777IubF3s=,N4vbRBczWaxQBGNofLVveE+dnH4=
-21,-1,nSrHJzMj6ekGNShmdO777IubF3s=,vh5aKr9yamWzKRMtJkwyFKfdQ0Q=
-26,-5,nSrHJzMj6ekGNShmdO777IubF3s=,+5ebyOQrAY38NQFe0A+ilxZpz5E=
-26,-4,nSrHJzMj6ekGNShmdO777IubF3s=,WV/jxJXfYk8U9QLNryr0Vu1bkzc=
-26,-7,nSrHJzMj6ekGNShmdO777IubF3s=,eFH+335SbkBygwBd5Ruj1JYep6s=
-22,-5,nSrHJzMj6ekGNShmdO777IubF3s=,5VG95wpb1qbU34MXxOBwnubfF4A=
-26,-6,nSrHJzMj6ekGNShmdO777IubF3s=,+5ebyOQrAY38NQFe0A+ilxZpz5E=
-25,-4,nSrHJzMj6ekGNShmdO777IubF3s=,WV/jxJXfYk8U9QLNryr0Vu1bkzc=
-20,-1,nSrHJzMj6ekGNShmdO777IubF3s=,fdP4OI6aF7UGpGCTvz6lkUqrLvs=
-23,-5,nSrHJzMj6ekGNShmdO777IubF3s=,5JERsRhgoVf2Vt2pDE5r+FYhZjA=
-24,-5,nSrHJzMj6ekGNShmdO777IubF3s=,5JERsRhgoVf2Vt2pDE5r+FYhZjA=
-24,-4,nSrHJzMj6ekGNShmdO777IubF3s=,DtIz9p6X32IbmkWX2950dCnApOM=
-22,-4,nSrHJzMj6ekGNShmdO777IubF3s=,BdZlN5uf8WFsndWcKJiq6uPKvj0=
-25,-5,nSrHJzMj6ekGNShmdO777IubF3s=,+5ebyOQrAY38NQFe0A+ilxZpz5E=
-23,-4,nSrHJzMj6ekGNShmdO777IubF3s=,DtIz9p6X32IbmkWX2950dCnApOM=
-17,-10,nSrHJzMj6ekGNShmdO777IubF3s=,VwUgOwbY0hv9ZFa5vgUKlBACXtc=
-17,-9,nSrHJzMj6ekGNShmdO777IubF3s=,VwUgOwbY0hv9ZFa5vgUKlBACXtc=
-26,-1,nSrHJzMj6ekGNShmdO777IubF3s=,AWSRzaAOCNpoTb0/BU6j6kDKFu8=
-17,-8,nSrHJzMj6ekGNShmdO777IubF3s=,9lrSLgmkOGDxd0XfelM2nw6tqmQ=
-26,-2,nSrHJzMj6ekGNShmdO777IubF3s=,AWSRzaAOCNpoTb0/BU6j6kDKFu8=
-32,-9,nSrHJzMj6ekGNShmdO777IubF3s=,N4vbRBczWaxQBGNofLVveE+dnH4=
-32,-11,nSrHJzMj6ekGNShmdO777IubF3s=,sUFC7JxZ4tvk+E3O83gLH267qbI=
-26,-3,nSrHJzMj6ekGNShmdO777IubF3s=,WV/jxJXfYk8U9QLNryr0Vu1bkzc=
-32,-10,nSrHJzMj6ekGNShmdO777IubF3s=,N4vbRBczWaxQBGNofLVveE+dnH4=
-17,-11,nSrHJzMj6ekGNShmdO777IubF3s=,l1lw+2JLPU/jaKWgOe4lgBfhyiw=
-17,-7,nSrHJzMj6ekGNShmdO777IubF3s=,9lrSLgmkOGDxd0XfelM2nw6tqmQ=
-32,-12,nSrHJzMj6ekGNShmdO777IubF3s=,sUFC7JxZ4tvk+E3O83gLH267qbI=
-17,-4,nSrHJzMj6ekGNShmdO777IubF3s=,xTu5ogJGAyFKThsni93myAu4ZyQ=
-17,-5,nSrHJzMj6ekGNShmdO777IubF3s=,YPm3/zWV2vyeh4I0whF1T3uw4mY=
-17,-6,nSrHJzMj6ekGNShmdO777IubF3s=,YPm3/zWV2vyeh4I0whF1T3uw4mY=
-17,-3,nSrHJzMj6ekGNShmdO777IubF3s=,xTu5ogJGAyFKThsni93myAu4ZyQ=
-17,-2,nSrHJzMj6ekGNShmdO777IubF3s=,4WSmtZDq9IEkHZBXHR5Glznd63w=
-17,-16,nSrHJzMj6ekGNShmdO777IubF3s=,tTD0LipO7ubWt7UeYuTPgJcaEXo=
-17,-15,nSrHJzMj6ekGNShmdO777IubF3s=,tTD0LipO7ubWt7UeYuTPgJcaEXo=
-17,-14,nSrHJzMj6ekGNShmdO777IubF3s=,8R3OCR6y17Q6+sWJVtY5nPC0iBI=
-17,-1,nSrHJzMj6ekGNShmdO777IubF3s=,4WSmtZDq9IEkHZBXHR5Glznd63w=
-18,-1,nSrHJzMj6ekGNShmdO777IubF3s=,4WSmtZDq9IEkHZBXHR5Glznd63w=
-19,-1,nSrHJzMj6ekGNShmdO777IubF3s=,fdP4OI6aF7UGpGCTvz6lkUqrLvs=
-25,-3,nSrHJzMj6ekGNShmdO777IubF3s=,WV/jxJXfYk8U9QLNryr0Vu1bkzc=
-22,-1,nSrHJzMj6ekGNShmdO777IubF3s=,vh5aKr9yamWzKRMtJkwyFKfdQ0Q=
-24,-3,nSrHJzMj6ekGNShmdO777IubF3s=,DtIz9p6X32IbmkWX2950dCnApOM=
-23,-1,nSrHJzMj6ekGNShmdO777IubF3s=,GnE1HjzncJz2mbejmQF8FqLQkFk=
-24,-2,nSrHJzMj6ekGNShmdO777IubF3s=,GnE1HjzncJz2mbejmQF8FqLQkFk=
-22,-3,nSrHJzMj6ekGNShmdO777IubF3s=,BdZlN5uf8WFsndWcKJiq6uPKvj0=
-22,-2,nSrHJzMj6ekGNShmdO777IubF3s=,vh5aKr9yamWzKRMtJkwyFKfdQ0Q=
-25,-2,nSrHJzMj6ekGNShmdO777IubF3s=,AWSRzaAOCNpoTb0/BU6j6kDKFu8=
-23,-3,nSrHJzMj6ekGNShmdO777IubF3s=,DtIz9p6X32IbmkWX2950dCnApOM=
-25,-1,nSrHJzMj6ekGNShmdO777IubF3s=,AWSRzaAOCNpoTb0/BU6j6kDKFu8=
-23,-2,nSrHJzMj6ekGNShmdO777IubF3s=,GnE1HjzncJz2mbejmQF8FqLQkFk=
-24,-1,nSrHJzMj6ekGNShmdO777IubF3s=,GnE1HjzncJz2mbejmQF8FqLQkFk=
