32,20,AFO2uFn+GuKi3HZTeW3C6PYtzjE=,MlWRQiM641jlByFN6/35AgYF6OE=
32,23,AFO2uFn+GuKi3HZTeW3C6PYtzjE=,MlWRQiM641jlByFN6/35AgYF6OE=
32,24,AFO2uFn+GuKi3HZTeW3C6PYtzjE=,MlWRQiM641jlByFN6/35AgYF6OE=
32,25,AFO2uFn+GuKi3HZTeW3C6PYtzjE=,MlWRQiM641jlByFN6/35AgYF6OE=
32,26,AFO2uFn+GuKi3HZTeW3C6PYtzjE=,MlWRQiM641jlByFN6/35AgYF6OE=
32,31,AFO2uFn+GuKi3HZTeW3C6PYtzjE=,MlWRQiM641jlByFN6/35AgYF6OE=
33,21,AFO2uFn+GuKi3HZTeW3C6PYtzjE=,MlWRQiM641jlByFN6/35AgYF6OE=
33,20,AFO2uFn+GuKi3HZTeW3C6PYtzjE=,MlWRQiM641jlByFN6/35AgYF6OE=
33,27,AFO2uFn+GuKi3HZTeW3C6PYtzjE=,MlWRQiM641jlByFN6/35AgYF6OE=
33,26,AFO2uFn+GuKi3HZTeW3C6PYtzjE=,MlWRQiM641jlByFN6/35AgYF6OE=
34,20,Q4XSYFVHPCRA/IZb/GUEQ1IK3ys=,MlWRQiM641jlByFN6/35AgYF6OE=
34,21,Q4XSYFVHPCRA/IZb/GUEQ1IK3ys=,MlWRQiM641jlByFN6/35AgYF6OE=
34,27,Q4XSYFVHPCRA/IZb/GUEQ1IK3ys=,MlWRQiM641jlByFN6/35AgYF6OE=
35,19,Q4XSYFVHPCRA/IZb/GUEQ1IK3ys=,MlWRQiM641jlByFN6/35AgYF6OE=
35,20,Q4XSYFVHPCRA/IZb/GUEQ1IK3ys=,MlWRQiM641jlByFN6/35AgYF6OE=
35,27,Q4XSYFVHPCRA/IZb/GUEQ1IK3ys=,MlWRQiM641jlByFN6/35AgYF6OE=
35,29,Q4XSYFVHPCRA/IZb/GUEQ1IK3ys=,MlWRQiM641jlByFN6/35AgYF6OE=
35,28,Q4XSYFVHPCRA/IZb/GUEQ1IK3ys=,MlWRQiM641jlByFN6/35AgYF6OE=
36,20,Q4XSYFVHPCRA/IZb/GUEQ1IK3ys=,MlWRQiM641jlByFN6/35AgYF6OE=
36,28,Q4XSYFVHPCRA/IZb/GUEQ1IK3ys=,MlWRQiM641jlByFN6/35AgYF6OE=
36,29,vtAg86yPGNHdgZfzsyNuNWyIIvM=,MlWRQiM641jlByFN6/35AgYF6OE=
36,30,vtAg86yPGNHdgZfzsyNuNWyIIvM=,MlWRQiM641jlByFN6/35AgYF6OE=
36,31,vtAg86yPGNHdgZfzsyNuNWyIIvM=,MlWRQiM641jlByFN6/35AgYF6OE=
37,31,vtAg86yPGNHdgZfzsyNuNWyIIvM=,MlWRQiM641jlByFN6/35AgYF6OE=
